maintenanceExtOperativeNum,extOperativeMaintenanceNumber
1,1
1,2
1,3
1,4
1,5
1,6
1,7
1,8
1,9
1,10
1,11
1,12
1,13
1,14
1,15
1,16
1,17
1,18
1,19
1,20
1,21
1,22
1,23
1,24
1,25
1,26
1,27
1,28
1,29
1,30
1,31
1,32
1,33
1,34
1,35
1,36
1,37
1,38
1,39
1,40
1,41
1,42
1,43
1,44
1,45
1,46
1,47
1,48
1,49
1,50
1,1023
1,1031
1,1044
1,1128
1,1188
1,1193
1,1197
1,1218
1,1233
1,1251
1,1284
1,1319
1,1330
1,1393
1,1395
1,1414
1,1431
1,1501
1,1509
1,1513
1,1553
1,1582
1,1594
1,1617
1,1657
1,1669
1,1676
1,1683
1,1696
1,1749
1,1794
1,1835
1,1843
1,1863
1,1867
1,1870
1,1872
1,1873
1,1886
1,1900
1,1905
1,1912
1,1936
1,1940
1,1948
1,1962
1,1963
1,1965
1,1971
1,1985
1,2000
1,2008
1,2053
1,2056
1,2088
1,2100
1,2193
1,2202
1,2212
1,2267
1,2299
1,2302
1,2304
1,2314
1,2345
1,2366
1,2370
1,2379
1,2389
1,2400
1,2409
1,2450
1,2451
1,2479
1,2485
1,2489
1,2491
1,2503
1,2517
1,2547
1,2564
1,2568
1,2591
1,2595
1,2602
1,2621
1,2643
1,2714
1,2734
1,2739
1,2759
1,2775
1,2808
1,2810
1,2814
1,2815
1,2830
1,2832
1,2875
1,2884
1,2906
1,2921
1,2946
1,2956
1,2969
1,2971
2,51
2,52
2,53
2,54
2,55
2,56
2,57
2,58
2,59
2,60
2,61
2,62
2,63
2,64
2,65
2,66
2,67
2,68
2,69
2,70
2,71
2,72
2,73
2,74
2,75
2,76
2,77
2,78
2,79
2,80
2,81
2,82
2,83
2,84
2,85
2,86
2,87
2,88
2,89
2,90
2,91
2,92
2,93
2,94
2,95
2,96
2,97
2,98
2,99
2,100
2,1037
2,1107
2,1114
2,1117
2,1131
2,1141
2,1162
2,1169
2,1179
2,1183
2,1234
2,1256
2,1258
2,1278
2,1385
2,1390
2,1429
2,1449
2,1456
2,1463
2,1466
2,1486
2,1499
2,1515
2,1529
2,1537
2,1556
2,1572
2,1605
2,1622
2,1634
2,1659
2,1682
2,1685
2,1692
2,1741
2,1788
2,1809
2,1823
2,1855
2,1888
2,1932
2,1938
2,1947
2,1955
2,1975
2,1980
2,1988
2,1999
2,2026
2,2029
2,2064
2,2074
2,2123
2,2126
2,2148
2,2150
2,2153
2,2161
2,2167
2,2223
2,2230
2,2242
2,2261
2,2312
2,2319
2,2324
2,2327
2,2360
2,2384
2,2402
2,2421
2,2430
2,2431
2,2488
2,2490
2,2499
2,2566
2,2587
2,2605
2,2615
2,2616
2,2640
2,2656
2,2688
2,2728
2,2733
2,2744
2,2785
2,2805
2,2831
2,2911
2,2929
2,2953
2,2997
3,102
3,103
3,104
3,105
3,106
3,107
3,108
3,109
3,110
3,111
3,112
3,113
3,114
3,115
3,116
3,117
3,118
3,119
3,120
3,121
3,122
3,123
3,124
3,125
3,126
3,127
3,128
3,129
3,130
3,131
3,132
3,133
3,134
3,135
3,136
3,137
3,138
3,139
3,140
3,141
3,142
3,143
3,144
3,145
3,146
3,147
3,148
3,149
3,150
3,151
3,1050
3,1056
3,1072
3,1083
3,1086
3,1119
3,1123
3,1146
3,1150
3,1209
3,1220
3,1228
3,1259
3,1261
3,1283
3,1312
3,1314
3,1323
3,1324
3,1374
3,1375
3,1400
3,1407
3,1422
3,1423
3,1534
3,1545
3,1577
3,1583
3,1592
3,1596
3,1609
3,1648
3,1651
3,1684
3,1691
3,1699
3,1703
3,1723
3,1725
3,1740
3,1751
3,1764
3,1789
3,1810
3,1829
3,1857
3,1858
3,1861
3,1878
3,1896
3,1944
3,1945
3,1952
3,1966
3,1991
3,1995
3,2092
3,2094
3,2130
3,2162
3,2163
3,2177
3,2214
3,2253
3,2293
3,2301
3,2309
3,2331
3,2343
3,2348
3,2349
3,2383
3,2390
3,2404
3,2460
3,2471
3,2513
3,2534
3,2559
3,2572
3,2573
3,2628
3,2632
3,2641
3,2653
3,2674
3,2675
3,2698
3,2709
3,2732
3,2748
3,2764
3,2819
3,2840
3,2842
3,2846
3,2847
3,2881
3,2890
3,2920
3,2926
3,2967
3,2988
3,2994
3,2999
4,152
4,153
4,154
4,155
4,156
4,157
4,158
4,159
4,160
4,161
4,162
4,163
4,164
4,165
4,166
4,167
4,168
4,169
4,170
4,171
4,172
4,173
4,174
4,175
4,176
4,177
4,178
4,179
4,180
4,181
4,182
4,183
4,184
4,185
4,186
4,187
4,188
4,189
4,190
4,191
4,192
4,193
4,194
4,195
4,196
4,197
4,198
4,199
4,200
4,201
4,1038
4,1062
4,1074
4,1088
4,1106
4,1118
4,1156
4,1157
4,1171
4,1185
4,1211
4,1221
4,1242
4,1254
4,1257
4,1295
4,1304
4,1305
4,1366
4,1388
4,1391
4,1401
4,1406
4,1408
4,1421
4,1451
4,1473
4,1500
4,1514
4,1538
4,1552
4,1562
4,1570
4,1585
4,1610
4,1627
4,1630
4,1636
4,1672
4,1716
4,1718
4,1726
4,1748
4,1759
4,1762
4,1765
4,1768
4,1770
4,1771
4,1800
4,1802
4,1808
4,1821
4,1847
4,1851
4,1880
4,1911
4,1949
4,1986
4,2018
4,2022
4,2054
4,2071
4,2104
4,2116
4,2143
4,2183
4,2191
4,2194
4,2231
4,2246
4,2255
4,2256
4,2265
4,2266
4,2271
4,2316
4,2359
4,2372
4,2374
4,2392
4,2393
4,2401
4,2408
4,2412
4,2456
4,2458
4,2492
4,2493
4,2508
4,2514
4,2528
4,2536
4,2557
4,2589
4,2610
4,2652
4,2657
4,2665
4,2669
4,2670
4,2693
4,2696
4,2726
4,2752
4,2758
4,2818
4,2820
4,2826
4,2848
4,2850
4,2858
4,2868
4,2876
4,2878
4,2912
4,2924
4,2934
4,2936
4,2962
4,2972
4,2974
4,2977
4,2981
4,3000
5,202
5,203
5,204
5,205
5,206
5,207
5,208
5,209
5,210
5,211
5,212
5,213
5,214
5,215
5,216
5,217
5,218
5,219
5,220
5,221
5,222
5,223
5,224
5,225
5,226
5,227
5,228
5,229
5,230
5,231
5,232
5,233
5,234
5,235
5,236
5,237
5,238
5,239
5,240
5,241
5,242
5,243
5,244
5,245
5,246
5,247
5,249
5,250
5,251
5,253
5,264
5,1012
5,1057
5,1069
5,1077
5,1105
5,1112
5,1126
5,1182
5,1184
5,1191
5,1226
5,1248
5,1265
5,1299
5,1307
5,1337
5,1358
5,1381
5,1399
5,1405
5,1412
5,1445
5,1492
5,1504
5,1512
5,1544
5,1547
5,1559
5,1608
5,1619
5,1625
5,1653
5,1661
5,1671
5,1689
5,1690
5,1711
5,1752
5,1757
5,1772
5,1785
5,1799
5,1801
5,1805
5,1816
5,1895
5,1953
5,1968
5,1969
5,1974
5,1983
5,2001
5,2011
5,2033
5,2070
5,2095
5,2096
5,2154
5,2160
5,2182
5,2244
5,2272
5,2328
5,2367
5,2399
5,2449
5,2476
5,2516
5,2570
5,2580
5,2596
5,2612
5,2619
5,2620
5,2625
5,2642
5,2654
5,2660
5,2717
5,2756
5,2767
5,2787
5,2790
5,2793
5,2799
5,2800
5,2801
5,2829
5,2838
5,2841
5,2843
5,2852
5,2861
5,2917
5,2950
5,2961
5,2996
6,248
6,252
6,254
6,255
6,256
6,257
6,258
6,259
6,260
6,261
6,262
6,263
6,265
6,266
6,267
6,268
6,269
6,270
6,271
6,272
6,273
6,275
6,276
6,277
6,278
6,279
6,280
6,281
6,282
6,283
6,284
6,285
6,286
6,287
6,288
6,289
6,290
6,291
6,292
6,293
6,294
6,295
6,296
6,297
6,298
6,299
6,300
6,301
6,1017
6,1018
6,1040
6,1051
6,1099
6,1103
6,1132
6,1138
6,1142
6,1159
6,1163
6,1208
6,1224
6,1239
6,1240
6,1325
6,1328
6,1329
6,1332
6,1353
6,1363
6,1367
6,1415
6,1479
6,1517
6,1541
6,1603
6,1612
6,1623
6,1639
6,1663
6,1670
6,1673
6,1712
6,1756
6,1758
6,1780
6,1782
6,1791
6,1885
6,1902
6,1904
6,1906
6,1918
6,1919
6,1927
6,1967
6,1982
6,2021
6,2025
6,2028
6,2078
6,2082
6,2101
6,2105
6,2111
6,2119
6,2122
6,2155
6,2208
6,2218
6,2241
6,2288
6,2330
6,2342
6,2350
6,2373
6,2388
6,2397
6,2398
6,2407
6,2415
6,2425
6,2435
6,2443
6,2454
6,2497
6,2498
6,2523
6,2527
6,2542
6,2554
6,2569
6,2582
6,2634
6,2692
6,2706
6,2712
6,2719
6,2738
6,2781
6,2782
6,2883
6,2928
6,2957
6,2973
6,2979
6,2982
6,2986
7,274
7,302
7,303
7,304
7,305
7,306
7,307
7,308
7,309
7,310
7,311
7,312
7,313
7,314
7,315
7,316
7,317
7,318
7,319
7,320
7,321
7,322
7,323
7,325
7,326
7,327
7,328
7,329
7,330
7,332
7,333
7,334
7,335
7,336
7,337
7,338
7,339
7,340
7,341
7,342
7,343
7,344
7,345
7,346
7,347
7,348
7,349
7,350
7,351
7,352
7,373
7,393
7,1027
7,1054
7,1091
7,1102
7,1178
7,1199
7,1203
7,1225
7,1232
7,1246
7,1272
7,1289
7,1298
7,1303
7,1345
7,1355
7,1365
7,1433
7,1458
7,1469
7,1487
7,1533
7,1575
7,1576
7,1584
7,1599
7,1602
7,1604
7,1677
7,1704
7,1776
7,1818
7,1824
7,1839
7,1840
7,1849
7,1881
7,1882
7,1890
7,1899
7,1929
7,1931
7,1972
7,1976
7,1978
7,1994
7,2060
7,2067
7,2072
7,2075
7,2098
7,2110
7,2118
7,2187
7,2205
7,2219
7,2279
7,2296
7,2308
7,2323
7,2326
7,2329
7,2358
7,2376
7,2432
7,2433
7,2452
7,2494
7,2543
7,2544
7,2546
7,2583
7,2598
7,2617
7,2622
7,2663
7,2677
7,2715
7,2720
7,2741
7,2749
7,2760
7,2768
7,2824
7,2867
7,2869
7,2904
7,2930
7,2993
8,331
8,353
8,354
8,355
8,356
8,357
8,358
8,359
8,360
8,361
8,362
8,363
8,364
8,365
8,366
8,367
8,368
8,369
8,370
8,371
8,372
8,374
8,375
8,376
8,377
8,378
8,379
8,380
8,381
8,382
8,383
8,384
8,385
8,386
8,387
8,388
8,390
8,391
8,392
8,394
8,395
8,396
8,397
8,398
8,399
8,400
8,401
8,402
8,403
8,1046
8,1129
8,1136
8,1189
8,1216
8,1247
8,1287
8,1343
8,1347
8,1371
8,1382
8,1394
8,1417
8,1426
8,1475
8,1476
8,1478
8,1569
8,1606
8,1620
8,1633
8,1665
8,1666
8,1668
8,1700
8,1702
8,1730
8,1747
8,1803
8,1850
8,1871
8,1883
8,1908
8,1910
8,1989
8,2006
8,2013
8,2049
8,2052
8,2058
8,2062
8,2127
8,2137
8,2139
8,2149
8,2195
8,2210
8,2226
8,2270
8,2283
8,2285
8,2297
8,2305
8,2311
8,2313
8,2332
8,2338
8,2353
8,2356
8,2413
8,2437
8,2441
8,2445
8,2468
8,2524
8,2553
8,2561
8,2607
8,2624
8,2627
8,2633
8,2658
8,2661
8,2702
8,2707
8,2713
8,2729
8,2762
8,2797
8,2821
8,2839
8,2851
8,2872
8,2877
8,2887
8,2897
8,2900
8,2955
8,2960
8,2976
9,404
9,405
9,406
9,407
9,408
9,409
9,410
9,411
9,412
9,413
9,414
9,415
9,416
9,417
9,419
9,420
9,421
9,422
9,423
9,424
9,425
9,426
9,427
9,428
9,429
9,430
9,431
9,432
9,433
9,434
9,435
9,436
9,437
9,438
9,439
9,440
9,442
9,443
9,444
9,445
9,446
9,447
9,448
9,449
9,450
9,451
9,452
9,453
9,482
9,1015
9,1045
9,1058
9,1148
9,1186
9,1204
9,1268
9,1274
9,1313
9,1346
9,1348
9,1413
9,1419
9,1439
9,1441
9,1453
9,1454
9,1483
9,1485
9,1542
9,1554
9,1580
9,1613
9,1615
9,1675
9,1687
9,1688
9,1727
9,1744
9,1750
9,1755
9,1786
9,1793
9,1842
9,1854
9,1879
9,1897
9,1915
9,1917
9,1923
9,1928
9,1950
9,1960
9,1970
9,1993
9,2005
9,2024
9,2043
9,2050
9,2061
9,2076
9,2106
9,2132
9,2135
9,2140
9,2144
9,2179
9,2181
9,2185
9,2188
9,2198
9,2204
9,2249
9,2290
9,2298
9,2303
9,2346
9,2361
9,2368
9,2385
9,2417
9,2419
9,2423
9,2424
9,2439
9,2469
9,2472
9,2487
9,2515
9,2532
9,2540
9,2645
9,2659
9,2666
9,2725
9,2740
9,2754
9,2784
9,2809
9,2811
9,2816
9,2834
9,2866
9,2870
9,2892
9,2941
9,2968
9,2995
10,418
10,441
10,454
10,455
10,456
10,457
10,458
10,459
10,460
10,461
10,462
10,463
10,464
10,465
10,466
10,467
10,468
10,469
10,470
10,471
10,472
10,473
10,474
10,475
10,476
10,477
10,478
10,479
10,480
10,481
10,483
10,484
10,485
10,486
10,487
10,488
10,489
10,490
10,491
10,492
10,493
10,494
10,495
10,496
10,497
10,498
10,499
10,500
10,501
10,502
10,503
10,1019
10,1021
10,1039
10,1055
10,1061
10,1079
10,1089
10,1093
10,1122
10,1140
10,1143
10,1180
10,1181
10,1187
10,1222
10,1241
10,1244
10,1271
10,1301
10,1311
10,1321
10,1331
10,1341
10,1356
10,1364
10,1389
10,1416
10,1428
10,1436
10,1461
10,1495
10,1549
10,1551
10,1555
10,1564
10,1581
10,1586
10,1598
10,1644
10,1674
10,1736
10,1739
10,1760
10,1775
10,1783
10,1787
10,1807
10,1813
10,1831
10,1833
10,1848
10,1852
10,1889
10,1891
10,1898
10,1907
10,1934
10,1946
10,1977
10,2037
10,2038
10,2039
10,2066
10,2086
10,2113
10,2120
10,2169
10,2190
10,2192
10,2229
10,2236
10,2239
10,2252
10,2264
10,2269
10,2276
10,2281
10,2291
10,2295
10,2300
10,2306
10,2315
10,2335
10,2336
10,2352
10,2380
10,2395
10,2396
10,2416
10,2448
10,2465
10,2466
10,2502
10,2537
10,2552
10,2563
10,2577
10,2586
10,2601
10,2671
10,2704
10,2721
10,2724
10,2727
10,2735
10,2746
10,2755
10,2776
10,2807
10,2833
10,2864
10,2907
10,2913
10,2954
11,504
11,505
11,506
11,507
11,508
11,509
11,510
11,511
11,512
11,513
11,514
11,515
11,516
11,517
11,518
11,519
11,520
11,521
11,522
11,523
11,524
11,525
11,526
11,527
11,528
11,529
11,530
11,531
11,532
11,533
11,534
11,535
11,536
11,537
11,539
11,540
11,541
11,542
11,544
11,545
11,546
11,547
11,548
11,549
11,550
11,551
11,552
11,553
11,554
11,555
11,611
11,1033
11,1036
11,1048
11,1100
11,1137
11,1139
11,1167
11,1170
11,1194
11,1213
11,1215
11,1264
11,1282
11,1291
11,1293
11,1294
11,1308
11,1309
11,1335
11,1360
11,1386
11,1396
11,1424
11,1437
11,1472
11,1474
11,1477
11,1484
11,1505
11,1510
11,1511
11,1597
11,1600
11,1607
11,1618
11,1626
11,1660
11,1680
11,1695
11,1697
11,1709
11,1722
11,1728
11,1732
11,1734
11,1754
11,1761
11,1784
11,1790
11,1812
11,1822
11,1826
11,1830
11,1864
11,1874
11,1877
11,1903
11,1909
11,1935
11,1943
11,1973
11,1979
11,1981
11,1996
11,1997
11,2034
11,2045
11,2059
11,2081
11,2117
11,2125
11,2128
11,2131
11,2180
11,2209
11,2213
11,2221
11,2289
11,2317
11,2320
11,2337
11,2347
11,2354
11,2362
11,2375
11,2378
11,2394
11,2410
11,2426
11,2444
11,2462
11,2463
11,2473
11,2482
11,2483
11,2511
11,2525
11,2588
11,2600
11,2609
11,2611
11,2629
11,2655
11,2680
11,2682
11,2684
11,2705
11,2736
11,2804
11,2882
11,2888
11,2893
11,2894
11,2905
11,2939
11,2943
11,2951
11,2952
11,2983
11,2987
12,556
12,557
12,558
12,559
12,560
12,561
12,562
12,563
12,564
12,565
12,566
12,567
12,568
12,569
12,570
12,571
12,572
12,573
12,574
12,575
12,576
12,577
12,578
12,579
12,580
12,581
12,582
12,583
12,584
12,585
12,586
12,587
12,588
12,589
12,590
12,591
12,592
12,593
12,594
12,596
12,597
12,598
12,600
12,601
12,602
12,603
12,604
12,605
12,617
12,663
12,1011
12,1013
12,1090
12,1125
12,1155
12,1161
12,1165
12,1174
12,1175
12,1201
12,1223
12,1230
12,1250
12,1285
12,1297
12,1316
12,1320
12,1344
12,1369
12,1378
12,1397
12,1409
12,1430
12,1443
12,1447
12,1450
12,1494
12,1503
12,1518
12,1519
12,1546
12,1579
12,1649
12,1656
12,1714
12,1720
12,1834
12,1894
12,1925
12,1941
12,1942
12,2007
12,2012
12,2030
12,2041
12,2046
12,2047
12,2145
12,2189
12,2216
12,2237
12,2240
12,2250
12,2287
12,2294
12,2321
12,2339
12,2365
12,2369
12,2403
12,2446
12,2470
12,2475
12,2545
12,2558
12,2574
12,2599
12,2618
12,2630
12,2668
12,2757
12,2763
12,2769
12,2789
12,2803
12,2813
12,2817
12,2836
12,2844
12,2879
12,2889
12,2899
12,2932
12,2933
12,2940
12,2948
12,2970
13,595
13,599
13,606
13,607
13,608
13,609
13,610
13,612
13,613
13,614
13,615
13,616
13,618
13,619
13,620
13,621
13,622
13,623
13,624
13,625
13,626
13,627
13,628
13,629
13,630
13,631
13,632
13,633
13,634
13,635
13,636
13,637
13,638
13,639
13,640
13,641
13,642
13,643
13,644
13,645
13,646
13,647
13,648
13,649
13,650
13,651
13,652
13,653
13,654
13,655
13,1020
13,1042
13,1060
13,1068
13,1075
13,1108
13,1110
13,1120
13,1127
13,1145
13,1152
13,1158
13,1166
13,1173
13,1229
13,1245
13,1263
13,1275
13,1277
13,1279
13,1296
13,1318
13,1326
13,1350
13,1368
13,1376
13,1377
13,1383
13,1418
13,1457
13,1490
13,1498
13,1506
13,1520
13,1528
13,1530
13,1566
13,1573
13,1589
13,1601
13,1628
13,1632
13,1658
13,1705
13,1731
13,1742
13,1767
13,1777
13,1795
13,1836
13,1865
13,1920
13,1924
13,1926
13,2009
13,2040
13,2044
13,2084
13,2133
13,2147
13,2152
13,2157
13,2168
13,2178
13,2196
13,2199
13,2235
13,2245
13,2251
13,2259
13,2275
13,2280
13,2377
13,2386
13,2405
13,2457
13,2506
13,2562
13,2637
13,2638
13,2649
13,2694
13,2773
13,2779
13,2788
13,2795
13,2802
13,2822
13,2856
13,2862
13,2885
13,2910
13,2923
13,2925
13,2963
13,2980
14,656
14,657
14,658
14,659
14,660
14,661
14,662
14,664
14,665
14,666
14,667
14,668
14,669
14,670
14,671
14,672
14,673
14,674
14,675
14,676
14,677
14,678
14,679
14,680
14,681
14,682
14,683
14,684
14,685
14,686
14,687
14,688
14,689
14,690
14,691
14,692
14,693
14,694
14,695
14,696
14,697
14,698
14,699
14,700
14,701
14,702
14,703
14,704
14,705
14,711
14,1026
14,1032
14,1035
14,1067
14,1080
14,1092
14,1101
14,1109
14,1116
14,1124
14,1151
14,1154
14,1176
14,1198
14,1219
14,1231
14,1238
14,1286
14,1306
14,1349
14,1354
14,1384
14,1434
14,1462
14,1465
14,1524
14,1527
14,1531
14,1548
14,1571
14,1578
14,1621
14,1624
14,1642
14,1646
14,1715
14,1733
14,1738
14,1792
14,1811
14,1815
14,1817
14,1838
14,1846
14,1913
14,2014
14,2016
14,2036
14,2048
14,2073
14,2080
14,2091
14,2099
14,2107
14,2112
14,2138
14,2151
14,2159
14,2175
14,2203
14,2207
14,2232
14,2234
14,2286
14,2371
14,2406
14,2436
14,2461
14,2474
14,2480
14,2481
14,2484
14,2504
14,2522
14,2530
14,2603
14,2604
14,2672
14,2685
14,2690
14,2703
14,2716
14,2766
14,2778
14,2786
14,2792
14,2849
14,2853
14,2859
14,2871
14,2908
14,2916
14,2937
14,2942
14,2959
14,2964
14,2966
14,2978
15,706
15,707
15,708
15,709
15,710
15,712
15,713
15,714
15,715
15,716
15,717
15,718
15,719
15,720
15,721
15,722
15,723
15,724
15,725
15,726
15,727
15,728
15,729
15,730
15,731
15,732
15,733
15,734
15,735
15,736
15,737
15,738
15,739
15,740
15,741
15,742
15,743
15,744
15,745
15,746
15,747
15,748
15,749
15,750
15,751
15,752
15,753
15,755
15,1008
15,1049
15,1059
15,1065
15,1081
15,1084
15,1085
15,1133
15,1147
15,1236
15,1260
15,1317
15,1410
15,1427
15,1435
15,1468
15,1482
15,1496
15,1497
15,1516
15,1521
15,1526
15,1550
15,1590
15,1637
15,1643
15,1645
15,1647
15,1693
15,1694
15,1707
15,1713
15,1766
15,1773
15,1778
15,1828
15,1856
15,1860
15,1876
15,1893
15,1901
15,1914
15,1939
15,1951
15,1954
15,1956
15,1959
15,1998
15,2010
15,2019
15,2032
15,2087
15,2102
15,2121
15,2200
15,2222
15,2254
15,2258
15,2307
15,2310
15,2357
15,2411
15,2414
15,2428
15,2429
15,2440
15,2477
15,2486
15,2509
15,2510
15,2512
15,2520
15,2529
15,2539
15,2571
15,2594
15,2606
15,2673
15,2683
15,2695
15,2710
15,2722
15,2794
15,2798
15,2823
15,2827
15,2880
15,2891
15,2896
15,2958
15,2975
16,754
16,756
16,757
16,758
16,759
16,760
16,761
16,762
16,763
16,764
16,765
16,766
16,767
16,768
16,769
16,770
16,771
16,772
16,773
16,774
16,775
16,776
16,777
16,778
16,779
16,780
16,781
16,782
16,783
16,784
16,785
16,786
16,787
16,788
16,789
16,790
16,791
16,792
16,793
16,794
16,795
16,796
16,797
16,798
16,799
16,800
16,801
16,802
16,803
16,804
16,805
16,956
16,1010
16,1043
16,1053
16,1097
16,1202
16,1214
16,1227
16,1255
16,1273
16,1290
16,1300
16,1310
16,1327
16,1357
16,1372
16,1373
16,1402
16,1404
16,1420
16,1425
16,1432
16,1444
16,1481
16,1489
16,1507
16,1535
16,1540
16,1574
16,1631
16,1635
16,1640
16,1678
16,1686
16,1701
16,1708
16,1724
16,1735
16,1769
16,1774
16,1798
16,1820
16,1827
16,1862
16,1884
16,1892
16,1916
16,1930
16,1933
16,1937
16,1964
16,1990
16,2004
16,2017
16,2051
16,2055
16,2069
16,2077
16,2089
16,2115
16,2141
16,2164
16,2171
16,2184
16,2197
16,2215
16,2225
16,2228
16,2238
16,2263
16,2273
16,2274
16,2322
16,2344
16,2381
16,2391
16,2442
16,2501
16,2550
16,2565
16,2576
16,2579
16,2593
16,2597
16,2635
16,2676
16,2689
16,2691
16,2711
16,2718
16,2761
16,2774
16,2783
16,2835
16,2837
16,2845
16,2873
16,2901
16,2915
16,2919
16,2922
16,2949
16,2965
16,2985
17,806
17,807
17,808
17,809
17,810
17,811
17,812
17,813
17,814
17,815
17,816
17,817
17,818
17,819
17,820
17,821
17,822
17,823
17,824
17,825
17,826
17,827
17,828
17,829
17,830
17,831
17,832
17,833
17,834
17,835
17,836
17,837
17,838
17,839
17,840
17,841
17,842
17,843
17,844
17,845
17,846
17,847
17,848
17,849
17,850
17,851
17,852
17,853
17,854
17,855
17,869
17,892
17,1009
17,1028
17,1029
17,1064
17,1073
17,1076
17,1082
17,1094
17,1095
17,1096
17,1104
17,1144
17,1153
17,1164
17,1172
17,1190
17,1262
17,1266
17,1270
17,1292
17,1333
17,1334
17,1342
17,1379
17,1403
17,1411
17,1438
17,1442
17,1470
17,1480
17,1491
17,1493
17,1595
17,1614
17,1638
17,1655
17,1681
17,1698
17,1710
17,1763
17,1779
17,1781
17,1797
17,1832
17,1845
17,1866
17,2003
17,2031
17,2042
17,2068
17,2085
17,2090
17,2114
17,2134
17,2136
17,2142
17,2165
17,2172
17,2174
17,2211
17,2227
17,2277
17,2278
17,2318
17,2333
17,2355
17,2364
17,2447
17,2459
17,2467
17,2507
17,2518
17,2533
17,2575
17,2585
17,2592
17,2608
17,2623
17,2639
17,2646
17,2648
17,2667
17,2686
17,2699
17,2723
17,2731
17,2770
17,2777
17,2812
17,2825
17,2855
17,2860
17,2863
17,2886
17,2898
17,2918
17,2927
17,2931
17,2984
17,2989
18,856
18,857
18,858
18,859
18,860
18,861
18,862
18,863
18,864
18,865
18,866
18,867
18,868
18,870
18,871
18,872
18,873
18,874
18,875
18,876
18,877
18,878
18,879
18,880
18,881
18,882
18,883
18,884
18,885
18,886
18,887
18,888
18,889
18,890
18,891
18,893
18,894
18,895
18,896
18,897
18,898
18,899
18,900
18,901
18,902
18,903
18,904
18,908
18,1024
18,1063
18,1066
18,1070
18,1071
18,1130
18,1206
18,1210
18,1212
18,1235
18,1237
18,1243
18,1267
18,1281
18,1288
18,1315
18,1339
18,1340
18,1352
18,1361
18,1370
18,1380
18,1398
18,1460
18,1467
18,1502
18,1543
18,1563
18,1565
18,1588
18,1650
18,1679
18,1719
18,1743
18,1746
18,1753
18,1804
18,1819
18,1837
18,1841
18,1853
18,1875
18,1921
18,1957
18,1958
18,1984
18,1987
18,2002
18,2015
18,2020
18,2023
18,2035
18,2079
18,2083
18,2103
18,2109
18,2129
18,2166
18,2201
18,2206
18,2220
18,2243
18,2247
18,2248
18,2262
18,2268
18,2292
18,2325
18,2334
18,2340
18,2351
18,2453
18,2478
18,2496
18,2538
18,2541
18,2549
18,2551
18,2567
18,2613
18,2626
18,2636
18,2678
18,2681
18,2737
18,2745
18,2753
18,2765
18,2771
18,2857
18,2895
18,2903
18,2945
18,2991
18,2998
19,905
19,906
19,907
19,909
19,910
19,911
19,912
19,913
19,914
19,915
19,916
19,917
19,918
19,919
19,920
19,921
19,922
19,923
19,924
19,925
19,926
19,927
19,928
19,929
19,930
19,931
19,932
19,933
19,934
19,935
19,936
19,937
19,938
19,939
19,940
19,941
19,942
19,943
19,944
19,945
19,946
19,947
19,948
19,949
19,950
19,951
19,952
19,953
19,954
19,955
19,958
19,961
19,966
19,1014
19,1034
19,1052
19,1087
19,1098
19,1111
19,1113
19,1115
19,1149
19,1192
19,1269
19,1302
19,1336
19,1338
19,1351
19,1359
19,1362
19,1440
19,1446
19,1455
19,1471
19,1488
19,1508
19,1523
19,1532
19,1536
19,1539
19,1560
19,1567
19,1568
19,1587
19,1591
19,1593
19,1654
19,1662
19,1664
19,1667
19,1706
19,1717
19,1721
19,1729
19,1796
19,1806
19,1825
19,1859
19,1868
19,1869
19,1887
19,1961
19,1992
19,2063
19,2065
19,2093
19,2097
19,2108
19,2158
19,2173
19,2176
19,2186
19,2257
19,2260
19,2282
19,2284
19,2382
19,2418
19,2420
19,2455
19,2500
19,2505
19,2519
19,2526
19,2531
19,2535
19,2555
19,2581
19,2584
19,2590
19,2614
19,2651
19,2664
19,2697
19,2700
19,2743
19,2747
19,2751
19,2791
19,2806
19,2865
19,2902
19,2935
19,2944
19,2947
19,2990
19,2992
20,957
20,959
20,960
20,962
20,963
20,964
20,965
20,967
20,968
20,969
20,970
20,973
20,974
20,975
20,976
20,977
20,978
20,979
20,980
20,981
20,982
20,983
20,984
20,985
20,986
20,987
20,988
20,989
20,990
20,991
20,992
20,993
20,994
20,995
20,996
20,997
20,998
20,999
20,1000
20,1001
20,1002
20,1003
20,1004
20,1005
20,1006
20,1007
20,1016
20,1022
20,1025
20,1030
20,1041
20,1047
20,1078
20,1121
20,1134
20,1135
20,1160
20,1168
20,1177
20,1195
20,1196
20,1200
20,1205
20,1207
20,1217
20,1249
20,1252
20,1253
20,1276
20,1280
20,1322
20,1387
20,1392
20,1448
20,1452
20,1459
20,1464
20,1522
20,1525
20,1557
20,1558
20,1561
20,1611
20,1616
20,1629
20,1641
20,1652
20,1737
20,1745
20,1814
20,1844
20,1922
20,2027
20,2057
20,2124
20,2146
20,2156
20,2170
20,2217
20,2224
20,2233
20,2341
20,2363
20,2387
20,2422
20,2427
20,2434
20,2438
20,2464
20,2495
20,2521
20,2548
20,2556
20,2560
20,2578
20,2631
20,2644
20,2647
20,2650
20,2662
20,2679
20,2687
20,2701
20,2708
20,2730
20,2742
20,2750
20,2772
20,2780
20,2796
20,2828
20,2854
20,2874
20,2909
20,2914
20,2938
