customerTelephoneNumber,telephoneCustomerNum
+44 1180545321,443
+44 1271 791813,863
+44 1281 834487,763
+44 1285 068256,559
+44 1311 346242,188
+44 1351314412,1052
+44 1466337839,716
+44 1556 807063,633
+44 1872639731,763
+44 1876641722,119
+44 1907 084933,769
+44 1920 014333,482
+44 1991 771528,87
+44 2753770817,470
+44 2761035372,978
+44 2774 471972,992
+44 2792072879,488
+44 2895357353,818
+44 2924 687454,896
+44 3118832699,700
+44 3302230212,620
+44 3354067337,382
+44 3386448200,171
+44 3667 680819,195
+44 3688092065,147
+44 3793664975,907
+44 3803189618,935
+44 4209399817,653
+44 4362 597681,720
+44 4990 779733,274
+44 5169072646,678
+44 5174644777,620
+44 5292 167240,298
+44 5385 422517,680
+44 5677040829,101
+44 5764333334,989
+44 5831 057434,147
+44 5963 863864,1004
+44 6121 499061,1000
+44 6175 342629,458
+44 6273 600436,1052
+44 6366296498,769
+44 6386022323,274
+44 6464086175,1016
+44 6473 506297,653
+44 6801 864003,859
+44 6808 621039,897
+44 6948 092311,506
+44 6986 329047,338
+44 7193 067423,907
+44 7227897045,645
+44 7255 289364,983
+44 7314217822,736
+44 7325 804445,908
+44 7380 593879,827
+44 7458 048041,315
+44 7690296648,547
+44 7736 722384,818
+44 7842 393295,33
+44 7888926391,220
+44 8001 934403,207
+44 8240214790,795
+44 8286 463609,506
+44 8494425496,382
+44 8507 420931,222
+44 8521 914833,795
+44 8542 167094,559
+44 8542004262,87
+44 8902 213737,298
+44 8907717318,826
+44 9011 103849,470
+44 9042 996063,906
+44 9043 649301,736
+44 9080 676840,719
+44 9156 194584,338
+44 9284045473,171
+44 9369631232,730
+44 9491 846894,839
+44 9558319176,292
+44 9585167193,33
+44 9932 504504,849
+441352253797,730
+441811136657,720
+441847 946612,935
+442130643752,827
+442135606093,195
+442184 520269,680
+442261097445,678
+442364598768,996
+442904 579600,1004
+443018150050,454
+443412543008,727
+443419344300,527
+443538 763107,688
+443898 253177,906
+444093427195,207
+444463288318,643
+444658 582383,411
+444714 276164,633
+445127279478,992
+445340764646,82
+445513245413,879
+445536 442646,1010
+446244 473230,527
+446596 409610,219
+446802633539,983
+447100 768130,817
+447207 008934,454
+447225594073,958
+447416 254745,688
+447631354239,222
+447710 601880,482
+448075 123287,897
+448101 174467,625
+448228326304,817
+448409704953,978
+448467112487,315
+448477 510855,443
+448530 164753,719
+449049701795,344
+449571 616245,849
+449725 410864,839
01087508737,958
01093954585,989
01149 317501,458
01893063583,31
02115 500885,896
02119800667,863
02883339041,1000
03660 235535,645
03760263374,625
03775 570151,859
04143419953,101
04565902259,411
04807675997,996
05602749450,468
05719312756,188
06429 756142,219
06577428293,727
06943 376366,879
06967962206,292
07067785699,1010
07170 846503,344
07265092513,700
07427 709226,826
07787522848,31
07897870536,547
07922002014,82
07952706491,810
0800021680,719
0800323928,542
0800439731,135
0800446617,625
0800447993,326
0800572136,1113
0800860817,443
0800882991,168
0800958764,2
0800998066,497
0800999669,609
0801024582,143
0801046008,851
0801223741,197
0801305601,219
0801307763,620
0801355772,654
0801474150,300
0801478579,11
0801501329,447
0801565987,149
0801582605,635
0801607768,212
0801663687,29
0801779348,770
0801795273,991
0801810816,67
0801881674,295
0801883357,253
0802005798,195
0802019374,295
0802079098,94
0802287813,367
0802299512,971
0802376750,199
0802473877,769
0802514651,503
0802593012,20
0802642805,102
0802647050,13
0802840902,171
0802876267,705
0802880911,1201
0802889903,272
0802951501,18
0803008623,422
0803066031,132
0803120900,461
0803147557,374
0803262576,15
0803280492,327
0803318423,136
0803328606,507
0803416151,688
0803731443,1217
0803787729,185
0803890357,672
0803892750,115
0803896139,158
0804037560,984
0804148231,370
0804191566,89
0804297603,149
0804541176,10
0804563589,373
0804735055,59
0804736486,439
0804738031,393
0804875296,89
0804915285,533
0804955475,687
0804964123,727
0805064386,39
0805081471,787
0805122602,170
0805282292,344
0805316819,68
0805369366,117
0805395810,648
0805508850,310
0805534723,544
0805534979,311
0805553593,102
0805602844,61
0805638658,234
0805711954,310
0805717535,19
0805897903,342
0806059627,569
0806224117,204
0806528390,338
0806640996,1023
0806654940,72
0806737222,705
0806755477,1
0806767097,386
0806813545,1075
0806980881,1260
0807053617,664
0807063351,7
0807065171,540
0807070424,90
0807097342,163
0807417074,194
0807456180,1
0807596063,25
0807668963,522
0807690046,1035
0807711856,798
0807758235,795
0807874081,130
0807892378,554
0808113955,968
0808210560,558
0808244717,643
0808392452,84
0808420182,382
0808494910,535
0808585165,584
0808596248,665
0808637553,366
0808639389,25
0808700092,225
0808702847,114
0808741924,1118
0808781253,840
0808815176,250
0808820639,893
0808908393,123
0808928542,466
0808933169,105
0809278643,50
0809300316,499
0809387237,53
0809541886,302
0809570837,35
0809624303,135
0809628225,89
0809688103,243
0809716008,315
0809787492,187
0809959046,625
0810007080,13
0810033369,380
0810091670,554
0810112520,527
0810156027,934
0810156748,93
0810170061,991
0810219216,105
0810237157,992
0810303035,800
0810538250,454
0810572418,523
0810598173,98
0810640895,245
0810679156,194
0810790721,203
0810836197,183
0810838120,48
0810843153,416
0810894483,38
0810958666,25
0811078448,694
0811200068,62
0811376626,367
0811376861,408
0811403483,151
0811492916,324
0811575154,357
0811585122,363
0811589389,171
0811752542,10
0811917473,516
0812056811,363
0812095557,148
0812213032,55
0812290699,654
0812290945,369
0812295407,544
0812351070,1169
0812367558,34
0812406064,108
0812479355,611
0812501483,219
0812508710,1093
0812529640,984
0812531817,281
0812768529,559
0812827318,163
0812852039,513
0812986295,105
0813050421,359
0813194963,97
0813201768,91
0813281054,141
0813299451,455
0813606417,195
0813836139,963
0813966473,1124
0814139909,203
0814183759,1020
0814428939,488
0814459328,380
0814501896,549
0814554816,1050
0814567326,388
0814688725,14
0814766546,394
0814871707,245
0815008063,72
0815233384,831
0815272485,156
0815309628,493
0815331245,82
0815357861,641
0815391937,318
0815508611,52
0815661736,27
0815666729,315
0815834488,229
0815873069,35
0816053265,320
0816056706,169
0816057384,298
0816176745,391
0816250146,218
0816378003,335
0816537598,324
0816553959,458
0816564279,223
0816600633,97
0816638264,344
0816767970,938
0816796404,199
0816872095,231
0816909245,81
0816964365,82
0817049004,269
0817095706,527
0817111117,97
0817172998,265
0817288314,547
0817709667,275
0817725591,282
0817728667,179
0818014608,89
0818152508,1019
0818259950,928
0818280499,45
0818320445,87
0818364073,932
0818404390,801
0818405865,656
0818453787,624
0818531112,125
0818772148,624
0818796192,127
0818802204,77
0818902493,703
0818932636,290
0818966535,112
0819124652,438
0819153811,423
0819197344,935
0819444177,50
0819473025,51
0819585823,90
0819639125,79
0819694153,958
0819724487,122
0819865751,361
0819922780,800
0819944647,119
0819995630,581
0820236775,195
0820261458,304
0820327230,154
0820414756,222
0820619740,436
0820658539,65
0820660731,549
0820725991,14
0820730068,983
0820741288,250
0820855216,535
0820913306,380
0820958787,148
0821008610,730
0821177513,91
0821278024,128
0821284956,151
0821380398,28
0821410589,733
0821598809,17
0821646196,743
0821701815,63
0821732208,1166
0821977430,810
0822251830,984
0822289057,80
0822470312,633
0822544741,692
0822767049,427
0823018196,814
0823120195,380
0823157931,524
0823236028,958
0823254429,46
0823271117,553
0823281900,653
0823409464,1023
0823418698,312
0823489452,64
0823502948,61
0823629832,60
0823726018,105
0823828976,210
0823910290,24
0823937643,225
0823964643,371
0824116016,17
0824187092,63
0824242482,81
0824468446,361
0824489600,274
0824512465,800
0824567149,336
0824577974,92
0824586485,118
0824856600,581
0824860956,386
0825023326,126
0825067872,130
0825128067,179
0825321237,284
0825327320,1195
0825333619,517
0825338820,506
0825478388,146
0825827898,16
0825930493,662
0825938560,185
0825968974,199
0825979189,49
0825988105,138
0826100269,477
0826157532,538
0826217783,804
0826265625,398
0826375824,994
0826425649,72
0826437055,49
0826488988,611
0826687414,72
0826796314,45
0826872841,39
0827074654,289
0827096559,49
0827150749,21
0827156408,477
0827439015,558
0827471922,194
0827520143,26
0827541960,886
0827549758,121
0827565967,26
0827602973,280
0827621148,2
0827769739,787
0827785153,716
0828049240,165
0828165387,672
0828214898,280
0828243944,587
0828273750,338
0828352331,600
0828431599,404
0828517246,169
0828569713,86
0828592720,419
0828717578,716
0828827836,849
0828974827,725
0829054299,65
0829486183,834
0829582255,1035
0829664807,552
0829701758,543
0829738971,87
0829783136,140
0829961349,61
0830031149,1264
0830134452,193
0830348972,172
0830446368,322
0830662429,6
0830746364,897
0830769586,443
0830779802,203
0830853794,335
0830921844,199
0830950671,320
0831038140,1048
0831069234,786
0831174283,56
0831233694,545
0831284412,38
0831461464,36
0831519959,104
0831592274,645
0831749165,254
0831817905,256
0831887135,27
0831930302,58
0832116507,883
0832146861,341
0832547337,158
0832587206,173
0832644173,190
0832784512,631
0832856789,1048
0833000250,518
0833040449,84
0833098439,412
0833243267,994
0833264272,24
0833264317,210
0833287755,678
0833317312,510
0833595506,513
0833664008,126
0833675944,150
0833730100,680
0833747665,214
0833798682,150
0833804625,35
0833936751,883
0833939419,165
0833971862,269
0834045802,840
0834069377,785
0834077671,468
0834238067,1052
0834279046,640
0834581688,119
0834646039,157
0834704794,256
0834848960,386
0834854442,450
0835061616,636
0835214024,63
0835271789,475
0835302478,482
0835475543,247
0835545736,102
0835606603,220
0835622654,725
0835739977,199
0835812132,96
0835820356,779
0835849295,703
0835921570,1010
0835923827,929
0836141950,893
0836185996,12
0836271833,244
0836326832,612
0836356172,547
0836379086,686
0836493020,89
0836533320,662
0836626167,19
0836761773,61
0836864293,4
0836934083,648
0837019582,79
0837043909,327
0837075230,75
0837135968,78
0837186066,332
0837222359,316
0837247749,860
0837315713,74
0837352718,77
0837389477,314
0837407440,35
0837462501,133
0837482542,505
0837494271,131
0837582782,114
0837819637,705
0837884909,443
0837887797,31
0837920734,1215
0837938847,388
0837957669,407
0838005833,98
0838097741,101
0838213423,611
0838237840,12
0838279131,518
0838512242,515
0838594009,259
0838597882,275
0838653440,53
0838732671,597
0838820904,690
0839276987,563
0839307750,561
0839340918,219
0839404694,161
0839674838,342
0839835788,389
0839959552,2
0840122924,178
0840197545,711
0840293890,686
0840390734,771
0840443924,573
0840447789,156
0840566291,720
0840629410,618
0840750201,103
0840767339,189
0840797034,131
0840862165,408
0840912066,103
0840946298,488
0840973933,121
0841157025,314
0841237265,97
0841262964,613
0841306169,631
0841334533,989
0841397729,292
0841533611,188
0841694340,90
0841722061,102
0841799223,269
0841912845,269
0842126343,774
0842279430,200
0842291053,389
0842323774,223
0842380445,288
0842424453,99
0842712599,83
0842767756,224
0842860483,171
0843122461,438
0843258806,58
0843287034,203
0843301203,461
0843317405,223
0843486657,129
0843521233,51
0843547939,107
0843576603,1025
0843686067,736
0843750742,26
0844041762,386
0844127684,64
0844148815,620
0844502337,560
0844533248,24
0844549016,96
0844563640,800
0844652155,878
0844660088,389
0844702953,616
0844746791,491
0844754573,847
0844878609,266
0844933030,119
0845090765,204
0845095562,248
0845288765,623
0845458930,482
0845626635,132
0845774104,959
0845863410,426
0845924556,1130
0846073112,342
0846151159,709
0846263937,39
0846394144,113
0846430206,14
0846443502,922
0846533117,1061
0846542292,491
0846596166,888
0846658840,107
0846669526,39
0846767212,111
0846851142,287
0846905279,452
0846978072,169
0847059073,382
0847359909,51
0847537240,327
0847539813,672
0847613137,98
0847730403,42
0847764768,228
0847795572,1055
0848016927,901
0848097244,578
0848178780,129
0848350755,256
0848358252,136
0848440111,16
0848464799,928
0848472610,1018
0848485681,654
0848550740,516
0848552497,773
0848665381,726
0848669785,188
0848761028,934
0848815564,147
0848861738,262
0848911532,398
0849041679,195
0849056126,69
0849179996,527
0849234007,242
0849321837,201
0849375364,610
0849837450,200
0849895775,384
0849992163,282
0850030533,146
0850050150,938
0850074173,541
0850181257,389
0850210981,831
0850253632,111
0850368532,495
0850424744,34
0850447255,575
0850515854,399
0850653218,393
0850719650,488
0850966914,1187
0851015318,996
0851050647,94
0851075668,156
0851224292,187
0851253249,867
0851313617,4
0851316923,1136
0851333598,486
0851422199,511
0851469346,242
0851471754,121
0851493213,727
0851496107,60
0851614269,386
0851756324,69
0851917277,821
0852008652,585
0852230374,517
0852327439,131
0852461535,20
0852492684,67
0852520558,662
0852555774,227
0852612229,493
0852717313,159
0852811616,794
0852976506,459
0853069043,100
0853156176,954
0853275927,619
0853318704,635
0853355305,497
0853381072,679
0853473251,374
0853787304,210
0853881200,274
0854039827,78
0854183276,223
0854272266,305
0854273816,613
0854459035,564
0854463420,576
0854472435,1061
0854488418,446
0854504030,1016
0854596741,542
0854690978,432
0854929757,94
0855033068,975
0855151629,102
0855196392,416
0855270585,275
0855410699,47
0855533106,231
0855604827,849
0855616783,553
0855719100,260
0855796649,191
0855812598,34
0855819232,673
0856092513,94
0856095115,211
0856170970,16
0856184708,4
0856220567,250
0856235439,13
0856362725,427
0856369441,717
0856422778,117
0856559182,38
0856573386,1
0856579561,641
0856596076,126
0856697140,8
0856707622,1052
0856709297,57
0856756405,995
0857086944,99
0857115181,954
0857205170,1020
0857326282,98
0857354882,78
0857409940,341
0857415554,826
0857834358,82
0857875553,244
0857926839,56
0857942636,946
0858056537,470
0858152194,427
0858453098,200
0858465820,1000
0858520854,296
0858583814,172
0858659952,123
0858804607,898
0859004798,30
0859036970,2
0859095136,13
0859344221,153
0859386212,167
0859392595,156
0859467441,935
0859588552,263
0859687067,193
0859705751,76
0859788048,1
0860020920,87
0860061232,329
0860105758,109
0860318779,515
0860360428,248
0860412570,707
0860622825,185
0860634351,7
0860670261,82
0860781253,469
0861077155,390
0861081773,4
0861259223,203
0861343412,32
0861401469,90
0861624337,281
0861760038,611
0861944652,500
0862131454,308
0862340150,507
0862344301,562
0862620880,645
0862680887,821
0862689010,613
0862783686,692
0862789365,64
0862965281,968
0863052321,6
0863060465,182
0863240961,269
0863298843,879
0863383571,849
0863583869,137
0863647421,922
0863681670,5
0863683916,222
0863693282,63
0863782844,845
0863796142,638
0863801853,1187
0863815794,694
0863897705,791
0863901333,171
0864154764,484
0864221877,827
0864238454,818
0864434953,132
0864553021,285
0864558882,827
0864599777,31
0864750069,821
0864801305,517
0864809202,464
0864868590,189
0864902837,390
0864938868,264
0865076162,125
0865086099,305
0865122715,541
0865138434,135
0865145065,271
0865188304,122
0865276615,559
0865401755,471
08656 303600,468
0865649296,839
0865916472,193
0865935556,261
0866067193,298
0866137680,392
0866146929,45
0866248193,242
0866292661,354
0866386046,273
0866438012,196
0866503292,711
0866596845,16
0866596981,105
0866722070,376
0866810397,17
0866931977,106
0866966690,959
0867105329,23
0867192774,308
0867254336,383
0867295218,144
0867363168,863
0867380842,101
0867529677,130
0867589972,372
0867804952,1050
0867843465,333
0868185565,411
0868365377,804
0868870140,110
0868906959,382
0869175726,963
0869185430,719
0869214641,112
0869266291,631
0869392026,989
0869428454,456
0869591540,325
0869599695,38
0869641597,165
0869652136,150
0869785639,594
08698 805161,716
0869816305,133
0869822199,196
0870032540,76
0870125190,40
0870255070,467
0870292397,113
0870302509,164
0870307323,302
0870350186,135
0870407723,66
0870435815,47
0870460420,448
0870801672,414
0871189182,191
0871259216,184
0871372768,4
0871431316,535
0871569705,763
0871606092,385
0871646391,13
0871725974,962
0871756247,554
0871934437,102
0871968589,156
08719896532,126
0872054481,796
0872090587,673
0872104942,131
0872345079,176
0872378604,288
0872597125,1118
0872641316,994
0872709672,71
0872731878,277
0872781206,681
0872798128,287
0872836385,638
0872893817,341
0872972804,48
0873023074,178
0873064933,582
0873159058,265
0873182611,834
0873407036,228
0873414957,342
0873420277,786
0873435068,254
0873489285,678
0873521163,507
0873686639,738
0873785100,394
0873790794,588
0873840184,306
0873974893,168
0874136611,69
0874139869,662
0874238349,329
0874470523,344
0874501713,408
0874552356,319
0874671617,258
0874680351,146
0874743590,93
0874754633,1025
0874903211,345
0874951139,1254
0875077248,14
0875136974,700
0875303970,471
0875480471,446
0875755466,98
0875782371,720
0875939961,213
0876110527,368
0876190205,123
0876193609,557
0876352847,2
0876384579,167
0876568960,325
0876606372,13
0876864481,372
0876942282,309
0876968597,539
0876972774,173
0877179453,1166
0877292558,491
0877296168,867
0877453214,596
0877482127,1084
0877540069,181
0877547912,131
0877601228,20
0877738042,751
0877762046,166
0877764393,366
0877776901,551
0877791823,432
0878026599,545
0878062020,794
0878076177,795
0878114907,133
0878150114,375
0878205393,619
0878231814,265
0878366093,279
0878367776,497
0878461889,874
0878520187,1156
0879020943,978
0879037401,74
0879068168,411
0879090552,137
0879176213,73
0879189964,652
0879338226,483
0879352201,222
0879356545,774
0879408260,624
0879606825,470
0879659601,244
0879794375,777
0879952815,101
0879982520,727
0880024793,480
0880117978,279
0880256703,285
0880295457,60
0880411135,78
0880438818,123
0880506668,703
0880622488,346
0880623610,90
0880772113,284
0880813539,515
0880831133,258
0881056569,504
0881080585,783
0881271225,763
0881281849,21
0881379210,73
0881459876,270
0881538177,206
0881601814,635
0881668574,30
0881892392,44
0881905815,544
0882113966,537
0882150921,115
0882418710,545
0882578689,226
0882901916,327
0882987274,507
0883055525,633
0883069279,635
0883118521,469
0883213136,558
0883234426,178
0883272449,12
0883327590,19
0883332432,111
0883415248,968
0883502792,694
0883504010,657
0883549029,1148
0883715480,596
0883726603,262
0883732915,150
0883881359,155
0883936468,121
0884044225,93
0884182292,901
0884351194,641
0884486486,652
0884608509,197
0884681791,952
0884691983,620
0884771871,103
0885063655,1131
0885076523,532
0885104089,598
0885107414,243
0885113369,254
0885147932,298
0885209865,1047
0885225013,322
0885255719,250
0885307158,295
0885562624,124
0885573592,406
0885608015,851
0885767191,852
0885823385,733
0886096956,165
0886099854,656
0886109761,136
0886119063,244
0886219321,83
0886260607,369
0886310838,228
0886314483,559
0886316162,173
0886326875,700
0886556871,211
0886746043,934
0886916876,491
0886987802,207
0887015357,693
0887111458,80
0887122381,664
0887163037,907
0887175781,1019
0887272369,97
0887380369,995
0887446671,361
0887462337,90
0887696206,397
0887723643,801
0887803314,785
0887894999,282
0887908551,74
0887979587,554
0888013702,154
0888030221,220
0888102102,206
0888151502,63
0888280313,63
0888407885,645
0888527486,352
0888528109,90
0888650207,1255
0888670122,375
0888687506,52
0888709029,491
0888719471,205
0888725501,147
0888876212,149
0889004783,794
0889043711,203
0889085593,295
0889196872,250
0889314194,107
0889609831,75
0889681631,65
0889762846,447
0889784703,122
0889823650,217
0889825646,398
0889844593,138
0890023623,44
0890075557,164
0890112767,1000
0890195354,121
0890219434,454
0890229100,187
0890233261,224
0890305579,582
0890319296,191
0890366319,155
0890413394,1075
0890415465,399
0890443967,72
0890461848,226
0890522586,37
0890569167,958
0890593850,488
0890623097,3
0890655694,182
0890702062,124
0890715245,342
0890753338,339
0890811201,598
0890850774,505
0890872496,112
0890943867,156
0891146048,124
0891185997,61
0891286907,464
0891346082,103
0891367611,575
0891423868,998
0891501833,42
0891613183,257
0891740367,774
0891748389,2
0891820706,70
0891830983,94
0891859138,399
0892153911,111
0892238523,491
0892356224,166
0892422062,314
0892673681,527
0892907119,405
0893050542,122
0893204916,908
0893218193,576
0893219665,25
0893325080,107
0893348850,290
0893508001,114
0893683622,140
0893739004,21
0893792516,20
0893824758,1004
0893917045,77
0894007313,118
0894112342,928
0894157988,265
0894209406,264
0894230523,127
0894263580,569
0894304399,886
0894342572,180
0894365015,673
0894524646,448
0894582906,246
0894978526,13
0895071063,196
0895230754,743
0895383923,847
0895385646,610
0895456237,765
0895546331,134
0895624808,506
0895675217,541
0895841882,312
0895896197,344
0895906284,129
0895922862,379
0895945090,652
0896018086,375
0896035642,838
0896043510,422
0896089705,439
0896205935,614
0896313250,306
0896338799,139
0896363465,272
0896373602,898
0896428483,325
0896493871,396
0896543382,353
0896621725,220
0896633962,134
0896673612,817
0896717488,83
0896733282,27
0896793739,369
0896903734,609
0896944656,118
0897169422,93
0897398035,314
0897542819,1169
0897693393,226
0897767381,78
0897856726,421
0898255451,118
0898462353,169
0898606471,879
0898647350,52
0898804183,264
0898900496,545
0898910202,169
0898915461,127
0898919226,205
0898975350,648
0899001121,216
0899396807,573
0899417587,978
0899748903,312
0899781723,906
0899794514,136
0899993094,122
09000098881,119
0900061454,188
0900125254,730
0900132477,233
0900209371,52
0900387783,304
0900427085,625
0900511497,447
0900585402,311
0900607194,795
0900678188,174
0900722924,5
0900812557,124
0900931605,466
0901028315,975
0901089052,92
0901166001,65
0901239099,54
0901740217,120
0901907926,692
0901913552,291
0901917796,124
0902188046,369
0902311882,24
0902357376,492
0902429757,321
0902480446,500
0902637317,651
0902678518,484
0902794507,563
0902913978,97
0902915326,496
0903203431,671
0903221419,230
0903257026,176
0903281242,667
0903321211,144
0903330519,113
0903465637,30
0903475062,718
0903605823,338
0903634416,618
0903651735,41
0903786267,558
0903875593,492
0904395187,847
0904443502,119
0904487376,141
0904517090,553
0904529458,34
0904605591,25
0904622433,545
0904684693,464
0904723823,376
0904807014,397
0904951859,306
0905025909,153
0905054959,320
0905085533,245
0905234722,718
0905301797,45
0905303188,65
0905410753,138
0905414675,6
0905509142,164
0905532643,541
0905699886,576
0905708334,165
0905719345,530
0905828966,65
0905844944,151
0905978977,801
0906059989,531
0906100592,860
0906170327,139
0906487058,58
0906502342,331
0906583335,688
0906687567,838
0906776876,973
0906858680,736
0906882343,963
0907094996,910
0907197985,57
0907230023,23
0907422397,597
0907441322,94
0907507609,369
0907563893,1010
0907729838,888
0907803986,55
0907848485,297
0907934155,176
0907982461,935
0908042851,21
0908143299,196
0908152517,170
0908381262,109
0908439979,143
0908723648,767
0908760383,195
0908832355,147
0908899427,114
0908985940,117
0909315563,787
0909492648,470
0909746095,619
0909821937,588
0909983973,452
0910170188,70
0910206573,141
0910323764,102
0910353283,382
0910373201,166
0910633825,96
0910732321,679
0910762440,7
0910767717,475
0910910561,859
0910910795,198
0910946790,182
0910948040,195
0911061709,482
0911202280,18
0911282448,188
0911289222,561
0911418067,179
0911568096,344
0911640889,1184
0911694367,389
0911902448,582
0912001302,563
0912056447,1055
0912079539,350
0912133384,92
0912199784,763
0912267113,616
0912320236,27
0912348634,420
0912610472,576
0912615756,228
0912652950,358
0912655902,1284
0912774360,688
0912875968,111
0912909530,353
0912980509,21
0913056545,520
0913149065,24
0913166689,344
0913250334,18
0913465233,187
0913619776,922
0913761065,452
0913919597,896
0914014309,173
0914306608,251
0914786458,358
0914997563,996
0915061623,641
0915116054,116
0915145007,18
0915365328,120
0915438660,251
0915750968,983
0915759236,53
0915827130,173
0915867540,516
0916195189,831
0916196457,992
0916235467,125
0916252278,615
0916311066,496
0916362989,264
0916517838,14
0916646107,578
0916966378,432
0917309635,786
0917318245,769
0917366297,144
0917519554,154
0917575591,199
0917616515,97
0917738332,2
0917782182,288
0917863643,388
0918083941,720
0918219017,261
0918324425,33
0918328529,679
0918377444,466
0918387366,190
0918395348,675
0918703107,206
0918721870,359
0918864551,387
0918892797,929
0919187355,1064
0919253870,28
0919262377,270
0919267024,421
0919277018,189
0919303912,159
09194 913545,810
0919462878,699
0919677334,1
0919943994,228
0920075004,780
0920119893,298
0920229904,810
0920239208,439
0920311680,138
0920392172,523
0920443046,138
0920955237,407
0921088444,654
0921209940,703
0921274070,190
0921537558,104
0921542511,375
0921846048,461
0921904719,467
0922069221,170
0922133851,160
0922223812,468
0922272939,1130
0922349385,488
0922369416,219
0922455541,1045
0922458638,271
0922770506,315
0922829315,88
0922833555,167
0922885440,664
0922922204,63
0922987018,779
0923009029,325
0923018749,700
0923030303,975
0923258679,522
0923326036,527
0923435306,1189
0923580263,1093
0923624623,336
0923724857,411
0923971658,277
0923973480,39
0923997984,134
0924148967,278
0924197964,151
0924204046,491
0924331249,250
0924506527,177
0924563907,225
0924668736,111
0924834435,186
0924930801,748
0925105649,195
0925123033,382
0925138053,179
0925177376,242
0925341749,336
0925367319,553
0925379015,236
0925478947,158
0925490976,843
0925579012,413
0925634382,76
0925673893,33
0925720106,21
0925742557,187
0925755365,824
0925806513,1178
0925965674,570
0926034370,233
0926204675,126
0926266112,393
0926388917,419
0926411552,180
0926414460,114
0926478835,508
0926508765,150
0926630932,404
0926635391,207
0926885990,54
0926999960,333
0927056829,572
0927184712,1004
0927194500,111
0927258599,289
0927328484,347
0927569676,1154
0927627832,730
0927701630,843
0927702627,105
0927882465,181
0927960439,600
0927980777,995
0928072300,1092
0928079244,388
0928120310,678
0928159638,298
0928170839,324
0928177240,281
0928250006,32
0928442446,91
0928470692,590
0928671425,938
0928756612,1021
0928805144,48
0929086955,468
0929116219,86
0929377997,455
0929389268,54
0929464962,105
0929722803,104
0929732289,779
0929779330,792
0929785408,878
0929930257,563
0929992958,110
0930043937,992
0930077074,20
0930145369,501
0930268964,256
0930294018,187
0930432375,357
0930656372,180
0930777528,195
0930794133,486
0930958408,207
0930982617,53
0930996551,266
0931020984,542
0931181320,542
0931199903,75
0931327178,594
0931442183,123
0931553583,664
0931554490,1103
0931605107,271
0931658231,827
0931753011,747
0931816154,101
0931829991,257
0932112858,148
0932159000,560
0932178687,653
0932268682,148
0932319976,547
0932357796,101
0932387522,594
0932429342,385
0932437649,120
0932651809,573
0932713621,26
0932820593,78
0932824802,446
0932949571,172
0933021594,421
0933075687,576
0933084426,131
0933233384,130
0933236037,24
0933464615,456
0933668447,236
0933712360,33
0933845565,258
0933910426,653
0933956702,7
0933968809,628
0934030822,179
0934037442,1175
0934503494,2
0934596723,33
0934600066,396
0934705837,419
0934785913,560
0934855631,112
0934946661,387
0935175848,794
0935391111,71
0935416452,326
0935458586,863
0935551168,133
0935555499,1045
0935653105,998
0935720204,176
0935792005,113
0935859374,643
0935894664,379
0935944216,458
0936438345,342
0936525139,532
0936667286,497
0936705318,830
0936824081,472
0936925760,1000
0936984910,834
0937089710,906
0937183067,16
0937215933,703
0937275438,530
09373 915119,1016
0937428034,256
0937585305,69
0937661610,983
0937728907,508
0937880803,252
0937945583,575
0938052603,282
0938127991,597
0938180317,302
0938210342,769
0938239022,247
0938347501,520
0938520591,520
0938589122,513
0938642695,800
0938749929,540
0938931898,991
0938942988,193
0938972469,295
0938981995,830
0938990523,55
0939011157,163
0939208829,774
0939217341,436
0939429466,391
0939472842,678
0939518176,199
0939745566,996
0939746025,262
0939918125,731
0939973158,400
0940034372,509
0940096553,259
0940101098,616
0940138786,859
0940306133,309
0940434184,196
0940508245,67
0940585298,38
0940726370,95
0940818382,560
0940875857,343
0940995236,181
0941051882,203
0941336431,532
0941373750,294
0941585796,714
0941643983,688
0941968838,867
0942123108,222
0942179824,16
0942413597,334
0942468634,154
0942623593,133
0942748507,333
0942768025,35
0942777879,477
0942790097,150
0942804638,320
0942858853,139
0942932436,78
0943064720,13
0943501012,279
0943542900,192
0943626005,817
0943789563,31
0943846510,171
0943937209,786
0943944554,354
0943979109,335
0943981541,217
0944023139,726
0944223199,106
0944284461,397
0944317493,192
0944472824,287
0944504124,98
0944667629,973
09447 973328,126
0944844281,329
0944848759,175
0944919034,356
0945397665,331
0945685343,273
0945701190,420
0945964184,318
0945973609,206
0946033657,515
0946077460,898
0946149589,55
0946166401,120
0946526049,1021
0946639947,100
0946822553,175
0947064279,25
0947106749,274
0947347618,83
0947372610,206
0947438288,176
0947478555,182
0947599457,272
0947616281,483
0947835192,61
0947953637,45
0948012234,107
0948036773,78
0948078982,601
0948171761,63
0948197163,292
0948197831,443
0948389377,51
0948424386,114
0948474716,192
0948566611,7
0948689087,284
0948763294,804
0948830483,443
0948954575,55
0948985317,325
0949055275,797
0949138864,138
0949188630,157
0949190145,908
0949228936,94
0949274686,893
0949377512,69
0949498695,115
0949524859,914
0949609743,506
0949698290,196
0949732614,656
0949895037,638
0949992670,59
0950068375,743
0950138239,178
0950174583,66
0950203751,646
0950237290,510
0950265898,74
0950312384,1320
0950332047,688
0950408164,129
0950415116,520
0950417942,342
0950532770,253
0950566155,743
0950624343,222
0950683052,646
0950977647,402
0951140509,147
0951162202,614
0951355278,275
0951438071,826
0951510304,208
0951598362,94
0951674043,1071
0951686519,839
0951695431,344
0951889012,186
0951968939,292
0951974951,267
0952000132,555
0952050711,321
0952348204,886
0952405635,433
0952978159,1334
0953109199,149
0953121511,212
0953140647,523
0953158325,43
0953309661,458
0953327761,136
0953360291,860
0953428285,489
0953567671,874
0953588510,785
0953652325,72
0953744659,661
0953895440,185
0954011733,817
0954029435,672
0954245523,797
0954325412,795
0954356239,189
0954380691,174
0954553706,787
0954618510,287
0954654678,242
0954773300,47
0954840455,743
0954850288,131
0954916240,32
0954949191,716
0955034188,245
0955149563,779
0955341911,309
0955443153,193
0955538538,1154
0955546311,193
0955566817,569
0955714313,543
0955870215,387
0955952516,76
0956008590,126
0956051022,863
0956206998,818
0956344615,205
0956845169,484
0956894330,422
0957059167,179
0957112882,588
0957173288,326
0957177617,336
0957210049,41
0957245062,196
0957386007,206
0957556230,201
0957805245,163
0958138571,64
0958187819,157
0958206443,610
0958260208,100
0958303674,67
0958401721,569
0958475989,304
0958578933,711
0958595565,1148
0958623347,59
0958732247,124
0958806786,433
0958849859,193
0958874771,181
0958952062,197
0959149702,133
0959158172,392
0959159698,122
0959233242,793
0959375886,381
0959435917,158
0959461094,646
0959503366,416
0959515307,352
0959516285,118
0959599938,7
0959615018,629
0959769792,538
0959876451,58
0959896024,122
0960080615,506
0960425827,461
0960429340,17
0960514151,374
0960567929,185
0960678749,98
0960729497,136
0960818526,794
0960928829,87
0960989442,517
0961128282,570
0961150976,954
0961174316,332
0961307923,72
0961348911,469
0961376872,380
0961384876,971
0961390411,458
0961701559,907
0961712089,391
0961783017,260
0961810211,187
0961811632,200
0961923885,523
0962120773,448
0962165138,251
0962167776,161
0962495092,361
0962592113,22
0962675081,1189
0962894933,30
0962951746,773
0963032537,217
0963066672,492
0963109068,341
0963268050,25
0963478012,412
0963823686,929
0963862252,129
0963951368,49
0964141125,179
0964273613,243
0964307293,280
0964309863,135
0964340964,765
0964363925,177
0964436466,826
0964641546,121
0964720539,156
0964730977,795
0964752153,340
0964774430,187
0964965444,287
0965032717,200
0965178690,116
0965290977,481
0965606766,123
0965682016,1103
0965774915,1244
0965956325,272
0966068887,179
0966086260,85
0966111427,106
0966111864,125
0966128055,311
0966157349,504
0966165497,584
0966215763,447
0966253080,112
0966254321,224
0966321897,430
0966595164,165
0966630659,663
0966634263,978
0966730622,962
0966815654,482
0967060298,733
0967171553,448
0967225816,198
0967510238,591
0967626922,126
0967656977,962
0967694233,595
0967717149,27
0967842920,92
0967901087,342
0967914495,41
0967931759,177
0967986421,153
0968008083,92
0968011954,1113
0968045445,1232
0968154503,399
0968293483,888
0968454236,230
0968584332,583
0968682114,40
0968715525,839
0968717767,573
0968759951,408
0968764961,23
0968766407,906
0968878345,67
0968888771,337
0968975546,306
0969419423,145
0969426639,185
0969471081,281
0969691834,361
0969715736,178
0969767249,1034
0969891856,681
0969989939,614
0970044570,57
0970200672,326
0970299276,219
0970436254,448
0970473566,109
0970481346,127
0970519822,190
0970521430,989
0970636897,293
0970789283,398
0970808427,477
0970812183,355
0970905597,773
0970965061,538
0970987430,258
0971233550,1124
0971257013,276
0971284020,162
0971378613,31
0971500890,648
0971626647,217
0971687342,721
0971737897,246
0971939455,53
0971951681,200
0972003408,648
0972165071,1071
0972165191,44
0972206314,349
0972243150,113
0972284453,131
0972287279,883
0972293045,197
0972333922,432
0972462072,538
0972727370,368
0972752967,859
0972801067,103
0972879513,1016
0972928318,106
0972959435,191
0972982256,191
0973020737,840
0973024395,913
0973131492,1047
0973177553,363
0973235084,369
0973274868,589
0973427677,428
0973670467,814
0973717390,488
0973724482,353
0973982011,653
0974103494,843
0974129334,253
0974205769,896
0974274565,57
0974612181,736
0974668804,89
0974748522,515
0974998036,41
0975073821,366
09751 608994,643
0975324755,27
0975388400,231
0975601514,1034
0975771264,119
0975811283,159
0975813324,49
0975833619,440
0975894800,168
0975940175,338
0976084728,338
0976095213,536
0976169045,402
0976174448,540
0976276105,500
0976462717,183
0976546338,353
0976593138,49
0976614934,31
0976911393,39
0976927982,110
0977259044,64
0977311490,19
0977358815,511
0977503777,959
0977515222,131
0977525750,427
0977526734,475
0977537703,560
0977659997,188
0977689464,878
0977787957,292
0977802857,30
0977920541,219
0977992240,69
0977996715,643
0978033422,152
0978242967,185
0978293606,830
0978315536,1178
0978540460,39
0978544632,402
0978660868,194
0978740797,33
0978929744,261
0978958923,397
0979301792,222
0979341874,205
0979451451,42
0979517044,315
0979527530,914
09796028293,488
0979797859,217
0979835465,49
0979948135,897
0980056479,153
0980113204,69
0980149610,333
0980196580,91
0980286336,442
0980300658,161
0980365975,897
0980426352,88
0980562676,459
0980608040,295
0980640699,998
0980718918,477
0981008575,19
0981026904,38
0981097873,366
0981219690,130
09813578728,220
0981458353,386
0981731451,19
0981929029,262
0982116214,73
0982417520,152
0982421275,366
0982451881,359
0982592907,419
0982845868,907
0982924629,63
0983088733,114
0983150213,510
0983224130,719
0983235281,531
0983290770,328
0983463131,264
0983477292,838
0983542837,472
0983826971,456
0983857514,52
0983904101,10
0983919631,630
0983998835,113
0984054747,252
0984124647,155
0984305966,363
0984343786,131
0984400930,107
0984813071,91
0984865233,765
0984903022,383
0984983667,490
0985011741,679
0985042380,896
0985208497,277
0985237787,587
0985278115,282
0985422610,54
0985483827,145
0985718197,633
0985736123,810
0985760044,231
0985975249,351
0985994255,154
0986075244,310
0986214113,37
0986585889,332
0986622178,908
0986645467,971
0986655328,341
0987132620,88
0987134651,403
0987205521,1018
09873399600,908
0987359754,207
0987751424,6
0987990373,851
0988037951,261
0988120529,914
0988259442,654
0988272468,147
0988304837,68
0988339300,188
0988492307,532
0988637476,82
0988646831,1195
0988793802,182
0988983607,670
0989044599,879
0989061903,315
0989425301,466
0990191405,282
0990200715,95
0990409758,515
0990440032,397
0990503746,489
0990549028,901
0990585019,394
0990668062,128
0991142629,139
0991207053,125
0991357102,134
0991522669,400
0991618779,217
0991686764,163
0991736729,187
0991890273,158
0992086205,238
0992127111,372
0992237944,1136
0992278090,60
0992350383,818
0992563790,643
0992587655,363
0992599765,134
0992609591,58
0992634966,169
0992796829,199
0993143517,498
0993274591,609
0993543992,483
0994093053,210
0994095040,454
0994208302,44
0994320247,599
0994412620,105
0994422276,155
0994495870,107
0994649523,159
0994755440,461
0995061920,20
0995591786,1017
0995890662,973
0996093576,144
0996107329,137
0996145320,226
0996224755,525
0996892432,874
0997143317,133
0997244525,46
0997428394,113
0997506483,200
0997541393,228
0997647903,950
0997670758,66
0997740165,81
0997857838,36
0997953464,282
0997977255,1131
0998013933,162
0998057006,14
0998094016,44
0998128053,117
0998177493,515
0998257952,570
0998608914,763
0998763367,63
0998812091,411
0998917019,50
0999144124,223
0999163324,711
0999227079,30
0999301676,42
0999388997,57
0999457570,166
0999503745,281
0999613965,686
0999661358,619
0999662404,814
0999666794,1084
0999667430,59
0999702197,249
0999723227,196
0999774042,513
0999786363,766
0999792231,680
0999863065,234
0999970091,680
0999980172,103
