rentalCustomerRentalNumber,rentalCustomerNum
1,1
1,3
2,2
2,13
3,112
3,536
4,44
4,487
5,746
5,987
6,6
6,846
7,7
7,69
8,8
8,75
9,9
9,47
10,17
10,275
11,2
11,11
12,12
12,56
13,13
13,74
14,14
15,12
16,16
17,17
18,18
19,701
20,20
20,65
21,21
22,22
22,100
23,1181
24,24
24,49
25,1226
26,566
27,605
28,565
28,815
29,19
30,30
30,78
31,31
32,662
32,1186
33,33
34,34
35,35
36,38
37,37
38,655
38,656
39,598
40,88
41,41
42,42
43,44
44,1082
45,45
46,46
47,202
48,49
49,194
50,40
51,350
52,52
53,53
54,327
55,142
56,56
57,50
58,58
59,47
60,60
61,222
62,62
63,63
64,64
65,65
66,378
67,67
68,43
69,69
70,923
71,61
72,72
73,66
74,74
75,75
76,71
77,843
78,78
79,76
80,692
81,81
82,82
83,481
84,88
85,298
86,86
87,87
88,84
89,122
90,90
91,916
92,92
93,265
94,94
95,95
96,96
97,631
98,98
99,1249
100,673
101,101
102,102
103,103
104,1020
105,105
106,106
107,107
108,528
109,109
110,1017
111,111
112,116
113,97
114,1227
115,1252
116,67
117,117
118,118
119,119
120,120
121,121
122,122
123,123
124,124
125,302
126,126
127,125
128,114
129,59
130,457
131,131
132,127
133,133
134,134
135,135
136,1221
137,659
138,138
139,571
140,550
141,132
142,637
143,1139
144,144
145,128
146,143
147,147
148,688
149,149
150,150
151,151
152,152
153,153
154,855
155,444
156,156
157,1211
158,158
159,1083
160,160
161,161
162,162
163,163
164,870
165,146
166,164
167,167
168,289
169,169
170,263
171,171
172,255
173,173
174,1149
175,1024
176,176
177,409
178,174
179,179
180,180
181,884
182,329
183,183
184,193
185,185
186,166
187,187
188,188
189,189
190,190
191,191
192,1204
193,193
194,172
195,195
196,196
197,1067
198,895
199,114
200,81
201,711
202,154
203,203
204,59
205,200
206,206
207,207
208,170
209,540
210,495
211,1235
212,199
213,30
214,463
215,876
216,215
217,217
218,1300
219,219
220,220
221,51
222,222
223,223
224,323
225,225
226,226
227,1005
228,224
229,229
230,1119
231,231
232,205
233,216
234,230
235,235
236,383
237,237
238,1099
239,694
240,240
241,241
242,242
243,243
244,244
245,245
246,498
247,715
248,138
249,1067
250,250
251,251
252,301
253,1152
254,1098
255,252
256,256
257,661
258,258
259,201
260,450
261,253
262,262
263,248
264,264
265,265
266,249
267,227
268,266
269,257
270,794
271,271
272,260
273,259
274,274
275,473
276,364
277,316
278,405
279,279
280,267
281,281
282,282
283,404
284,284
285,981
286,280
287,287
288,704
289,660
290,1233
291,291
292,292
293,293
294,272
295,295
296,249
297,297
298,298
299,269
300,300
301,1044
302,302
303,294
304,1035
305,305
306,275
307,290
308,308
309,366
310,234
311,311
312,451
313,578
314,1171
315,315
316,108
317,301
318,38
319,449
320,320
321,321
322,317
323,323
324,611
325,325
326,326
327,25
328,328
329,313
330,574
331,370
332,297
333,333
334,1081
335,335
336,324
337,18
338,338
339,880
340,314
341,341
342,342
343,343
344,344
345,332
346,226
347,347
348,339
349,292
350,322
351,351
352,532
353,353
354,46
355,126
356,354
357,357
358,346
359,58
360,334
361,361
362,326
363,603
364,162
365,682
366,364
367,358
368,919
369,369
370,1225
371,361
372,64
373,745
374,359
375,375
376,376
377,706
378,378
379,362
380,380
381,349
382,382
383,620
384,384
385,385
386,377
387,365
388,388
389,389
390,368
391,391
392,168
393,366
394,299
395,268
396,440
397,386
398,397
399,393
400,370
401,401
402,402
403,372
404,404
405,405
406,1240
407,400
408,392
409,398
410,410
411,411
412,340
413,881
414,337
415,1022
416,416
417,972
418,358
419,419
420,479
421,421
422,422
423,306
424,424
425,425
426,888
427,427
428,998
429,151
430,590
431,431
432,1051
433,407
434,832
435,428
436,112
437,610
438,434
439,439
440,432
441,178
442,436
443,443
444,444
445,437
446,446
447,447
448,448
449,440
450,769
451,1008
452,452
453,41
454,454
455,455
456,616
457,457
458,458
459,653
460,572
461,461
462,387
463,430
464,547
465,465
466,466
467,467
468,468
469,469
470,470
471,441
472,1086
473,453
474,450
475,475
476,591
477,477
478,453
479,1082
480,14
481,481
482,482
483,483
484,484
485,485
486,1110
487,242
488,488
489,489
490,1072
491,491
492,492
493,991
494,494
495,541
496,526
497,497
498,825
499,1014
500,414
501,496
502,476
503,57
504,503
505,472
506,506
507,507
508,468
509,1054
510,510
511,511
512,670
513,513
514,1078
515,515
516,478
517,517
518,518
519,519
520,520
521,521
522,500
523,523
524,290
525,165
526,526
527,527
528,528
529,327
530,2
531,531
532,532
533,522
534,534
535,535
536,536
537,727
538,515
539,490
540,540
541,541
542,542
543,300
544,274
545,545
546,1116
547,547
548,546
549,486
550,550
551,779
552,552
553,553
554,554
555,596
556,1287
557,293
558,558
559,559
560,560
561,549
562,170
563,563
564,239
565,505
566,353
567,567
568,568
569,569
570,570
571,571
572,537
573,573
574,574
575,505
576,576
577,551
578,578
579,1237
580,557
581,460
582,582
583,572
584,988
585,585
586,586
587,666
588,588
589,589
590,556
591,272
592,838
593,593
594,566
595,598
596,618
597,734
598,1223
599,527
600,487
601,601
602,602
603,1163
604,561
605,79
606,117
607,690
608,608
609,609
610,610
611,611
612,524
613,613
614,614
615,615
616,616
617,962
618,425
619,619
620,620
621,13
622,1120
623,508
624,624
625,625
626,516
627,627
628,488
629,622
630,630
631,631
632,629
633,633
634,637
635,635
636,43
637,460
638,638
639,1055
640,583
641,641
642,642
643,643
644,70
645,645
646,646
647,777
648,648
649,509
650,1068
651,650
652,652
653,653
654,654
655,655
656,656
657,657
658,558
659,738
660,647
661,702
662,662
663,663
664,664
665,943
666,661
667,667
668,669
669,739
670,435
671,665
672,672
673,673
674,668
675,675
676,342
677,1191
678,678
679,679
680,680
681,681
682,1014
683,666
684,636
685,685
686,686
687,241
688,688
689,689
690,671
691,1060
692,692
693,1109
694,694
695,800
696,1085
697,676
698,677
699,852
700,700
701,701
702,947
703,703
704,704
705,705
706,1269
707,161
708,708
709,158
710,710
711,711
712,510
713,713
714,221
715,712
716,716
717,717
718,127
719,719
720,720
721,721
722,722
723,1078
724,718
725,549
726,726
727,727
728,783
729,729
730,730
731,647
732,1159
733,733
734,734
735,1074
736,736
737,737
738,103
739,214
740,687
741,466
742,738
743,743
744,1224
745,521
746,1299
747,748
748,795
749,632
750,1150
751,759
752,752
753,1212
754,731
755,755
756,756
757,757
758,118
759,1253
760,753
761,732
762,745
763,763
764,754
765,765
766,699
767,741
768,766
769,769
770,702
771,770
772,394
773,773
774,774
775,750
776,776
777,777
778,778
779,779
780,1003
781,467
782,782
783,758
784,784
785,785
786,786
787,787
788,120
789,789
790,333
791,791
792,1248
793,764
794,794
795,795
796,768
797,125
798,797
799,417
800,800
801,801
802,793
803,775
804,804
805,808
806,782
807,555
808,803
809,806
810,810
811,780
812,462
813,1088
814,814
815,391
816,816
817,817
818,818
819,739
820,813
821,821
822,1229
823,823
824,824
825,513
826,826
827,827
828,799
829,747
830,830
831,831
832,802
833,833
834,834
835,725
836,808
837,828
838,838
839,839
840,840
841,1283
842,690
843,843
844,820
845,845
846,822
847,847
848,538
849,849
850,760
851,851
852,852
853,841
854,724
855,104
856,918
857,379
858,837
859,859
860,860
861,559
862,862
863,863
864,899
865,865
866,866
867,867
868,35
869,32
870,856
871,871
872,1123
873,873
874,874
875,869
876,281
877,776
878,878
879,879
880,499
881,91
882,1228
883,883
884,884
885,288
886,886
887,728
888,888
889,1146
890,890
891,889
892,877
893,893
894,650
895,844
896,896
897,897
898,898
899,1199
900,568
901,901
902,651
903,904
904,1044
905,186
906,906
907,907
908,908
909,909
910,910
911,677
912,912
913,913
914,914
915,261
916,894
917,917
918,561
919,1146
920,916
921,33
922,922
923,148
924,924
925,925
926,911
927,927
928,928
929,929
930,232
931,790
932,932
933,933
934,934
935,935
936,801
937,937
938,938
939,942
940,940
941,923
942,944
943,1115
944,943
945,164
946,946
947,931
948,948
949,201
950,950
951,1027
952,952
953,1114
954,954
955,260
956,55
957,756
958,958
959,959
960,960
961,31
962,962
963,963
964,964
965,518
966,966
967,967
968,968
969,969
970,215
971,971
972,1127
973,973
974,947
975,975
976,414
977,976
978,978
979,334
980,980
981,972
982,304
983,983
984,984
985,430
986,986
987,145
988,1193
989,989
990,985
991,991
992,992
993,993
994,994
995,995
996,996
997,926
998,998
999,997
1000,1000
1001,1001
1002,1002
1003,744
1004,1004
1005,604
1006,1006
1007,1007
1008,878
1009,250
1010,1010
1011,718
1012,1012
1013,1013
1014,463
1015,507
1016,1016
1017,1017
1018,1018
1019,1019
1020,1020
1021,1021
1022,184
1023,1023
1024,25
1025,1025
1026,759
1027,895
1028,339
1029,1029
1030,502
1031,365
1032,39
1033,1066
1034,1034
1035,1035
1036,569
1037,287
1038,373
1039,760
1040,758
1041,493
1042,1042
1043,115
1044,254
1045,1045
1046,1046
1047,1047
1048,1048
1049,139
1050,1050
1051,106
1052,1052
1053,321
1054,109
1055,1055
1056,73
1057,1057
1058,1058
1059,181
1060,264
1061,1061
1062,764
1063,1018
1064,1064
1065,1102
1066,1066
1067,419
1068,582
1069,762
1070,1070
1071,1071
1072,1234
1073,1073
1074,714
1075,1075
1076,1172
1077,1077
1078,406
1079,1079
1080,1080
1081,411
1082,459
1083,373
1084,1084
1085,691
1086,448
1087,920
1088,228
1089,792
1090,189
1091,920
1092,1092
1093,1093
1094,1094
1095,1095
1096,22
1097,66
1098,853
1099,182
1100,563
1101,1068
1102,1102
1103,1103
1104,875
1105,1105
1106,253
1107,70
1108,436
1109,1101
1110,1110
1111,137
1112,156
1113,1113
1114,936
1115,473
1116,954
1117,1058
1118,1118
1119,92
1120,617
1121,1007
1122,1122
1123,778
1124,1124
1125,721
1126,696
1127,953
1128,1128
1129,1129
1130,1130
1131,1131
1132,498
1133,499
1134,54
1135,1135
1136,1136
1137,131
1138,1138
1139,315
1140,1140
1141,1141
1142,1142
1143,418
1144,1144
1145,1145
1146,829
1147,1147
1148,1148
1149,245
1150,1150
1151,1151
1152,98
1153,1153
1154,1154
1155,1155
1156,1156
1157,1157
1158,565
1159,19
1160,1160
1161,957
1162,1162
1163,402
1164,1164
1165,200
1166,1166
1167,519
1168,557
1169,1169
1170,85
1171,356
1172,1134
1173,129
1174,1174
1175,1175
1176,1100
1177,1177
1178,1178
1179,273
1180,1180
1181,579
1182,319
1183,1183
1184,1184
1185,915
1186,23
1187,1187
1188,869
1189,1189
1190,369
1191,632
1192,363
1193,866
1194,512
1195,1195
1196,316
1197,417
1198,322
1199,836
1200,970
1201,1201
1202,130
1203,899
1204,1151
1205,1205
1206,1206
1207,781
1208,167
1209,352
1210,1210
1211,36
1212,691
1213,1213
1214,1081
1215,1215
1216,1216
1217,1217
1218,1218
1219,1258
1220,1220
1221,589
1222,538
1223,1132
1224,873
1225,296
1226,206
1227,854
1228,439
1229,709
1230,1059
1231,1231
1232,1232
1233,478
1234,188
1235,181
1236,855
1237,1115
1238,1238
1239,307
1240,350
1241,1214
1242,1242
1243,319
1244,1244
1245,438
1246,1246
1247,1247
1248,1099
1249,79
1250,464
1251,1251
1252,115
1253,695
1254,1254
1255,1255
1256,892
1257,570
1258,204
1259,1259
1260,1260
1261,1261
1262,258
1263,657
1264,1264
1265,1265
1266,703
1267,1267
1268,1268
1269,1269
1270,545
1271,1271
1272,111
1273,218
1274,1274
1275,311
1276,1276
1277,1277
1278,1278
1279,1279
1280,622
1281,1137
1282,665
1283,233
1284,1284
1285,1285
1286,1275
1287,754
1288,1288
1289,603
1290,689
1291,1291
1292,509
1293,585
1294,396
1295,894
1296,1296
1297,1297
1298,113
1299,660
1300,194
1301,1
1302,415
1303,3
1304,4
1305,104
1306,308
1307,7
1308,8
1309,525
1310,271
1311,11
1312,1190
1313,544
1314,621
1315,982
1316,16
1317,385
1318,209
1319,1208
1320,20
1321,246
1322,261
1323,10
1324,429
1325,771
1326,735
1327,27
1328,28
1329,399
1330,197
1331,360
1332,348
1333,881
1334,34
1335,842
1336,36
1337,539
1338,675
1339,496
1340,367
1341,176
1342,508
1343,9
1344,1236
1345,891
1346,1125
1347,47
1348,753
1349,49
1350,50
1351,210
1352,52
1353,922
1354,1069
1355,949
1356,268
1357,121
1358,963
1359,99
1360,60
1361,595
1362,62
1363,1262
1364,791
1365,137
1366,788
1367,57
1368,68
1369,584
1370,605
1371,442
1372,1207
1373,735
1374,105
1375,75
1376,587
1377,1289
1378,73
1379,874
1380,80
1381,1116
1382,82
1383,83
1384,84
1385,1161
1386,1037
1387,303
1388,1024
1389,337
1390,433
1391,853
1392,214
1393,93
1394,159
1395,890
1396,96
1397,386
1398,318
1399,175
1400,110
1401,455
1402,130
1403,243
1404,921
1405,207
1406,313
1407,678
1408,276
1409,147
1410,1282
1411,604
1412,134
1413,724
1414,797
1415,1076
1416,112
1417,495
1418,951
1419,348
1420,340
1421,643
1422,78
1423,427
1424,560
1425,401
1426,803
1427,351
1428,1165
1429,420
1430,1026
1431,609
1432,663
1433,410
1434,403
1435,135
1436,543
1437,408
1438,346
1439,139
1440,1286
1441,750
1442,389
1443,203
1444,94
1445,562
1446,426
1447,399
1448,902
1449,48
1450,1272
1451,172
1452,999
1453,846
1454,247
1455,644
1456,93
1457,157
1458,42
1459,159
1460,882
1461,1053
1462,306
1463,798
1464,1091
1465,974
1466,177
1467,501
1468,755
1469,564
1470,743
1471,1209
1472,21
1473,1152
1474,174
1475,283
1476,423
1477,504
1478,423
1479,179
1480,180
1481,919
1482,182
1483,533
1484,893
1485,185
1486,1205
1487,1290
1488,146
1489,740
1490,10
1491,1173
1492,149
1493,642
1494,992
1495,54
1496,266
1497,197
1498,584
1499,199
1500,371
1501,1106
1502,442
1503,535
1504,502
1505,1292
1506,376
1507,501
1508,208
1509,1126
1510,812
1511,555
1512,212
1513,1222
1514,697
1515,1213
1516,216
1517,217
1518,1131
1519,219
1520,682
1521,930
1522,55
1523,223
1524,1167
1525,133
1526,304
1527,100
1528,707
1529,229
1530,230
1531,231
1532,546
1533,1003
1534,484
1535,533
1536,870
1537,382
1538,341
1539,562
1540,240
1541,649
1542,456
1543,128
1544,799
1545,645
1546,246
1547,698
1548,363
1549,1176
1550,284
1551,849
1552,1219
1553,1230
1554,254
1555,823
1556,497
1557,235
1558,880
1559,591
1560,941
1561,280
1562,110
1563,166
1564,1010
1565,757
1566,259
1567,762
1568,597
1569,269
1570,1030
1571,606
1572,752
1573,413
1574,1039
1575,664
1576,276
1577,1126
1578,1298
1579,464
1580,1203
1581,695
1582,871
1583,594
1584,939
1585,108
1586,286
1587,629
1588,630
1589,554
1590,462
1591,714
1592,277
1593,506
1594,628
1595,848
1596,798
1597,1096
1598,668
1599,355
1600,1008
1601,6
1602,2
1603,17
1604,20
1605,24
1606,30
1607,1244
1608,34
1609,31
1610,1016
1611,33
1612,193
1613,65
1614,58
1615,64
1616,67
1617,69
1618,63
1619,72
1620,78
1621,90
1622,1124
1623,94
1624,82
1625,87
1626,92
1627,1047
1628,101
1629,105
1630,107
1631,98
1632,102
1633,122
1634,126
1635,119
1636,134
1637,131
1638,133
1639,111
1640,150
1641,149
1642,147
1643,151
1644,156
1645,158
1646,138
1647,171
1648,187
1649,173
1650,163
1651,185
1652,190
1653,179
1654,188
1655,195
1656,196
1657,1055
1658,203
1659,223
1660,1050
1661,207
1662,219
1663,220
1664,222
1665,217
1666,191
1667,250
1668,226
1669,231
1670,245
1671,243
1672,251
1673,256
1674,1020
1675,264
1676,287
1677,262
1678,1010
1679,281
1680,295
1681,274
1682,1131
1683,282
1684,1201
1685,1178
1686,298
1687,292
1688,302
1689,279
1690,265
1691,333
1692,326
1693,315
1694,1084
1695,311
1696,242
1697,325
1698,338
1699,320
1700,344
1701,353
1702,342
1703,380
1704,361
1705,1264
1706,341
1707,369
1708,389
1709,388
1710,1130
1711,382
1712,520
1713,402
1714,421
1715,427
1716,542
1717,448
1718,447
1719,466
1720,411
1721,452
1722,461
1723,484
1724,475
1725,540
1726,1136
1727,515
1728,469
1729,513
1730,454
1731,443
1732,517
1733,458
1734,477
1735,491
1736,497
1737,482
1738,492
1739,470
1740,468
1741,507
1742,558
1743,554
1744,488
1745,1093
1746,523
1747,510
1748,506
1749,553
1750,532
1751,545
1752,609
1753,541
1754,527
1755,635
1756,569
1757,1118
1758,570
1759,547
1760,1154
1761,576
1762,560
1763,573
1764,582
1765,588
1766,559
1767,1004
1768,1113
1769,610
1770,624
1771,619
1772,614
1773,616
1774,1061
1775,631
1776,648
1777,611
1778,613
1779,1035
1780,625
1781,646
1782,620
1783,1166
1784,664
1785,652
1786,645
1787,653
1788,643
1789,638
1790,633
1791,679
1792,672
1793,1019
1794,654
1795,686
1796,694
1797,680
1798,673
1799,656
1800,1025
1801,678
1802,688
1803,692
1804,705
1805,1169
1806,1052
1807,700
1808,206
1809,720
1810,662
1811,730
1812,716
1813,719
1814,787
1815,711
1816,779
1817,736
1818,727
1819,743
1820,733
1821,1195
1822,765
1823,786
1824,804
1825,773
1826,763
1827,785
1828,830
1829,874
1830,769
1831,794
1832,867
1833,840
1834,814
1835,795
1836,810
1837,1075
1838,838
1839,860
1840,821
1841,827
1842,831
1843,817
1844,1021
1845,826
1846,818
1847,834
1848,839
1849,801
1850,847
1851,843
1852,851
1853,849
1854,883
1855,859
1856,888
1857,898
1858,863
1859,886
1860,878
1861,893
1862,879
1863,1045
1864,922
1865,901
1866,897
1867,896
1868,962
1869,908
1870,914
1871,906
1872,991
1873,907
1874,1071
1875,984
1876,934
1877,928
1878,935
1879,929
1880,938
1881,973
1882,968
1883,963
1884,958
1885,975
1886,954
1887,959
1888,971
1889,1018
1890,1023
1891,994
1892,995
1893,989
1894,978
1895,983
1896,1034
1897,992
1898,998
1899,996
1900,1000
