visaNumber,visaClass,immigrationNumber,arrivalDate,departureDate,visaPassportNumber
002348395,D,1751803786,2019-01-06,2019-03-06,F19592614
003673474,B,1330296935,2018-04-20,2018-06-11,Z94915835
004339787,D,1944672078,2019-09-17,2019-12-06,R58427536
005336287,A,1520057430,2019-04-27,2019-06-18,M81832385
005436271,C,1339012021,2017-07-19,2017-09-26,J74496288
005443339,C,1403643197,2017-09-30,2017-12-14,R04574182
005650694,B,1563600062,2018-01-04,2018-02-25,N05043058
006779022,A,1965332366,2018-11-30,2019-01-11,X26811641
006843453,C,1840240324,2018-09-23,2018-11-30,X39755515
008686786,D,2075129959,2018-08-20,2018-09-27,C01454367
009562832,C,1844802939,2019-09-01,2019-10-07,L48432492
010449456,A,1252959350,2018-05-11,2018-07-19,G23903753
010823055,D,1778751452,2017-05-07,2017-06-21,R44929640
011438836,D,1454295746,2017-02-05,2017-03-24,K32372271
011912796,D,1182196679,2019-11-23,2019-12-27,L75858245
012512372,C,1676160553,2017-11-14,2018-02-11,H97519579
012536384,A,1966369587,2019-08-14,2019-10-18,J28431760
012619296,C,1640391530,2019-10-11,2019-11-21,R02689123
012640240,B,1295448336,2019-07-08,2019-08-23,L84214566
013408282,A,1525562906,2019-12-14,2020-03-09,V33710193
013758416,A,1635916093,2017-07-10,2017-08-17,R74487788
015174243,C,1783829319,2017-02-11,2017-04-05,L39242534
015980763,B,1987911513,2017-08-25,2017-11-22,M57851271
016426784,B,1796336975,2017-04-13,2017-06-26,Z91857523
017537906,B,1866022727,2017-08-09,2017-09-08,N31631906
017735480,D,1500950484,2017-06-29,2017-08-17,R29798992
018632759,A,2044113627,2019-11-04,2020-01-16,T64698812
018871834,D,1746944423,2018-11-08,2018-12-27,L52957200
019085835,A,2070408509,2017-05-18,2017-06-19,T65517042
019366710,B,1994618463,2018-06-02,2018-07-31,R21549518
020946522,D,1165748131,2017-11-26,2018-02-11,X77543498
021047621,B,1843881959,2018-03-16,2018-05-05,V10451709
021455544,C,1326329812,2019-03-14,2019-05-26,J93783699
021576394,A,1751049348,2019-01-31,2019-03-11,W47914592
022094727,D,1970213470,2019-12-06,2020-01-13,Z65539696
023222767,D,1826671269,2017-10-20,2017-12-25,Y50395247
023345677,A,1865775533,2019-12-16,2020-03-03,F55437091
024125062,C,1348258441,2019-01-17,2019-03-27,J27777545
024231112,A,1818952096,2017-10-29,2017-12-17,R64345885
024352646,C,1672320239,2018-09-25,2018-11-28,G15358519
024490357,A,1613629426,2018-04-12,2018-07-01,L87837855
025301404,B,1827308761,2018-08-24,2018-11-05,W87050564
025826394,C,1627144189,2017-09-02,2017-11-26,N26467874
027569976,A,1570587323,2019-07-20,2019-09-22,J03492593
027651270,B,1903086388,2019-02-27,2019-04-08,N87894959
028055644,D,2105785322,2017-09-24,2017-11-30,R00509004
028139843,A,1731709234,2019-08-31,2019-11-06,X03578922
028158838,B,1700113745,2019-01-22,2019-04-18,L54734854
028918969,B,1663920731,2018-03-08,2018-04-28,R31085576
028974023,C,1800231121,2018-01-31,2018-03-08,N34626133
029480734,B,1283032140,2017-02-28,2017-05-05,M65662116
029947852,C,1242210779,2018-03-26,2018-05-09,K70928496
030754010,C,1690931353,2019-01-20,2019-04-11,M92560406
031034939,A,1373279732,2019-01-14,2019-03-04,K40966795
033007628,A,1976150345,2018-09-19,2018-12-12,G88623524
033280720,B,1564846762,2018-01-08,2018-02-27,X28688692
034199682,D,2016971394,2017-02-02,2017-03-21,X06125480
034516184,B,2060422978,2017-06-15,2017-07-17,V53370773
034866831,D,1379952668,2017-05-04,2017-06-21,K14930290
035451092,C,1926884661,2019-08-02,2019-09-02,P22260629
036341449,C,2016708429,2017-11-14,2018-02-02,N33056242
036615630,D,1195654447,2019-09-04,2019-11-27,J38229231
037259763,A,1240043261,2018-01-07,2018-03-03,P19007280
037415653,A,1319491017,2019-08-16,2019-10-16,Z73427042
038039385,C,1892009336,2019-10-14,2019-11-28,C73870358
038054558,D,1778277200,2019-07-18,2019-10-06,T59775607
038245659,A,1230812551,2018-01-10,2018-03-08,Z32745849
039151746,C,1251850338,2019-06-06,2019-08-30,H58977055
039581939,A,1499560560,2018-01-22,2018-03-29,K45263450
039880834,B,1847546144,2018-04-06,2018-05-28,F47018959
040672738,D,2030087554,2019-02-11,2019-04-06,R61244038
040825011,A,1186892142,2019-01-29,2019-03-16,F37073105
041014346,C,1810858643,2019-03-14,2019-06-07,C19415715
041706637,B,2101771486,2018-05-29,2018-08-06,W58425762
041895926,A,1918908865,2017-12-09,2018-02-08,N87183415
042188316,A,1721570436,2019-12-30,2020-03-18,F66396147
043867013,D,1917447388,2017-01-11,2017-02-10,J73773838
045022530,C,1676577792,2019-12-01,2020-01-24,X32325958
045255805,D,1570349969,2018-11-03,2018-12-16,F92543182
045574842,B,1439188833,2018-06-12,2018-08-09,Y30425379
046531496,B,1271593948,2019-06-19,2019-08-10,N74337534
046545909,C,1213643587,2019-10-11,2019-11-19,X54685656
048133599,B,1350176721,2019-07-24,2019-09-19,L55488443
048410133,A,2146928111,2017-09-30,2017-11-28,C70181654
048636340,B,1430233242,2017-12-31,2018-02-11,R21549518
049408633,A,1794516765,2018-01-30,2018-04-12,N27169839
050708809,D,1486030258,2019-11-21,2019-12-27,J38902714
050857761,D,2033854854,2018-01-05,2018-03-27,L31984850
051131684,B,1480716580,2018-08-02,2018-10-12,Y83382087
051162034,B,2049656603,2018-03-21,2018-05-22,W48484674
052911983,C,2082470388,2018-04-24,2018-06-03,X25509722
054880417,C,1290813609,2017-03-26,2017-05-19,F90583389
056008007,C,1208993882,2017-06-08,2017-08-13,C35920440
057684844,B,1758528755,2017-07-08,2017-10-05,X78376969
058539987,C,1632989558,2017-03-28,2017-05-29,F01944796
059932617,D,2131252750,2017-11-11,2018-01-17,P32773588
061047124,A,1162950952,2018-06-01,2018-08-15,P90393724
061450232,A,2130040642,2019-12-10,2020-02-26,K78886464
061490234,A,1922693155,2019-04-10,2019-06-07,R71944253
063165605,D,1364828851,2019-04-25,2019-07-04,H64795512
064818549,C,1339719714,2018-12-09,2019-02-14,W53624626
066277078,B,1221517723,2018-11-25,2019-02-20,J34863068
067123089,A,1393242986,2018-09-03,2018-10-05,Y04348699
067433263,B,1197695002,2019-09-03,2019-11-04,N63989144
068300218,D,1664025518,2017-09-09,2017-11-08,H64795512
070162724,C,1264946868,2019-10-22,2019-12-03,Z52469613
070459515,A,1942260255,2019-06-17,2019-08-19,F77342022
070962888,A,1303205870,2018-09-19,2018-12-16,G01023249
071208909,D,1704263398,2018-07-12,2018-08-20,H23653757
071371594,A,2125648495,2018-08-12,2018-11-02,Z47216903
071981394,D,1242604049,2017-02-03,2017-03-20,F77511227
073045615,A,1387872922,2019-08-17,2019-10-24,N61092731
073874966,A,1247623099,2018-04-02,2018-06-13,J74496288
073933500,D,1477816738,2018-01-04,2018-03-24,M18888605
074016111,C,1768601898,2018-02-04,2018-03-15,K73467748
074534604,B,2137798781,2017-09-06,2017-10-16,W17080565
075723291,C,2012193757,2018-12-26,2019-03-13,F68805919
077333585,C,1831537643,2017-02-01,2017-03-28,T30713765
077703727,A,2099233889,2017-04-02,2017-06-27,W85640198
077859337,A,1276206721,2018-02-28,2018-05-05,M27253413
078140285,B,2046027893,2019-03-03,2019-04-08,P79876602
078523058,A,1712675311,2019-11-11,2020-01-28,L96660253
081109125,A,1782574694,2019-02-15,2019-04-01,L92975461
082714266,B,1663720344,2019-10-03,2019-11-26,H19837339
083939731,D,2119723726,2018-01-05,2018-03-19,J38892110
084373526,A,1174300199,2018-07-27,2018-10-14,N57215522
084523558,A,1604312042,2019-06-05,2019-08-03,V53370773
084684152,B,1941631428,2018-05-03,2018-07-02,C41136525
085176770,B,1854316139,2019-04-25,2019-06-05,R45779033
085500106,D,1957948149,2017-11-01,2018-01-03,F99884143
085907111,C,2075737523,2019-02-14,2019-05-03,R99848632
085957164,D,1861585420,2018-04-11,2018-07-04,J25621427
086032028,B,1529381793,2019-01-26,2019-02-26,C62604524
086543152,C,2138881946,2018-12-27,2019-03-14,X80888951
086667020,B,2046232459,2018-02-23,2018-04-23,C97425627
086737008,B,1791866003,2018-06-02,2018-08-01,P12721701
087348472,C,1338922578,2017-07-20,2017-09-30,J78638838
087599737,B,1346468630,2018-01-02,2018-02-11,R39530679
087878945,B,1585691155,2018-11-19,2019-02-16,Y90545776
088085631,A,1952744361,2019-08-23,2019-11-04,F15389795
088731823,C,1808017176,2019-09-16,2019-11-01,P88581838
089265275,B,1195274005,2018-05-15,2018-07-08,P18323797
089553920,B,2018989099,2018-06-15,2018-08-25,K13180759
089909086,B,1635618597,2019-09-15,2019-11-13,V10451709
090657661,A,1774686563,2017-09-23,2017-11-07,X29922031
091305654,D,1846412236,2019-09-21,2019-12-16,W52725338
091760126,A,1221741407,2018-08-01,2018-10-26,G88446912
092736248,A,1773229474,2019-12-28,2020-03-22,N58714135
093909453,B,2010007846,2019-07-08,2019-08-18,X19180477
093918732,B,1213541928,2018-08-12,2018-10-19,V43983120
094349689,C,1842131799,2019-06-03,2019-08-26,X50787641
095552589,B,1401285289,2017-03-11,2017-05-18,X24427110
096034958,D,2015089113,2018-10-08,2018-11-25,C16520833
096125288,B,2139049404,2017-03-12,2017-05-28,R66745467
096125735,A,1289017171,2017-05-04,2017-06-06,Z55935068
096257810,B,1862110378,2017-10-13,2017-11-16,L02755291
096864701,B,1477593676,2018-08-22,2018-10-28,K00716493
096911205,B,1704111836,2019-02-14,2019-03-21,X08239034
096989210,A,1618736381,2019-01-09,2019-02-20,P57945293
097358440,C,1700934816,2017-08-21,2017-11-13,K25759381
098396031,A,1183593504,2017-09-30,2017-11-19,G43765931
098661341,B,1299500262,2019-05-31,2019-07-20,F02745128
099073196,A,1837371886,2017-08-16,2017-09-24,N91912408
099192135,A,1707914829,2019-07-17,2019-09-12,Z70357498
099234617,D,1464650477,2018-02-12,2018-05-08,G77267759
099431524,B,1824280456,2018-11-04,2019-01-25,X66791633
099714011,D,1651486001,2018-04-23,2018-05-27,W58425762
099786548,B,1814890837,2019-11-22,2020-01-19,P46268852
100413710,D,1837278184,2019-08-14,2019-11-07,P00146590
100477820,B,1926093358,2018-03-01,2018-04-27,R77544395
100659991,A,2022841874,2017-10-08,2017-11-26,C89445789
101470963,B,2113873836,2018-09-22,2018-12-08,J84170371
101737907,B,1721910918,2019-02-27,2019-04-01,N14080877
101816144,B,1854510247,2017-08-17,2017-09-21,L18452027
102616115,B,1556920088,2019-08-06,2019-09-29,P57945293
102663304,A,2089454798,2018-11-14,2018-12-23,W53213197
104996679,C,1530752367,2019-11-11,2019-12-21,Y42008106
105120545,B,2078144572,2017-02-11,2017-05-01,F02745128
105125902,B,1241416196,2017-02-24,2017-05-08,C57201958
106843762,D,1804554532,2018-08-23,2018-10-06,N75705906
107870174,A,1313304198,2017-04-14,2017-07-09,H93303929
108932207,A,2021300202,2019-11-04,2020-01-12,C33488791
110325759,A,1756101359,2018-06-23,2018-09-12,Y88448329
110812014,C,1193233607,2018-05-06,2018-06-22,P52280588
110836942,A,1367569606,2018-05-05,2018-07-19,Z85270961
112022957,D,1421945315,2017-07-06,2017-08-31,Z96420279
112070067,B,1871825399,2019-05-21,2019-07-10,H05821062
113510865,A,2122580534,2018-09-23,2018-10-25,C28643767
114205596,B,2132201653,2017-06-16,2017-09-04,J46452391
114345977,D,1440149373,2019-05-19,2019-08-01,K70928496
115571368,A,1634254044,2019-04-14,2019-06-01,P52280588
115959019,C,1532779388,2018-04-11,2018-05-25,J25287882
116286182,C,2078480121,2019-01-02,2019-03-10,C28320857
118432030,A,1218350019,2017-10-22,2017-12-22,K89277679
118634976,C,1936588181,2017-07-29,2017-10-06,C60083580
118906456,B,1728837799,2019-05-14,2019-07-01,X94340907
118950673,A,1553229154,2017-10-12,2017-12-10,Y01626020
119225186,D,1963890774,2017-10-19,2017-12-25,H27693979
121919000,D,1434256736,2019-07-21,2019-10-04,W57750090
122429954,C,1840046713,2018-03-02,2018-04-05,C45767620
122451006,B,2029275787,2019-05-08,2019-06-23,H17217760
122890304,A,1316246519,2017-12-13,2018-02-11,Y14170566
123252460,C,1215477016,2017-12-11,2018-01-16,Z94421089
123548709,A,1556696280,2017-02-27,2017-03-30,M92560406
123853058,D,1273790371,2018-01-29,2018-04-21,R71944253
125601547,D,1919875342,2019-08-24,2019-11-15,Y39695895
127000830,A,1954604256,2017-08-22,2017-10-07,F00431951
128282187,D,1809919257,2017-10-19,2017-12-31,Z48275563
128308746,C,1241760866,2017-09-29,2017-12-26,F47496345
128369725,A,1231418929,2017-08-08,2017-09-29,X71214540
128447564,A,1955857252,2018-02-25,2018-05-02,F93740575
128633460,C,1526272635,2018-08-17,2018-10-18,Y15718465
129016058,C,2144174826,2019-01-07,2019-03-20,X41841306
129697461,A,1399427738,2017-10-12,2017-12-06,C60083580
131210744,B,1413822086,2017-09-30,2017-11-01,X46197805
131429467,D,1450330797,2018-04-04,2018-06-25,C90800299
132322344,A,1663918531,2017-07-28,2017-09-15,X56811041
132817958,A,1258282338,2017-09-24,2017-11-07,Y84294001
132852826,D,2051345746,2018-01-03,2018-03-19,G65839639
133130816,C,2121894689,2017-01-12,2017-03-02,W53624626
134263924,D,1377302736,2018-12-02,2019-01-22,Z06351869
134469732,A,2128804800,2018-02-03,2018-04-12,G64755357
134972073,D,1234515245,2018-12-02,2019-01-21,R75659786
135025486,B,1293956252,2019-06-17,2019-08-06,V16396314
136574388,C,1530337664,2018-06-29,2018-08-13,J16397634
138025482,C,1724981381,2019-11-29,2020-01-13,C40239056
138917517,D,1693324514,2019-04-03,2019-06-04,G81138531
139424437,B,1619668605,2017-04-28,2017-07-16,F18354266
139458144,D,1328819881,2018-09-17,2018-11-02,X78991951
139979194,B,1353476373,2019-01-02,2019-03-28,X44635594
140016463,A,1912716480,2019-09-24,2019-12-09,L18452027
140365396,D,1957823520,2017-04-23,2017-06-05,C42133082
140701544,B,1226002955,2019-02-03,2019-04-30,L53167586
140830420,B,2087721930,2017-12-21,2018-02-08,Z19632738
141299375,C,1227768948,2017-03-25,2017-05-29,L75858245
143192168,C,1151185970,2017-10-20,2018-01-14,G45626021
146673709,C,1632146443,2017-10-19,2018-01-12,H90873481
149210143,A,1933981314,2019-05-22,2019-07-12,Y63057082
149647663,C,2016244988,2017-11-17,2017-12-17,T03710352
149776069,D,1581854180,2019-07-21,2019-10-05,R08793674
151559152,A,1292126299,2018-12-12,2019-01-22,C86414586
153050636,A,1574484466,2017-11-16,2018-01-07,P11767066
153365078,A,1380622318,2017-06-25,2017-07-31,J27777545
153543435,D,1811019365,2018-10-20,2018-12-09,H93368327
154126428,B,1694910904,2019-08-01,2019-09-18,P87446574
154553161,D,1379173348,2019-07-11,2019-09-29,G43765931
154665058,D,1163168679,2018-07-24,2018-08-27,C16203184
155811049,C,1223624343,2019-04-21,2019-07-16,N26467874
158632549,C,1186324672,2017-06-08,2017-08-15,M03499049
158960660,D,1341977339,2018-05-10,2018-08-06,H81595914
158983273,B,1923978313,2019-09-10,2019-10-31,H55807068
160214306,B,2096030383,2018-12-21,2019-03-18,L77402586
160646847,B,1988140292,2019-06-01,2019-07-20,L51218383
161319106,D,1958011850,2018-09-12,2018-10-24,L38138295
161435299,C,2048344027,2018-08-02,2018-10-04,F67738162
161815759,B,1365804301,2017-05-23,2017-08-07,F60377559
161920839,D,1283077757,2017-02-03,2017-03-18,W41254702
162328622,C,1976302997,2019-05-01,2019-07-19,W59322124
163425479,B,1879785342,2018-04-12,2018-06-12,J25083245
163825767,D,1855105151,2019-12-23,2020-01-27,T38867310
165441844,C,1922644424,2019-01-23,2019-04-12,X17559120
167669214,C,1214117107,2018-01-27,2018-03-02,Z33648139
167884187,A,2036237809,2017-06-30,2017-08-06,G63504604
170201622,D,1386164293,2018-07-20,2018-08-20,N86846341
170243796,D,1651842878,2018-10-30,2018-12-21,N34148108
170252773,C,1322317146,2017-11-20,2018-02-09,N30713690
170903287,B,1466914446,2018-05-03,2018-07-04,T05206399
171213311,A,1473793166,2017-07-03,2017-08-14,N68147628
172434133,C,2147423859,2018-10-27,2018-12-24,K17933927
173061117,A,1682134506,2019-04-21,2019-06-20,J02138169
174085802,B,1528391506,2017-08-27,2017-09-30,P89593832
174104696,D,1673271183,2019-08-02,2019-10-18,N14663649
174262560,C,2111483892,2017-12-14,2018-03-11,C19415715
174277371,A,1434200782,2017-01-28,2017-02-28,F85539579
174501099,B,1301733485,2018-01-19,2018-03-15,M15517322
174991778,B,1298194447,2017-11-09,2017-12-25,L54734854
176406287,D,1786433373,2017-02-11,2017-03-18,V76686647
177428800,B,1659502306,2019-12-11,2020-02-16,M45466862
177976792,A,1640999297,2019-10-25,2020-01-05,X24795481
178694853,A,1846691683,2018-12-14,2019-01-25,C54219530
179507937,D,1586004357,2019-09-14,2019-12-07,R52234776
179879872,C,1193445560,2019-01-24,2019-04-11,X85701568
181432756,B,1602999769,2019-07-13,2019-09-03,F55437091
182755985,B,1768497492,2018-10-24,2019-01-15,N27347304
183318409,A,1571074416,2017-05-16,2017-06-16,W01180184
183684676,B,2143636965,2017-12-07,2018-01-22,J34863068
184654140,B,1561311182,2019-08-16,2019-10-09,C62604524
185741067,A,1975463874,2019-09-02,2019-11-05,X93208325
185957117,A,1907151905,2017-07-07,2017-08-22,V13663289
186919852,D,1772449499,2018-11-30,2019-01-27,P32693070
187180959,B,1537484388,2019-02-06,2019-03-09,W45365551
187199758,A,1158622516,2018-02-09,2018-04-13,L36375898
187506743,D,1398439117,2018-12-12,2019-02-03,J31900621
187544549,D,1390844288,2019-07-19,2019-09-30,G19955261
188297029,A,1592138196,2019-01-29,2019-03-16,X83727749
189351828,D,1962563698,2017-07-13,2017-09-06,C43713398
189861058,C,1768042237,2017-06-29,2017-09-11,Z47871765
190095536,A,1948538356,2018-09-30,2018-12-29,K50075591
190138305,B,2125494834,2017-05-03,2017-07-26,M56218387
190505814,C,2012882007,2019-09-06,2019-10-11,C89646666
190933273,D,1733031906,2018-05-27,2018-06-30,J60923423
191447438,C,1875002309,2018-05-14,2018-06-24,F90583389
191601355,D,1314051965,2018-11-06,2018-12-29,C89445789
193861227,D,2146354869,2019-02-28,2019-04-29,N68565942
194826345,D,1704575162,2017-10-23,2017-12-25,K48790633
194920037,C,1549868642,2018-12-15,2019-03-03,Z59655350
195140118,C,1186391104,2019-07-24,2019-08-29,M45642565
195188121,D,1925720370,2018-09-30,2018-11-16,F16032971
196996006,A,1942997909,2017-04-10,2017-05-17,M10455067
199044221,A,1977771153,2018-07-19,2018-10-13,X75983742
200818246,A,1290823610,2017-05-08,2017-06-11,C45619176
202000650,A,1862308477,2017-04-05,2017-06-30,J79976495
202516260,B,1433210074,2019-03-09,2019-04-13,X77543498
203576416,B,1853602022,2018-10-03,2018-12-16,F69555471
204354906,D,1481495416,2017-06-08,2017-08-05,H65608029
204399858,D,1428556000,2018-05-06,2018-06-08,R05470017
204812219,B,1855697476,2018-02-20,2018-04-16,W54603674
204972848,A,1380848401,2018-11-08,2018-12-21,C24930181
205166768,D,1692949512,2019-01-10,2019-03-12,C57201958
205474155,A,1863154065,2018-07-16,2018-10-02,L54284863
207917705,B,1445518651,2017-10-27,2017-11-28,Y14549022
208941882,B,1705389940,2018-10-18,2018-12-29,N55850415
208993352,D,1704357989,2019-07-15,2019-09-28,X46091518
211600285,C,1159799308,2018-11-20,2019-02-02,Y42536767
212560812,A,1470180393,2019-08-24,2019-11-05,K98567131
212600932,A,1680977658,2017-06-10,2017-07-13,X39098427
212906301,C,1945507349,2018-03-16,2018-05-02,N33829012
213696425,D,2014764169,2018-10-09,2018-12-02,C86947481
214692502,A,1375251172,2018-08-04,2018-10-28,P47047346
214718503,C,1515480835,2019-08-13,2019-09-21,X44664275
214951996,B,1596562303,2018-09-14,2018-11-26,J80665624
215269159,A,1614367615,2017-09-20,2017-11-12,V63171293
216138269,C,2003026202,2017-11-03,2018-01-26,X62768675
217021311,C,2097759872,2017-04-06,2017-06-08,V25345851
217202041,D,1707686574,2019-02-14,2019-04-13,C21695277
217215258,A,1570198243,2019-10-09,2019-12-21,X14571585
218090139,C,1505986610,2017-11-05,2018-01-30,C72448632
218099648,A,1989341049,2019-10-04,2019-12-17,L41046986
218115276,A,1252417544,2018-04-18,2018-07-06,H95185250
220780332,B,1776986905,2018-11-15,2019-02-13,L51218383
220872277,D,1697157584,2017-05-23,2017-07-20,W34772109
221274682,D,1753658393,2018-11-06,2018-12-23,N68565942
221417105,B,1230134926,2019-10-30,2019-12-23,Z96268221
221800376,B,1989272460,2019-07-04,2019-08-17,Z27639084
222215682,D,1752423103,2019-09-24,2019-12-19,H60302265
223357261,D,2121091637,2018-08-11,2018-09-24,R78863956
223435263,C,1220258946,2017-03-05,2017-05-04,L38334724
225092695,D,1367113563,2018-06-09,2018-07-12,K45037348
226530836,C,1186275188,2018-09-19,2018-11-26,R39530679
228298666,D,1283870353,2019-03-22,2019-05-30,V75692633
228312122,A,1724639715,2017-06-11,2017-07-24,H00031115
228447279,D,1831182807,2017-01-19,2017-02-23,T59775607
228931955,D,1311103553,2019-09-23,2019-10-25,V19250340
229058336,D,1554945831,2018-11-23,2019-01-18,P42222058
229278514,D,2019687381,2018-06-25,2018-07-28,P47622539
231448404,B,1879816750,2019-09-06,2019-11-05,G78420335
234382421,B,2083022472,2019-08-10,2019-10-01,H73575083
234533486,C,1649583655,2019-03-28,2019-06-12,K42416444
236219783,D,1625464325,2019-11-06,2020-02-03,J60973357
236465311,D,1371364825,2018-08-29,2018-10-04,J67450191
237499984,D,1736642811,2017-04-16,2017-06-03,V74058750
238987136,A,1359585696,2019-01-30,2019-03-17,Y16305550
239514240,C,1883914555,2017-06-06,2017-08-20,R98142549
241162551,C,1261184758,2018-07-17,2018-09-07,R29347263
241264876,A,1368916977,2017-12-02,2018-02-01,K14930290
241348328,B,1502826088,2017-05-07,2017-07-25,J99327453
242088664,A,1678088316,2018-01-31,2018-04-08,M23577831
243136234,A,1963170479,2017-12-08,2018-02-08,C90239984
243669684,B,1586783648,2019-03-22,2019-04-26,F35160676
245347361,A,1242496799,2019-12-21,2020-03-19,X69490464
246775606,D,1739913210,2017-05-17,2017-07-03,R47354541
246862927,D,1605361015,2017-11-13,2018-01-20,V67085387
247457079,D,1475222234,2018-08-31,2018-10-12,H68743683
247620290,B,1590738007,2018-03-28,2018-05-26,J35941335
247778643,D,1211168995,2019-07-13,2019-10-01,X93398955
248837195,B,1913974340,2018-01-15,2018-03-05,Z69803389
249068255,B,1496148675,2017-03-16,2017-06-03,W99884437
249108892,C,1844141278,2018-11-03,2019-01-14,V04318167
249349580,C,2012370872,2017-09-09,2017-12-05,K94480107
250175532,B,1638187956,2018-01-20,2018-03-10,H70755454
251764197,B,1516636101,2018-04-20,2018-06-13,H85798661
251766992,D,1528242536,2018-04-30,2018-07-27,G60075244
251876654,D,1644612194,2019-10-08,2019-11-08,J80665624
252400714,B,1412115265,2017-05-26,2017-08-17,X48509525
253007392,D,1539955992,2017-05-15,2017-06-30,F59274895
253659287,C,2001089751,2017-07-24,2017-10-10,H14782942
254265678,B,1873287523,2017-02-03,2017-04-14,F86052829
254506988,C,1188170923,2019-12-01,2020-01-20,Z74009761
254550169,B,2005287985,2017-05-31,2017-08-16,X01311496
254606519,A,1391145087,2018-01-16,2018-03-22,Y10359352
255097390,D,2028382078,2018-07-31,2018-09-02,Y54510001
256150798,C,1706530176,2018-01-31,2018-03-06,Z79046993
256483898,C,1223966295,2017-09-15,2017-12-06,R39667377
257262872,D,1274125338,2018-09-03,2018-10-12,T13668119
257520700,D,1176024203,2019-02-06,2019-04-01,Z33911841
257934324,B,1434896884,2017-01-24,2017-04-09,G64755357
258279513,B,2033889140,2018-07-19,2018-09-27,L24555313
260291186,B,1159191069,2018-03-23,2018-05-22,P17377472
261251110,A,1526959002,2018-04-05,2018-06-09,V92047075
261434739,C,1613768616,2018-05-29,2018-07-08,G60075244
262526452,A,1318293432,2018-06-11,2018-08-23,C00817779
262851302,D,2004988959,2018-12-13,2019-02-01,Y86354114
263324725,C,1845851801,2017-10-29,2018-01-20,R69547632
263499013,D,1978315971,2018-12-12,2019-02-05,G02155843
263879021,D,1938017552,2019-09-28,2019-12-27,V30037088
265197320,B,1723144295,2018-11-25,2019-02-14,N53647591
265842583,C,2078940227,2018-11-13,2019-01-22,V02555334
266303613,B,1434885466,2018-01-28,2018-03-11,X93718813
266887572,A,2008358532,2018-01-09,2018-03-07,R32265319
269244432,C,1768459064,2019-11-18,2020-01-01,T04511373
269949230,A,1338726879,2018-07-31,2018-10-28,P26466537
270640012,B,1406623181,2019-05-16,2019-06-27,M18888605
270694491,D,1889499544,2019-12-18,2020-01-17,P33362722
270705450,A,1868092235,2018-03-19,2018-06-04,Z11926146
272191313,B,1531409542,2018-01-21,2018-03-09,X05310013
272542763,D,2145136264,2019-01-23,2019-03-21,V31150476
272790368,C,1962847742,2018-01-31,2018-05-01,T21944216
273562550,A,1382592383,2017-03-08,2017-05-30,W89170813
273949243,A,1990403723,2019-07-02,2019-09-04,Z12610972
274581046,A,1982674140,2018-09-08,2018-12-06,N23686049
274688693,D,1242985492,2018-02-05,2018-05-03,J32567875
274988089,D,1451558458,2018-05-14,2018-06-15,W37583527
275567098,C,1262843375,2019-03-02,2019-05-14,Z42260055
276256321,C,1706313621,2017-07-21,2017-10-07,R88284956
276315277,A,1290543538,2019-10-25,2020-01-12,C52971567
276589627,D,1418990674,2018-07-27,2018-09-08,T46691726
278432565,D,1920637720,2018-02-14,2018-05-12,M36083588
278993371,C,2004753748,2017-08-11,2017-10-23,J04770790
279936684,D,2136225700,2019-07-11,2019-09-29,M87631232
280055590,B,1366883661,2019-07-25,2019-09-05,K37685333
280094004,C,1549844949,2018-12-24,2019-03-12,F58198455
280395259,C,1891131600,2017-12-08,2018-03-02,Z23707044
282332170,D,1514813910,2017-12-13,2018-03-03,F66396147
282869150,C,2116317155,2018-10-09,2018-12-17,R04662086
282875225,D,1797642411,2017-07-06,2017-09-04,P30170259
283060233,C,1237991375,2017-11-21,2017-12-24,Y15718465
284032511,B,1171679165,2017-07-04,2017-09-27,X10296928
284786127,B,1495776819,2017-12-03,2018-01-18,Z52937328
285896411,A,1846379708,2019-09-01,2019-11-17,Y94518120
285910392,A,1302017114,2018-01-22,2018-04-02,Z06966581
286023309,A,1588818237,2018-09-22,2018-12-16,Y29018681
286795291,D,2059005910,2018-09-21,2018-11-11,C09184812
287918670,D,1829221215,2018-08-23,2018-10-09,Y94444975
288532434,A,1417782335,2018-07-25,2018-10-17,K58390719
289384403,A,1545139379,2019-06-18,2019-08-21,H97610799
289524086,A,1968913777,2018-10-18,2018-11-26,N89431517
289525432,B,1813380327,2017-07-19,2017-08-18,M66810168
289861475,D,1538301579,2018-12-05,2019-01-26,M74216449
289950092,C,1730130576,2018-11-12,2019-01-23,X50123990
290227530,C,1226792416,2018-08-23,2018-10-22,Y06355304
291369030,C,1734443464,2018-01-15,2018-04-13,M10455067
292445885,A,2065352736,2017-10-26,2017-12-18,M10449606
294120755,B,1947813914,2017-09-27,2017-11-08,H52268983
294347195,C,1964768459,2017-02-21,2017-04-21,W48484674
294995165,B,1611966289,2018-10-28,2019-01-11,G10824120
295713540,B,1740546921,2017-01-12,2017-03-26,R12392670
295862808,D,1335434939,2019-02-08,2019-04-07,X43704790
297880837,A,1421112372,2019-05-09,2019-07-06,X83727749
298927074,D,2072011185,2017-06-15,2017-08-06,Z65308947
299454015,C,1217271376,2018-02-14,2018-03-22,H77408165
299602391,B,1541694411,2017-05-17,2017-08-07,T51354310
299812465,D,1227886397,2018-08-04,2018-09-09,M36940598
299907459,C,1770549803,2018-12-27,2019-03-07,W58105362
300611558,D,2033624209,2018-02-09,2018-05-06,L96439098
301944747,C,1544886280,2017-01-20,2017-03-13,Z24577825
302867281,B,2131415334,2018-10-12,2018-12-28,K73467748
303479775,D,1592372484,2018-07-19,2018-08-24,M66810168
303514865,B,1776313868,2017-10-22,2017-11-27,X26490696
304757956,A,1192612493,2018-02-09,2018-04-16,H59453724
304974180,D,1742001029,2017-10-06,2017-12-12,W54615495
305068298,A,1736895570,2019-09-22,2019-11-30,M97734787
305806386,B,1781908417,2018-05-08,2018-07-06,M52450822
306265228,B,2069983552,2018-06-21,2018-08-30,T13668119
306339454,B,2105178109,2019-05-28,2019-07-16,N31631906
306680099,A,1876156924,2018-12-24,2019-02-09,K53168868
308056007,C,1935886120,2018-02-08,2018-03-15,X01957726
308988756,B,1405872753,2019-03-21,2019-04-20,V28564849
309407010,B,1219229010,2018-10-02,2018-12-20,H73344787
309828807,D,1707042416,2017-06-20,2017-08-09,X40101071
313351772,C,1959196280,2017-03-31,2017-06-06,F81742656
313517339,A,1711458986,2018-11-02,2018-12-11,L32740169
314294911,A,1435114009,2019-08-17,2019-10-21,C97898396
314355892,D,1722202962,2018-05-27,2018-07-05,J25287882
314396206,B,1925731573,2018-11-12,2019-02-04,H16112654
315289855,B,2063454230,2017-01-12,2017-03-14,X14571585
315746179,C,1224687979,2018-03-06,2018-04-13,H55807068
317009233,D,1200749711,2019-10-17,2019-11-18,M27253413
318207224,C,2084346984,2017-10-27,2018-01-14,G45151776
318430591,B,1466744339,2019-09-26,2019-11-18,G39237576
318728320,A,1371694167,2019-12-20,2020-03-06,V33840849
319041351,C,1962541732,2018-10-01,2018-12-03,X34440645
320028099,B,1573259853,2017-03-09,2017-05-27,C87460905
322705723,D,1910246499,2019-03-07,2019-05-10,X78037267
323451769,A,1388925057,2019-09-03,2019-11-18,P13815906
323490547,A,1157292074,2017-08-09,2017-09-20,K85662558
325561700,C,1336054678,2019-05-13,2019-08-03,F15389795
327494122,D,1479497028,2017-01-30,2017-03-08,H50607160
327797506,D,1400602879,2019-01-30,2019-03-27,C60418631
328459350,C,1564371708,2018-05-19,2018-07-08,P13386244
330139397,D,1407558966,2018-03-20,2018-06-11,C72448632
330302252,D,1671435919,2019-09-16,2019-12-09,T70018455
331880543,B,2114455112,2017-12-09,2018-01-27,Y74340542
332565679,D,1973774241,2018-03-01,2018-05-21,G45626021
332898387,B,1345497572,2018-06-12,2018-08-16,F44230268
333147840,D,1392002581,2018-12-21,2019-02-17,L29575916
333225322,B,2102981289,2017-08-10,2017-11-03,H31692962
333697779,B,1759030951,2018-03-08,2018-05-02,J20404420
334375395,B,1423579869,2017-11-11,2017-12-22,R56330014
335926340,A,1733002894,2017-04-09,2017-05-14,K89052983
336193173,D,1373912239,2018-05-11,2018-08-06,K13611977
336538267,D,1483754316,2017-06-06,2017-07-26,X37708174
336752489,B,1971098029,2018-09-24,2018-12-16,Y42536336
340071489,D,1343504174,2018-07-12,2018-08-22,P18323797
341897930,B,2021952948,2019-04-04,2019-05-08,J41605484
342097509,B,1939971353,2019-06-17,2019-07-28,Y35224584
342164047,B,1362710862,2018-11-22,2019-02-15,K12536041
342270057,D,1307652772,2018-09-24,2018-11-09,Y18526416
342605938,C,1516152575,2019-03-23,2019-06-19,Y32402524
344888809,A,1572992507,2019-12-10,2020-03-01,J42582732
345386084,A,2118330630,2018-03-23,2018-06-09,X00239868
345978724,C,1457160652,2019-02-24,2019-05-17,F40584619
346602567,B,1288178564,2019-08-20,2019-10-10,P55602328
350276125,B,1533919415,2018-12-18,2019-01-17,G48424027
351392247,B,1213368283,2017-08-25,2017-11-23,Z49672316
352809209,A,1797758605,2017-04-09,2017-05-17,G11931015
356312303,A,1570748867,2017-09-14,2017-10-28,H42651619
357180771,A,1923485621,2017-03-04,2017-04-04,W50515298
357901979,D,1564821579,2019-06-14,2019-09-05,N63989144
359361122,B,1855076849,2019-02-18,2019-03-26,Z47316353
360029094,D,1365249345,2019-06-04,2019-08-22,G86379936
360697500,B,2056428841,2018-08-27,2018-11-13,X45812889
360772015,A,2138404009,2018-07-27,2018-10-14,C18102108
362055613,A,1884524596,2018-07-27,2018-10-21,F85539579
362726316,D,1839805997,2017-10-24,2017-12-27,V16396314
363301748,B,1267802999,2019-12-25,2020-03-04,K79963479
363747683,D,1557650791,2018-11-24,2019-01-21,C52875305
364266859,A,1499309864,2018-07-23,2018-10-10,M25350375
364425311,B,1811958240,2018-11-25,2019-02-12,X78376969
365278877,B,1826363787,2017-04-23,2017-07-08,R41998828
365291973,A,1276923421,2018-03-13,2018-05-16,W46612067
366514000,C,1694686271,2018-07-23,2018-09-11,K98676393
369550181,C,1742672251,2018-08-17,2018-10-12,R12912558
369605955,C,1334990715,2017-01-18,2017-03-19,Y65328254
369705204,B,1515670010,2019-02-24,2019-03-30,N72312732
370039798,D,2064800726,2017-06-23,2017-08-24,H90607613
370657862,C,1712638186,2019-09-10,2019-10-16,R35904533
370875752,B,1411221173,2019-01-31,2019-05-01,F51123962
371052443,B,1594651348,2019-08-16,2019-10-04,G64599185
371161500,A,1169263176,2017-06-27,2017-07-31,K40966795
373704053,A,1188171003,2018-07-17,2018-10-13,V13754492
374451303,A,1292885360,2018-11-21,2019-01-04,F18802944
375179815,D,1369994537,2019-04-13,2019-06-26,G59243528
375846545,C,2024221445,2018-12-07,2019-02-10,Z96008434
376228164,B,1664777452,2017-07-10,2017-08-11,Z13866151
377386837,D,1739252541,2019-03-26,2019-05-28,C49926312
377851886,B,2116985623,2017-07-20,2017-10-13,X26482343
378465121,A,1411167463,2019-04-27,2019-06-23,G56541557
380319630,C,1816174010,2017-12-15,2018-03-13,J68914370
380404404,C,1877535517,2019-10-31,2019-12-20,N16229371
380635478,B,1198012560,2017-10-25,2017-11-29,G11697209
381554472,B,1373265003,2017-04-30,2017-07-12,H51102837
382154167,D,1231592070,2018-05-09,2018-08-05,H31170038
382383990,B,1945764796,2019-12-09,2020-02-18,G07299038
382582567,B,1831176972,2018-07-25,2018-09-30,R46502686
382630053,D,1990021693,2019-06-28,2019-09-08,M62820496
383432902,B,1737286983,2017-04-09,2017-06-29,V25869076
383669080,D,1393672580,2019-10-06,2019-12-29,H17217760
383746394,A,1769653340,2019-03-11,2019-05-07,Y65320957
383802476,A,1690122782,2017-02-25,2017-03-29,V30456699
383868831,C,1734320757,2017-07-30,2017-10-12,V88432512
385309582,B,2115992546,2017-07-09,2017-10-07,H81595914
385318236,A,1330412735,2017-06-11,2017-07-26,T38395274
386084056,C,1548167837,2019-05-25,2019-08-23,Y04666824
387119887,C,2104752935,2018-04-15,2018-05-22,P52263130
390360659,B,1504705772,2019-08-24,2019-10-10,J06329976
390740128,A,1424396074,2019-06-18,2019-08-25,N50421386
391609804,A,1966327504,2019-02-02,2019-03-26,V57714460
392201646,B,1933704136,2018-01-29,2018-03-15,C68230115
392605081,D,1925986335,2018-05-22,2018-06-26,Z56024500
392959301,B,1238337800,2017-07-05,2017-09-25,L07644704
393530374,C,1643986490,2018-01-02,2018-04-01,P32909320
394235177,D,1723740291,2019-12-17,2020-01-24,N42260447
395898111,D,1862355719,2017-01-11,2017-02-10,W63826719
396035087,B,1666491260,2019-08-05,2019-09-22,V25345851
396346051,A,1746928690,2018-11-05,2018-12-15,V30849656
396590405,A,1645570306,2018-09-03,2018-10-07,P21004985
397701325,B,1618257534,2017-12-21,2018-02-03,C74085132
398176452,D,1349943011,2018-02-28,2018-05-27,P71115070
398898143,B,1675517967,2017-08-24,2017-09-29,P68301785
399463453,B,1447507021,2017-10-02,2017-12-31,F16032971
400257430,A,2002435243,2017-07-22,2017-09-09,H69383643
400367993,D,1569681926,2017-03-11,2017-04-25,T85337652
403391110,D,1594363250,2017-08-29,2017-10-30,Z64125864
404240051,C,1650722291,2019-01-09,2019-03-23,L99432614
406543518,B,1403614151,2018-09-08,2018-11-27,L90647900
407064732,C,1804478597,2018-05-15,2018-06-30,X21632253
407261215,D,1605887506,2019-09-12,2019-12-05,W10315587
407848332,D,1351545096,2018-07-05,2018-08-14,J91059622
408266322,B,2097286103,2019-10-21,2019-12-27,P33906040
408595293,D,1427382682,2017-08-22,2017-10-28,L16328246
409192011,D,1391145919,2017-11-25,2018-02-13,X01877667
410123877,B,1860869859,2017-08-19,2017-09-26,Z39360332
410814343,B,1472467796,2018-01-11,2018-03-02,X09258656
410834368,B,1187297824,2017-11-13,2017-12-28,Y68502293
411320939,B,1957926875,2017-04-02,2017-06-20,G63906831
411424557,C,1457750543,2017-03-25,2017-05-31,W09554696
414055095,A,1835008656,2019-04-29,2019-06-29,P54962685
414084218,D,1640852796,2017-08-12,2017-10-19,L43622560
415819607,A,1667745477,2019-10-06,2019-12-25,T88226289
417918774,B,1793472397,2018-07-11,2018-09-11,X62041780
419032962,A,1831221973,2018-01-26,2018-04-05,G67326418
420481167,D,1903632286,2019-07-28,2019-10-19,J49225139
421300937,C,1842960895,2017-11-10,2017-12-11,T72776245
421994204,D,1412247489,2018-03-05,2018-05-30,M65662116
422080225,B,1829605757,2019-05-29,2019-07-17,Y34273537
422395036,C,2082737830,2017-03-23,2017-05-25,G07299038
422578914,D,2091776306,2018-02-11,2018-05-05,X55511701
422596448,A,2083627116,2019-02-16,2019-03-31,J66038584
423504213,A,1998627790,2017-06-20,2017-07-30,L81217829
423693214,C,1922802828,2019-12-11,2020-02-02,X99571899
423811804,D,1483529041,2019-08-30,2019-11-22,P81857781
424094162,D,1272560232,2019-06-18,2019-08-26,L93750647
424433679,A,1237800178,2019-05-28,2019-07-23,K72406913
425114993,A,1272988960,2019-10-11,2019-12-31,H23653757
426829801,A,1459536987,2018-11-01,2018-12-10,Y09707326
427238811,D,1804121005,2018-02-27,2018-05-23,X02360353
429040653,C,1809424088,2018-05-10,2018-06-20,L37086790
430329081,B,1435024559,2018-09-28,2018-12-18,M80524962
430878573,C,1716148276,2018-05-15,2018-07-08,L56736074
430966517,A,2064026756,2019-02-02,2019-03-17,W57303410
432205097,D,1280068031,2017-09-09,2017-11-16,X26482343
432638922,A,1288944444,2019-01-21,2019-03-08,H04745237
433033959,B,1450850147,2018-11-26,2018-12-26,P40419919
433860074,A,1740965433,2017-12-04,2018-02-04,X38257164
436371115,A,1925687000,2019-10-29,2020-01-08,Y04814788
436631180,C,1513700601,2018-02-20,2018-04-05,K10699205
437024451,C,1948224855,2019-04-16,2019-05-16,X29922031
437240661,C,1666338503,2019-05-08,2019-07-29,F68805919
437297225,D,1529265749,2017-09-28,2017-11-27,V09212872
438464359,D,1732670167,2017-07-19,2017-09-21,X48402192
438843634,A,1410098544,2017-12-05,2018-02-05,Z85908616
439182787,D,1444425894,2017-03-19,2017-04-28,C89646666
439538134,B,1910505125,2018-12-18,2019-03-17,P32693070
440187330,A,2089743219,2019-04-17,2019-06-06,X58569563
440223253,C,1446858165,2019-04-16,2019-07-07,Z08834550
440235400,C,1424327856,2017-02-24,2017-04-16,Y89157981
441022046,D,1980249429,2017-04-12,2017-06-02,F36805786
441189579,A,2026943595,2017-07-18,2017-08-30,X39134018
442042985,C,1730443580,2018-03-30,2018-05-07,V93118113
444011918,D,1843985945,2017-05-16,2017-07-09,R02555618
444610484,A,1273884296,2017-06-20,2017-07-28,R35978934
445247060,B,1691939170,2019-07-26,2019-09-10,N34148108
446393975,B,1384405262,2018-08-21,2018-10-29,V13291916
446456035,C,1313777787,2017-06-20,2017-08-27,R93201569
446578512,D,2026715622,2019-09-14,2019-12-07,K82759845
450287510,D,1448705534,2018-09-12,2018-10-24,W67774179
451099315,D,1644275274,2019-08-28,2019-11-23,N33547591
451790036,A,1149627502,2017-08-06,2017-09-22,Y71092616
452914247,A,1234286625,2019-07-12,2019-09-10,Z38609354
453136930,A,1394775657,2018-12-16,2019-01-27,J98103062
454928362,C,2089861220,2019-06-20,2019-07-23,W23276715
455815202,B,1696320239,2017-02-16,2017-04-30,J43732679
456230041,B,1319668609,2018-05-13,2018-07-19,K77896912
457203864,D,1444611218,2017-07-09,2017-09-02,C67779454
457434870,C,1173197293,2018-02-22,2018-04-01,G70997445
458379915,C,1238379073,2019-01-31,2019-04-19,K14950369
458484434,C,1984471730,2018-05-09,2018-06-29,J98103062
458508542,B,1677173521,2018-06-18,2018-08-16,C11638264
458523829,B,1342284726,2018-10-30,2019-01-26,Z40292591
460447736,D,1971410788,2018-10-18,2018-11-29,R02689123
460634332,C,1480539476,2019-01-11,2019-03-19,X84189990
461326850,A,1560019966,2019-05-10,2019-06-29,Z16038187
463390136,D,1300189517,2017-06-01,2017-07-23,R00509004
463861599,C,1870770835,2018-02-24,2018-04-10,C86414586
464964633,B,1307018916,2019-04-20,2019-05-28,J90944892
465140003,D,1550545047,2017-07-06,2017-09-06,P18888110
465986248,C,1486498052,2018-08-16,2018-10-14,H69383643
467046186,C,1913987391,2018-03-01,2018-04-05,C56071726
467536173,A,1665093532,2017-10-23,2017-12-10,M79931697
470481334,A,1156524354,2017-07-01,2017-08-17,K00443436
470785952,B,2129738608,2018-08-20,2018-11-01,J21285146
473356217,A,1381092799,2018-07-30,2018-08-29,N14663649
475132276,B,1873536316,2019-03-11,2019-04-15,X26490696
475273012,B,1276881833,2018-04-19,2018-06-16,L51515176
475330945,B,1436783821,2017-03-23,2017-06-11,L36375898
475438556,C,1383585242,2017-06-15,2017-08-18,W19147742
476323865,D,1663388988,2018-12-08,2019-01-28,G24580653
476955592,C,2012019320,2019-11-13,2020-01-04,L92418237
477069506,D,1838240011,2017-05-12,2017-07-07,L59933166
477548372,A,1154463248,2018-09-08,2018-10-10,Y05397136
478004968,A,1529679369,2018-08-28,2018-11-24,M24242074
479302572,D,2010091680,2019-09-20,2019-10-20,Y82939114
480904867,B,1337246565,2017-10-26,2017-12-04,N05980091
481973626,D,1593440104,2017-10-07,2017-12-12,V23410112
483666376,A,1356193950,2018-03-26,2018-06-11,J93783699
483740233,B,1875203655,2018-12-14,2019-03-09,T81922567
484104587,B,2067179344,2018-06-21,2018-08-19,J93156499
484387059,C,2017947811,2018-11-20,2019-01-23,Y99638645
485060461,A,1974326296,2018-05-01,2018-07-21,Z42600843
485167695,B,1676668511,2019-04-17,2019-05-23,N41161702
485595113,C,1770835811,2017-01-29,2017-03-19,P29738521
486524818,C,1866293239,2019-11-11,2019-12-21,T37819727
486752441,A,1880616782,2018-01-31,2018-04-01,T21231825
487682292,A,1405916335,2018-01-16,2018-03-22,J83737555
487813583,D,1847358210,2019-11-17,2019-12-26,R75659786
489850401,B,1206712601,2019-09-06,2019-11-06,V44644402
490664548,D,1954283354,2018-06-10,2018-07-10,Z95182888
491561981,A,1484880210,2019-06-24,2019-08-20,V95647962
492216646,C,1786288254,2017-08-17,2017-11-01,R51467208
492834726,A,1801954299,2017-04-21,2017-05-28,X08642033
492893852,A,1883141431,2019-11-09,2020-01-31,F25623614
493134311,D,1245004091,2017-08-27,2017-10-23,G07404002
493966948,C,1862002433,2018-01-06,2018-02-10,F68478433
494817027,A,1530308965,2019-09-28,2019-12-02,Y84388757
494824131,C,1271249690,2017-10-17,2018-01-08,J60973357
495311401,C,1229306131,2017-09-21,2017-12-15,V41509521
495328719,C,2086865458,2017-05-30,2017-08-04,R49802189
495526650,C,1444031615,2018-06-07,2018-07-31,R35904533
495555290,B,2106580098,2017-03-23,2017-06-01,K00716493
496042500,C,1385962689,2018-08-10,2018-10-11,F28308702
496298189,C,1835402448,2019-11-12,2019-12-28,L87837855
496695276,A,2130906818,2017-03-07,2017-04-10,N14080877
497160643,B,1250853427,2017-08-03,2017-09-04,Z15416133
497582012,B,1786782510,2017-07-11,2017-08-11,M68040523
497628796,B,1665012334,2019-08-08,2019-10-02,H27544035
498823072,C,1663032779,2019-06-11,2019-07-16,G07404002
499419355,D,1591994777,2017-04-14,2017-06-01,W53213197
500533562,B,1692295494,2018-10-14,2018-12-27,Z83039707
503114316,B,1386084689,2019-10-25,2019-12-31,X12378033
503548069,B,1813301681,2017-03-23,2017-06-03,C54115649
503757714,A,1206344452,2019-04-09,2019-05-31,Y55362935
504214867,C,1182731296,2018-12-07,2019-02-19,Y59137033
504287537,D,2142122626,2019-01-12,2019-03-07,H97766631
504717639,D,1152792582,2019-11-09,2019-12-16,Z59509847
505849529,C,1707261320,2019-04-18,2019-05-19,C88401942
506240027,B,2109525048,2017-08-02,2017-09-04,P30760459
506628684,B,2044605330,2019-07-26,2019-09-06,T04511373
506640039,B,1613356814,2018-10-28,2019-01-22,C38094853
507346109,C,1712538028,2019-01-13,2019-03-28,Y71921368
507498668,A,2062916696,2019-05-24,2019-07-16,C64657219
509280005,A,1882799934,2018-03-12,2018-05-15,H61135815
509417253,B,1797245428,2019-08-16,2019-10-15,J46452391
510699256,D,1730509110,2017-12-11,2018-02-28,J06933201
511318236,A,2108723021,2019-01-17,2019-03-01,K62628434
513367910,A,1901913464,2019-02-13,2019-03-31,R87441149
513581022,B,1254795358,2019-09-09,2019-10-28,N51124201
514529706,C,1615281094,2019-05-31,2019-07-01,F69555471
515620249,C,1989335446,2017-05-23,2017-07-28,C28643767
516020307,D,1933196542,2019-06-01,2019-08-17,Z75467253
516023747,A,1245838236,2018-01-27,2018-04-04,N34626133
516398089,C,1477679901,2019-03-06,2019-05-24,X83718615
516623838,C,1651866662,2019-07-09,2019-10-06,R79802506
517813404,D,1756539588,2019-01-20,2019-03-25,G97143138
517984822,D,1796460273,2018-11-01,2018-12-21,M83808487
518064947,C,2057641884,2019-12-23,2020-02-07,P69947721
519372724,B,2138240588,2019-03-03,2019-04-03,T41429535
520059565,A,1909996025,2019-09-14,2019-11-18,P33445351
520775125,A,2100345123,2017-11-07,2018-01-02,G43961717
520952583,C,1437497937,2018-04-04,2018-05-16,X89492794
523123565,A,1981584410,2017-01-18,2017-04-18,T53966517
524220818,A,1296010405,2019-11-13,2020-02-04,F58198455
524273627,A,1901979638,2018-04-30,2018-07-09,P19007280
524281016,C,1809847122,2018-08-31,2018-11-03,M29125004
525099934,B,1803607530,2019-08-08,2019-09-28,M48744216
526419499,C,1463767633,2019-12-13,2020-01-29,T51846281
527737523,A,1204433584,2019-10-09,2019-12-24,C37390910
528530338,A,1360246301,2017-07-30,2017-09-19,K89277679
528548498,A,1736391495,2019-12-04,2020-02-22,R95951994
529041647,C,1639340980,2018-07-28,2018-09-15,J36336940
529090848,C,1717259442,2017-08-12,2017-11-02,F47018959
529306968,A,1934495063,2018-03-10,2018-05-16,L08562865
529932911,A,1627265217,2019-01-09,2019-02-13,V28564849
531158524,D,2047613001,2017-03-22,2017-05-05,K13180759
532998576,A,2139151568,2019-10-01,2019-12-05,C60985818
533087432,C,1462020445,2018-07-14,2018-09-07,H32072355
533272010,D,1251907295,2018-03-21,2018-06-09,Y40288011
533486819,A,1856080656,2019-12-17,2020-03-03,Y14009466
534808100,D,2095136286,2019-06-02,2019-08-18,X62080673
537513464,A,1791842424,2018-06-29,2018-09-11,M22750797
538315998,C,1514692351,2018-09-17,2018-11-23,C33488791
539048539,D,1483601769,2019-12-12,2020-01-12,G60763366
539179103,D,1562343474,2018-09-09,2018-10-22,G86379936
539290099,D,1555948723,2019-06-11,2019-08-27,L84214566
541177372,B,1817040935,2018-11-12,2019-02-08,Y79183577
541570254,B,1826161121,2019-05-26,2019-07-15,X45831009
542075741,A,1239977448,2019-07-17,2019-09-16,V06345141
542278995,B,2051041946,2019-01-24,2019-02-26,Z63937711
542511814,D,1474484691,2017-11-14,2018-01-27,F52431095
543307715,D,1240416509,2019-06-25,2019-09-14,T44270671
543314714,B,1285029829,2019-04-30,2019-06-12,V82793175
543551535,B,1800421196,2019-06-11,2019-07-19,M48744216
543871645,A,1206870493,2017-11-02,2017-12-27,N51124201
544039574,D,1768984715,2017-04-30,2017-06-24,P23412339
545456973,D,1979817405,2018-05-11,2018-06-17,K62329183
546993342,D,1208291667,2018-12-12,2019-02-09,F44372711
547568311,B,2023383477,2018-07-17,2018-09-27,Z68709397
547889734,A,1251295356,2019-11-10,2020-01-29,Z44857623
549807947,D,1307246562,2019-09-12,2019-12-03,W85609445
550038549,B,1155594454,2018-06-01,2018-08-10,P24723605
550506771,D,2121584255,2017-12-30,2018-03-10,C52875305
550802723,B,1160638490,2019-08-28,2019-10-17,Y04738742
551691594,D,2137246970,2019-01-21,2019-03-20,Y17745890
554061604,B,1372974088,2017-10-07,2017-11-08,F63419067
554243849,D,1581545044,2019-04-21,2019-07-03,G64599185
554317232,C,1240042694,2017-07-06,2017-09-20,Z79498714
554543528,C,1916285738,2018-09-06,2018-11-12,C99556175
556416522,A,1908021225,2017-02-01,2017-04-22,K27801569
558368032,D,1242682983,2017-10-22,2017-12-25,N41161702
558598342,B,1774950554,2017-12-23,2018-01-31,M25350375
559454152,B,1313716347,2017-07-15,2017-10-10,R16609970
560781951,C,1968658944,2018-01-04,2018-02-09,J51988168
561871699,A,1608002606,2017-02-24,2017-05-23,Z08410827
562197946,D,1405769955,2019-07-03,2019-09-19,N69937144
562258756,A,1516887664,2018-11-23,2019-01-05,M68258717
562648064,B,2134864611,2018-04-23,2018-06-29,G88623524
562746243,B,1506891649,2017-04-14,2017-06-24,J49225139
562992882,D,1747658885,2017-10-01,2017-12-03,R35974964
563762356,D,1432966661,2019-12-18,2020-01-24,J60923423
563978028,C,1387319448,2017-01-14,2017-03-08,G80780573
564815941,B,1340130929,2018-03-27,2018-05-16,V44644402
564889393,A,1692483581,2018-08-17,2018-11-09,T44732035
565219309,B,1456488185,2017-12-13,2018-02-02,R04662086
565350610,C,1403518288,2018-10-15,2018-12-17,R24156617
565694009,A,2034970650,2018-05-19,2018-08-03,L31984850
565744403,A,1982586908,2019-12-17,2020-03-10,P29738521
566117674,C,1269297828,2018-12-29,2019-03-11,X76292950
566177536,B,2066455867,2019-01-29,2019-04-27,P51261039
566189971,B,1199343230,2017-12-27,2018-02-18,N97311425
566492963,D,1664954314,2018-07-08,2018-08-21,P44884107
566733551,C,1963216033,2019-03-01,2019-05-21,L56736074
566768209,C,2087833325,2019-11-13,2019-12-23,N23686049
567645033,D,1230524790,2018-01-25,2018-04-10,X34667477
569113714,C,2091494902,2018-12-24,2019-03-03,C21695277
569570793,D,2111700794,2018-01-25,2018-04-19,C60985818
569745101,A,1911791718,2018-04-24,2018-07-10,T39763445
571174957,A,1529333915,2018-12-12,2019-01-24,Y08301471
571377571,A,1871205715,2019-11-02,2020-01-12,P83683632
573508698,C,2050296097,2017-04-09,2017-06-17,P63403259
573806881,D,1315687061,2018-05-13,2018-08-07,J17075027
574301018,C,1784705291,2019-06-13,2019-07-15,L38334724
574943396,B,1988992235,2019-11-28,2020-01-26,N37351673
575655218,A,1881785191,2019-05-03,2019-07-02,C11499920
575746349,C,1279632960,2018-03-26,2018-05-13,T07693768
575758583,B,2032639642,2019-03-28,2019-05-03,J38902714
576875095,D,2109873403,2017-09-10,2017-11-20,M10171559
576988260,D,1393524769,2018-04-26,2018-07-24,P53141425
577031894,B,1701656798,2018-08-15,2018-10-23,Y76410157
578636835,A,2138780363,2017-03-05,2017-05-27,T68908181
579207150,A,1976604525,2018-04-02,2018-06-12,T41429535
579781909,D,1536955645,2017-03-22,2017-05-04,H75870345
579993656,B,1793821666,2017-02-08,2017-04-17,X20012094
581223911,B,1996846997,2019-11-09,2020-01-08,R88972630
581860605,A,2051156487,2019-08-26,2019-11-05,P11767066
582326987,D,1393852320,2017-02-01,2017-03-06,F35160676
582348595,C,1180663493,2019-10-23,2019-12-06,Z92511652
582690397,A,1722177414,2017-09-30,2017-11-15,Z54881209
582971242,B,1352085410,2019-08-09,2019-09-22,Y73199104
583105365,D,1465671539,2018-02-04,2018-05-02,J10614178
583669982,A,1968819813,2017-03-28,2017-06-23,C09584848
583852659,D,1322082242,2019-08-17,2019-11-01,C16203184
583872699,B,1196566502,2019-03-26,2019-04-28,F66255155
584019176,C,1708567655,2019-01-03,2019-03-22,Z72240657
584151916,B,1654790400,2017-08-11,2017-09-18,C00817779
584280515,B,2061308098,2019-05-23,2019-07-04,Y23390431
584926620,A,1189679018,2018-04-18,2018-07-05,V94198062
585525315,D,1163994505,2017-06-06,2017-07-25,M55900671
587697820,B,1210025290,2018-06-18,2018-08-18,Z25097321
588131169,A,1611099107,2019-07-21,2019-09-17,Y31283554
588195094,D,1771859083,2018-06-09,2018-09-05,Z37666539
588386773,A,1698818422,2019-06-12,2019-08-16,L63612779
588708392,C,1585368151,2017-10-25,2018-01-19,M69668175
589362803,A,1617538141,2019-04-30,2019-06-18,M79966794
589902330,A,1670066525,2017-07-20,2017-08-31,L05331941
592247213,D,1480776397,2018-01-17,2018-04-01,P98262023
592936390,B,1767962313,2018-01-19,2018-03-06,H32072355
593047472,C,1954281181,2017-09-07,2017-11-25,V72098660
594750995,B,1553126915,2017-10-29,2017-12-01,Z33356093
595176003,A,2012526682,2017-07-28,2017-09-09,V65185738
595667069,C,1713225932,2019-06-21,2019-07-26,F53682477
595853391,C,1792372755,2019-08-02,2019-09-02,N86846341
595886752,A,1454595212,2017-07-10,2017-08-24,J17075027
596313128,C,1709121363,2019-07-26,2019-10-23,L48361270
597555412,C,1439953600,2019-10-15,2019-12-01,K66509963
598365446,D,1398468566,2019-11-29,2020-01-02,R62061195
598644754,D,1296772406,2017-04-16,2017-06-08,N78775934
598982982,B,1167520549,2019-03-26,2019-04-28,H23696494
599014485,C,2128634223,2017-02-08,2017-03-30,Y75938498
599896389,A,1478339269,2017-05-13,2017-06-19,X85701568
600240533,A,1723048965,2017-02-18,2017-03-20,K84806329
603254240,A,1288677926,2018-10-17,2018-11-23,Z85132640
603761650,C,1787923659,2017-09-01,2017-11-25,M10449606
604715621,B,1437220712,2018-04-25,2018-06-20,Z52615662
605166969,B,1250582668,2017-06-27,2017-09-23,L05331941
606728012,A,2011549161,2018-08-13,2018-11-10,Y17032643
606886505,D,2020592189,2018-04-27,2018-07-26,H63559784
607130832,D,1803972689,2019-01-29,2019-03-31,R70830036
608523409,D,1952930549,2019-04-10,2019-06-15,Z91817868
610670289,B,1179513339,2018-01-30,2018-03-27,W77745648
611328118,D,1255628113,2019-04-08,2019-06-12,H37965939
611340411,A,1589428745,2017-07-09,2017-08-21,R70830036
611446113,B,1908050246,2018-05-21,2018-07-23,W73693955
611527191,B,1307932414,2018-05-29,2018-07-26,R47354541
611817751,A,1939500065,2019-06-03,2019-07-30,G26401327
611820259,D,2063633099,2019-09-23,2019-12-13,P24583412
612486584,D,1323805123,2017-07-10,2017-09-10,K89052983
612988872,A,1206984013,2017-04-21,2017-05-31,N34415440
613477827,A,1485722547,2018-01-19,2018-03-24,G16610955
616993276,D,1273745126,2019-03-14,2019-05-17,L71564326
617078061,B,2037438068,2019-05-14,2019-06-24,Z55371204
618902812,D,1234139348,2017-05-20,2017-07-17,C24930181
619537046,B,1764020922,2018-01-14,2018-03-09,G67326418
621001829,C,1395646482,2018-10-26,2018-12-28,R85290647
621101238,A,1344179393,2018-06-27,2018-09-14,Z17378905
621307148,B,1612512803,2018-02-06,2018-03-24,P42222058
623275804,C,1309186289,2018-01-12,2018-02-11,C42133082
625013824,C,1809841463,2019-01-23,2019-04-02,C97517108
625651185,B,1290389583,2018-07-07,2018-09-13,K61154473
627713468,A,1682996130,2017-12-11,2018-02-09,K34812542
628481875,D,1867344020,2018-04-22,2018-07-20,F29235763
630462044,B,1444617375,2019-09-27,2019-11-16,F31091775
632201284,D,1595930752,2019-10-25,2019-11-25,Z12177762
632265016,D,1290743954,2017-01-21,2017-03-06,C68230115
632703018,C,1797015724,2018-02-18,2018-03-23,H85387724
633526852,D,2013154191,2018-03-31,2018-06-20,L35646638
634342241,A,2140267480,2017-11-17,2018-01-07,P77817886
635353363,A,1917981494,2017-02-06,2017-04-29,L15236927
635414498,C,1290508307,2019-01-24,2019-04-10,G25661302
635996240,D,1173437676,2018-12-30,2019-02-23,L50351879
637101657,B,1383707827,2018-05-24,2018-08-01,R35602033
639982968,A,1557851767,2018-10-07,2019-01-01,X39981044
640299619,B,1317098815,2019-02-15,2019-03-24,T44732035
640391110,D,1932419022,2017-04-17,2017-06-03,Y29020159
640697297,C,2078360094,2018-01-21,2018-02-27,J53552125
641840743,D,1399225407,2017-03-12,2017-04-18,P30868751
641960226,B,1812141830,2019-02-01,2019-05-02,J41931202
642702318,A,2067404303,2018-11-01,2018-12-09,C37127992
642982114,A,1790919745,2018-03-13,2018-05-25,K13611977
643366356,B,2085486103,2017-09-21,2017-12-19,G75501552
644245487,B,1545051583,2017-10-19,2017-11-24,V76194497
644606071,B,1172326841,2019-11-23,2020-01-21,Y17381534
645360831,B,1252815355,2017-12-19,2018-02-06,V45210345
646148114,A,1455459105,2019-10-06,2019-12-22,X25165937
646732714,B,1551483939,2018-04-13,2018-06-05,H60302265
648002769,C,1571142608,2019-08-14,2019-09-21,H27693979
648850896,D,2070902828,2018-09-05,2018-10-17,F82543753
650421928,D,2022564066,2019-08-09,2019-10-31,J06933201
650981709,B,1799775776,2018-11-14,2019-01-29,F62066718
652040056,D,1900252348,2019-04-22,2019-06-25,R85290647
652183333,A,1379948867,2017-02-18,2017-05-16,H16216045
654481114,D,1932236329,2019-12-23,2020-02-02,J91059622
655114265,C,2135236333,2018-04-24,2018-06-13,F48042866
655715315,C,1672395952,2019-04-17,2019-07-04,P30868751
656193085,B,1763487629,2018-05-19,2018-07-24,H23696494
656789629,B,1264624061,2019-04-24,2019-06-08,C49343895
657874879,A,1681085128,2018-06-20,2018-09-06,X69017221
659667636,A,1256397605,2018-01-14,2018-03-24,X41841306
661895108,A,1528044230,2018-03-21,2018-06-02,R12912558
663481017,B,1934998524,2017-04-08,2017-06-28,F62066718
665361323,A,1554467211,2018-05-22,2018-08-08,J99327453
665379915,C,2009184830,2017-05-17,2017-07-20,J81826596
666141013,A,1459008647,2019-12-24,2020-03-11,H42078114
667264578,C,1888658298,2018-06-25,2018-08-14,X49985021
668502905,C,1325260606,2019-03-24,2019-06-15,P33362722
668563293,A,1530114725,2019-04-04,2019-06-03,F54056982
668622487,D,1159842726,2018-01-06,2018-03-21,K62182720
668703972,B,2033068255,2019-05-02,2019-06-17,Y63674404
668766370,C,2051953132,2019-08-02,2019-09-09,L65001140
671714436,C,1535990723,2018-10-07,2018-12-13,Y94065344
671903445,D,1245116000,2018-08-28,2018-10-17,F26420642
672035314,A,1764288410,2017-07-31,2017-09-07,K81450918
675090326,C,1220880404,2018-11-12,2019-01-20,P02389061
675173079,D,1424541107,2018-04-22,2018-05-25,X84019846
675559494,C,1553429084,2018-04-28,2018-06-19,W97933309
675667213,A,1301172498,2019-06-13,2019-08-17,Z03912450
675920227,C,1704042204,2019-02-06,2019-04-25,H03031124
677107668,A,1794432163,2017-08-07,2017-09-18,H38385370
677171517,B,1877235878,2019-05-04,2019-06-09,C99133124
677381862,C,1580733879,2017-03-16,2017-05-09,F61284796
677405338,B,1945030496,2018-09-30,2018-12-14,P25826870
677675042,D,2140513255,2017-08-22,2017-10-26,L90647900
678786665,A,2136175491,2019-08-21,2019-10-26,K48790633
678888817,B,2006367474,2019-07-23,2019-09-13,X65257156
679158524,D,1232702406,2019-02-27,2019-04-26,K87589512
679600044,B,2047337348,2018-02-26,2018-04-18,Z08411149
680141818,A,2116813360,2018-07-15,2018-10-12,Y63273683
681008888,C,1984102724,2018-01-29,2018-03-03,Y15496684
682197069,D,1873974751,2017-02-26,2017-04-12,L00158285
683083154,C,1808501781,2017-02-24,2017-04-19,R24912841
685831322,A,1647630400,2017-07-29,2017-09-19,X63276750
687713894,D,1244181646,2017-09-19,2017-11-22,J35941335
687929667,A,1164131590,2019-11-19,2020-02-05,P81567208
689293761,D,1318954850,2017-07-18,2017-09-18,M49215942
690897247,B,1997287027,2018-11-21,2019-02-07,N68147628
691950349,B,1692858069,2018-06-22,2018-08-21,M71029834
692023546,B,1769555841,2019-12-20,2020-03-01,P81509819
692718363,A,1644655077,2019-09-25,2019-12-04,C49343895
692776950,B,1893309378,2017-02-21,2017-05-07,F51123962
692971516,A,2082365441,2017-07-09,2017-08-15,X66298361
693166488,D,1962418162,2017-04-08,2017-05-24,J97620979
694479414,A,1642248954,2018-07-21,2018-10-16,W57303410
694552945,B,1717928827,2018-10-29,2019-01-20,N88970244
696544911,C,1264727650,2017-06-21,2017-09-06,L89589568
696694604,C,1390403901,2018-10-30,2019-01-04,X91832213
697884273,D,1406088108,2019-09-01,2019-11-21,L93750647
699136200,A,1425467041,2017-07-10,2017-08-14,C94841480
699709295,C,1320369894,2018-03-22,2018-04-25,G48609514
700377127,D,1959398121,2017-10-10,2017-12-23,H97766631
701239371,A,1681489403,2018-05-19,2018-08-05,R08793674
701310350,A,1559387569,2019-12-29,2020-03-17,G78584365
702827014,D,1552644743,2017-07-04,2017-08-23,T41985395
703275195,B,1651692810,2018-06-24,2018-08-25,R66034961
705978565,C,1466775638,2019-01-10,2019-03-23,H07610983
706163186,B,1725253118,2017-08-01,2017-10-24,Z49027285
706190090,B,1718821325,2017-12-29,2018-02-17,P89593832
708573906,D,1485905009,2017-11-27,2018-02-06,G53189516
709641484,C,1514938151,2019-07-12,2019-08-20,R88972630
710099863,A,2087730385,2019-02-25,2019-04-21,Z88819082
710100389,B,1892021976,2019-02-07,2019-03-12,K98676393
711785721,C,1936457539,2019-09-13,2019-10-22,H32524822
713166068,D,1997752349,2017-06-16,2017-08-15,H84094750
714152032,C,1277111399,2018-09-01,2018-10-29,H85798661
715061047,C,1829876205,2018-03-24,2018-05-09,C22964169
715237701,C,1759688736,2017-11-09,2018-02-02,P58307212
715803416,C,1348703137,2019-05-29,2019-08-20,M83808487
716476345,B,2009464840,2017-06-11,2017-07-11,N34415440
716894859,D,2070540210,2017-06-21,2017-08-20,X80961535
720409545,A,2010032896,2018-10-05,2018-12-31,P69947721
720528907,A,1926230896,2019-12-05,2020-02-24,T38867310
721087629,C,1418032967,2017-01-20,2017-03-11,N99238646
722195456,C,1407492574,2018-04-22,2018-05-29,F59274895
722974837,B,1394965014,2017-07-20,2017-08-24,W90886328
723788221,C,1708583997,2019-11-14,2020-01-04,N84424844
724662978,B,1667526567,2017-02-12,2017-04-27,H94176082
724765449,B,1304424237,2018-12-11,2019-03-03,G65212897
725315382,D,1874282977,2019-09-18,2019-12-13,F48042866
725679547,A,1595316330,2019-07-19,2019-09-20,V26478755
726327430,A,1466240393,2019-10-27,2020-01-17,Y18335995
726623578,D,1423679622,2019-03-25,2019-05-27,W35328273
726675050,D,2099307166,2017-11-02,2018-01-13,T52229541
726766488,A,1400647368,2018-06-19,2018-09-08,V57744079
727135121,C,1904743123,2017-10-06,2017-12-31,G88446912
727267438,B,1668720944,2019-02-07,2019-03-10,H19967016
727767260,A,1524513625,2017-04-26,2017-06-02,Z10909280
728128972,A,1232749105,2017-12-27,2018-02-25,W18040088
729520754,A,1245255585,2018-03-13,2018-05-19,G73648189
729926867,A,1992230592,2018-11-30,2019-01-06,H31170038
731105030,C,2074398714,2019-08-25,2019-09-25,M79966794
731353679,C,1324791767,2019-10-16,2019-11-25,Y32723195
732022031,A,1943182217,2019-03-30,2019-05-25,C88401942
732565433,A,2017572552,2019-08-24,2019-11-08,J22100381
733016414,D,1278767974,2019-10-28,2019-11-30,N88385889
734463428,B,1615881036,2018-07-03,2018-09-03,G04124954
734685512,A,1965123443,2019-03-31,2019-05-24,L24555313
734719795,A,1887082229,2017-08-17,2017-09-29,K66509963
734792342,D,1646616270,2019-12-25,2020-01-30,C15603008
735640744,B,1438874837,2018-01-09,2018-02-20,P63403259
735850520,B,2054995692,2019-08-04,2019-09-29,C18102108
736409568,C,1356045305,2018-04-14,2018-05-28,T53351191
737107513,D,1823993623,2017-12-15,2018-03-02,H73344787
737643839,A,1855340913,2019-03-01,2019-04-20,G99502342
739535421,D,2142283018,2017-12-29,2018-03-13,W80497600
739709529,D,1233309453,2018-06-28,2018-08-02,N32585395
740104599,C,1309185720,2018-10-04,2018-12-06,C99133124
740187486,A,1546744583,2019-07-06,2019-09-13,F36805786
740834520,B,2056641791,2017-12-02,2018-01-13,F89851896
741172757,B,1650756809,2018-04-18,2018-06-20,R58973860
743701763,A,1932349698,2017-03-04,2017-04-03,W06340888
744184314,A,1225752552,2017-08-22,2017-10-11,P24723605
745996025,C,1610866315,2018-12-18,2019-02-26,N56226442
748795673,A,1379719456,2017-08-11,2017-09-30,K47914553
748857516,B,1248395066,2018-11-20,2019-02-15,T58260644
749335320,D,1892595670,2019-09-03,2019-11-21,P52263130
749490219,B,1292010811,2018-01-24,2018-03-21,G12435583
750285028,B,1795202335,2017-01-26,2017-04-11,P84245641
752063017,A,1708052273,2017-08-21,2017-09-30,G37734200
752159772,A,1555686139,2018-06-28,2018-09-19,G65212897
754248127,A,1152729575,2018-09-06,2018-10-06,C46062285
756071114,A,1609392611,2018-07-14,2018-09-29,H61135815
756078769,B,2112507697,2019-01-22,2019-04-21,R75066964
757655198,B,1516593532,2017-06-05,2017-09-02,N87894959
758394293,D,1240345589,2018-12-08,2019-02-04,C76326821
758443766,B,2126963285,2018-09-15,2018-12-02,Z38075612
758562698,A,1235020392,2019-01-17,2019-03-01,Z15653760
758802348,A,1268626168,2017-03-31,2017-05-04,C94504144
758811953,D,1815836785,2019-11-04,2019-12-09,K41520950
759563360,A,1875016381,2019-02-06,2019-04-01,T03582382
761418264,C,1580698193,2018-11-29,2019-02-05,F00431951
762490213,B,1469165591,2018-02-17,2018-04-03,W99824898
762704400,A,2078730041,2018-06-24,2018-09-10,P44884107
762996412,C,1884985525,2017-02-20,2017-04-14,Z51195169
763068134,D,1980602129,2018-03-28,2018-06-16,R86420397
763095561,C,2104392936,2017-10-18,2018-01-06,M15517322
764463561,C,1266853318,2018-10-01,2018-11-30,R98320508
764523422,A,2011512415,2018-12-25,2019-02-06,J10614178
765082122,C,1868375272,2017-04-04,2017-06-11,K94480107
765328297,C,1162847539,2017-08-22,2017-11-11,G63906831
766441168,B,1533623784,2018-12-04,2019-02-28,L32543466
767212046,B,1700476488,2019-10-06,2019-12-07,F54761730
767476593,C,1416550847,2019-04-26,2019-07-17,Y32473702
767680903,B,2121593552,2019-03-12,2019-04-22,X63692076
768639316,A,1441250115,2019-05-18,2019-07-12,X51536084
771348265,D,1489906172,2019-10-02,2019-12-31,F64589599
771774179,C,1291052792,2019-11-02,2019-12-13,T90435044
772118670,D,1672683186,2018-07-19,2018-08-29,L81217829
772450997,B,1769810903,2019-05-01,2019-06-15,X66498562
772490870,D,1843697233,2019-09-30,2019-12-28,F52431095
772931368,B,1767599580,2017-11-21,2017-12-27,T38395274
773572164,C,1929328697,2017-01-21,2017-03-21,J66038584
773823404,B,1698152049,2019-08-04,2019-09-28,G72252241
774584512,D,1865972720,2019-09-24,2019-12-20,H19837339
775210256,D,1352725806,2017-03-11,2017-05-01,C74085132
776102516,B,1595369183,2018-06-30,2018-09-06,M88973098
776409186,A,2031086474,2019-02-09,2019-04-02,P48744253
776771709,B,2022160932,2018-05-19,2018-07-15,H58977055
777173277,A,1190836717,2018-04-10,2018-06-17,Y18838697
777261157,C,1657732131,2017-03-01,2017-05-02,X37351601
777829295,A,1877026545,2017-09-04,2017-10-19,M35283047
778302814,B,1806269355,2017-02-16,2017-05-02,P77817886
778454959,C,1250870194,2018-11-25,2019-01-26,P02389061
778675950,D,1400168928,2018-06-09,2018-07-14,N63641992
780115352,D,1981086688,2019-08-14,2019-11-08,K81450918
780142769,C,1211777948,2017-05-24,2017-08-01,P64251439
781404235,C,1697826885,2017-08-10,2017-10-19,L47696872
781927610,C,1532331161,2019-06-29,2019-07-29,T19251814
782354956,B,1523679687,2017-08-29,2017-10-06,X00357519
784430623,D,2045704642,2019-10-13,2019-11-17,J01300322
784682529,A,1193515796,2017-08-15,2017-10-01,C35920440
785405155,C,1299249869,2018-01-22,2018-02-28,T42623997
786522740,A,1406335627,2019-05-17,2019-07-13,X60481940
786653772,C,1240733718,2019-12-15,2020-01-29,L55488443
786890472,C,1765327924,2019-10-04,2019-11-23,C43713398
787469639,B,1315981150,2019-02-10,2019-05-07,M05256523
788115562,B,1481576825,2017-11-19,2018-01-02,X95873073
788264049,A,1854538772,2018-05-31,2018-08-16,V83128436
788542556,D,1358470407,2019-05-13,2019-07-27,H63559784
791187692,B,1193952950,2018-10-04,2018-12-26,H44319053
791226484,A,1893076232,2017-05-05,2017-06-15,J24546950
792023119,A,1704432806,2018-03-10,2018-05-20,M93277424
792503289,D,1781176004,2019-03-25,2019-05-29,R79802506
792550457,D,1178798427,2018-06-10,2018-07-20,F47496345
792884165,A,1637481539,2019-02-04,2019-03-28,J78142832
792959026,C,1888643343,2017-04-04,2017-05-31,K56605995
795730158,A,1888213435,2019-06-24,2019-08-19,M76213915
797766490,D,1549238813,2017-05-13,2017-06-30,G16904568
798270794,C,1279815325,2018-11-08,2019-01-17,P18888110
798515035,C,1501301448,2017-11-15,2018-02-06,J20404420
798901663,A,2014890929,2017-05-22,2017-06-24,J54845324
799625522,A,1877520417,2019-08-14,2019-10-25,L32740169
799675942,C,2081677157,2019-11-02,2019-12-22,G23903753
800041813,D,1799332762,2017-10-09,2017-12-21,P90393724
800400054,B,2042972721,2017-05-31,2017-08-19,G33865030
801505632,B,2142233357,2018-12-11,2019-03-10,X19278890
801671626,B,1786193320,2019-06-01,2019-07-12,G46664404
801904040,A,1846286779,2019-11-23,2020-02-09,F68478433
802991182,B,1972046535,2017-06-21,2017-09-16,T42623997
803190407,B,1894256655,2019-08-28,2019-10-24,R11148011
804782763,B,1229015565,2017-01-23,2017-04-03,X34667477
805293663,A,1175434984,2018-05-04,2018-07-13,K45401838
805733192,D,1411890300,2019-08-05,2019-10-27,T66743388
807062097,B,2065511490,2017-08-28,2017-10-04,Y85256860
808953956,D,1200825833,2019-03-28,2019-06-05,L88147313
809542047,C,1356372856,2018-07-16,2018-09-12,G16904568
809722228,D,1961986918,2018-12-04,2019-01-21,G25661302
809988624,D,1488574667,2019-10-26,2019-12-01,N71374582
810161633,A,1620209467,2017-09-19,2017-11-04,N27169839
811309874,A,1977549153,2018-12-30,2019-02-08,Y58102043
814588451,A,1485337478,2018-07-20,2018-10-14,N50421386
815076185,A,1377745546,2018-11-12,2018-12-23,P68629638
815492029,D,1279827714,2017-11-03,2018-01-11,X71815155
816290265,A,1644381346,2018-03-20,2018-05-29,Y72143221
816379484,B,1541700779,2017-03-11,2017-05-19,K63192371
816995798,B,1914977630,2019-08-18,2019-10-16,J16397634
817973804,B,1947932863,2018-10-27,2019-01-12,R05086271
818266340,A,1223983418,2017-08-26,2017-10-08,Z34259377
818448093,B,1234234648,2018-10-10,2018-12-25,N72312732
820174793,D,1468458839,2018-07-28,2018-09-06,X60318339
820199471,B,1313649368,2017-06-04,2017-08-28,K72406913
820642315,B,1694185924,2019-11-23,2020-02-01,T52810206
821169230,B,1662756408,2018-02-11,2018-03-29,T29101925
822441956,C,2047492152,2018-05-11,2018-06-23,T07693768
822652162,A,1585179689,2017-08-05,2017-09-14,C11638264
822712431,A,1955229561,2017-12-15,2018-02-17,X23599980
823321656,C,1953508198,2018-10-09,2018-12-04,J02698802
823412028,B,1245077146,2017-04-27,2017-07-09,Y50408814
823707335,C,1387846429,2018-05-29,2018-07-16,J75476292
824877931,B,1234930930,2017-02-10,2017-04-23,Y41483439
825502399,C,2029331439,2017-03-25,2017-05-18,G99502342
827225815,B,1649652137,2018-11-14,2019-02-07,N32585395
827404456,B,1609254240,2017-12-03,2018-01-09,H16403173
828165754,B,2135825179,2019-08-29,2019-10-26,X23015065
828341227,B,1758575704,2019-07-09,2019-08-23,X28519343
829981804,C,1918039379,2019-10-30,2019-12-10,K91638619
830210427,D,1989133554,2019-08-26,2019-11-22,F77511227
830600304,D,1619268403,2019-09-11,2019-12-06,H44319053
831396675,A,1203862625,2018-09-21,2018-12-16,N44748974
831559796,D,1789915167,2017-03-31,2017-05-18,N30713690
831877260,A,2108745518,2019-08-30,2019-10-30,V40543240
832457382,D,2013132174,2019-04-12,2019-06-14,M35869148
833589982,C,1555473112,2019-10-27,2019-12-18,P22243716
834400500,B,1816913625,2018-10-27,2019-01-16,M35869148
836846670,A,2057171931,2018-04-24,2018-07-11,Z57010373
836929511,A,1445570683,2018-12-23,2019-01-27,F61284796
839296884,C,1479585331,2019-01-11,2019-03-26,Y66482515
839451599,A,2015590921,2018-05-07,2018-07-16,L16328246
839555322,C,1726327451,2019-11-19,2019-12-30,P68301785
839855986,C,1324703184,2019-12-21,2020-02-16,T62341784
840165907,C,1316468079,2017-03-21,2017-05-15,Y14944963
841068985,B,2040590923,2017-03-31,2017-06-18,Z15445758
842719753,B,1634463398,2019-01-04,2019-02-06,H59093513
844386046,C,1729734260,2019-08-18,2019-09-18,Y18770646
845222628,A,1513328606,2017-03-12,2017-04-11,T05206399
845240843,D,1886094963,2018-11-01,2018-12-14,M93277424
845650051,A,2051381619,2018-07-10,2018-10-02,N27347304
847708197,A,1781878627,2019-12-24,2020-03-08,X11863893
848000763,B,1547751371,2018-06-17,2018-08-19,R74487788
848363517,A,2070410856,2018-12-05,2019-01-06,L38138295
848800210,D,1284909206,2019-07-28,2019-10-17,Z30680957
849486380,C,1980833567,2019-05-08,2019-07-30,J25662679
849865315,C,1816410769,2018-11-01,2019-01-12,T15019958
850186271,D,1340338175,2017-07-13,2017-09-12,C64657219
850244212,C,1262874215,2018-10-06,2018-12-02,R52779363
850396505,D,1282796681,2017-10-04,2017-12-15,H77408165
851212313,D,1318888227,2018-05-25,2018-06-28,Y20248677
852792321,C,1446130371,2018-04-10,2018-05-20,K96768869
853036438,C,1488273417,2019-02-28,2019-05-14,N89431517
853254580,B,1223395343,2019-02-15,2019-03-24,H93368327
853495391,A,1673908573,2019-11-06,2020-01-19,H42021166
854047491,C,1458859111,2018-08-18,2018-10-18,R77544395
854430285,B,1893204817,2017-11-24,2017-12-31,X03817113
855524142,D,2095300067,2019-03-06,2019-05-09,H16112654
858162686,B,1608257010,2018-02-06,2018-04-02,W57825313
861470453,A,1377007486,2018-08-27,2018-11-19,G23388872
861777271,B,1538194130,2019-06-19,2019-08-03,V97851317
861991008,A,2100054482,2018-03-10,2018-05-18,N74337534
862773215,A,2024750708,2018-08-17,2018-11-13,V92047075
863346062,B,1483487405,2019-12-24,2020-03-04,P40419919
865549007,C,1184502311,2018-01-17,2018-02-23,K58877415
865758630,A,1523460569,2018-11-24,2018-12-28,X16606428
866246805,D,1206503179,2019-01-30,2019-03-26,C32915506
866247603,D,1917892268,2018-09-25,2018-11-12,N44900004
866446946,A,1392425110,2019-07-12,2019-09-19,G07374804
866494880,B,2004639067,2017-06-19,2017-07-20,X82228610
867342519,D,1840909916,2019-02-16,2019-04-20,L54284863
867609282,A,1726598839,2017-02-27,2017-05-26,Y24925824
868017610,B,1170875902,2019-05-31,2019-07-11,Z75313103
868438801,A,1491876444,2018-05-23,2018-08-15,G52821948
868630480,C,2133218304,2019-08-27,2019-10-09,M36940598
869247521,B,1982534564,2019-02-02,2019-04-28,X96888239
869777341,C,1911392301,2019-08-16,2019-09-29,K26211685
869845936,D,1970700205,2019-07-03,2019-09-15,H07485425
869853458,B,2005950989,2017-04-10,2017-06-27,H59453724
870040816,B,1911151653,2018-11-14,2019-02-10,R66745467
870134763,D,1836999852,2017-09-18,2017-11-29,G48424027
870518419,A,1507745745,2017-06-14,2017-07-19,R45172651
870854221,A,2079826241,2017-12-26,2018-03-04,P33445351
871961726,D,2125221014,2018-11-24,2019-01-20,G51730261
872112979,B,2071815609,2017-07-23,2017-08-22,R28982330
873769850,B,1224168495,2017-04-20,2017-07-11,Z69889496
874413423,D,1258511340,2018-06-05,2018-07-10,Z99684076
874917146,B,1325763743,2019-01-27,2019-03-03,T44270671
875309009,A,2033223657,2018-08-20,2018-11-09,X95859028
875635074,B,1967933742,2019-05-10,2019-06-21,X76895823
876008487,B,1380723202,2019-02-05,2019-05-04,Y31200890
876329213,A,1313817752,2019-12-30,2020-03-22,H95185250
877447751,D,1168930822,2018-05-13,2018-06-18,H90502906
877920587,C,1846019501,2019-06-30,2019-09-26,Z02698009
878243687,D,2060234674,2018-12-16,2019-02-16,N58714135
878825058,A,1398962731,2019-02-16,2019-04-03,Z87601101
878896951,B,1486087095,2019-10-14,2019-12-12,C52971567
879023591,B,1645284568,2017-05-18,2017-08-08,K17933927
880160691,A,1163442673,2017-04-25,2017-06-04,Y45903633
880911134,C,2064571451,2019-12-21,2020-02-10,N78775934
880987651,D,1572147785,2017-02-17,2017-03-26,Z84577792
881366056,C,1641662670,2017-04-29,2017-07-05,J93156499
881804130,A,1604152606,2017-11-15,2018-01-14,R59961603
884814393,B,1749897907,2019-05-12,2019-06-29,C46062285
885216696,A,1583741071,2017-12-09,2018-02-08,M78857238
886334842,D,1528605397,2019-09-19,2019-12-18,M03400125
886372963,A,1998339129,2018-08-21,2018-11-12,Y80225315
886847026,A,1458608304,2018-03-28,2018-06-13,T08598865
887425489,B,1550358990,2017-04-11,2017-06-24,G43961717
888305435,B,1799583893,2017-04-06,2017-06-24,L96439098
888563474,A,1686951777,2017-11-18,2018-01-21,G39237576
889017575,B,1744277549,2019-02-01,2019-03-03,M92171729
889202946,C,1709382732,2018-10-29,2018-12-28,N00678297
889617836,B,1489535982,2019-12-29,2020-03-08,C90239984
890726755,A,1595673178,2018-12-25,2019-02-07,N89117037
890976843,D,1664996078,2018-04-18,2018-07-17,K80139521
891021235,D,1485193665,2017-05-23,2017-07-13,M45868125
891322716,B,1690257439,2019-11-27,2020-01-26,C99556175
891930011,C,1385382566,2018-12-02,2019-02-08,P85737122
892782750,D,1278712839,2019-02-11,2019-04-08,Y67197776
893972265,B,1653924375,2019-07-20,2019-09-01,G07286479
894037282,D,1713260953,2018-04-28,2018-07-25,L68612310
895456577,D,1475814704,2018-02-27,2018-05-27,X46091518
896738090,B,1759553074,2018-03-27,2018-05-22,P81857781
897607591,A,1292430388,2017-03-21,2017-06-13,J33267426
897692260,C,1924065648,2017-08-17,2017-10-28,V49542206
897813317,B,1778765135,2018-05-19,2018-07-14,H16621512
897877001,B,1750900969,2017-08-05,2017-09-07,Z60097379
897920576,A,1346620051,2018-12-20,2019-02-04,L14644631
899075045,C,2022811691,2018-08-07,2018-10-02,X65001232
899962501,D,1414435851,2018-09-25,2018-11-14,G60432658
900708429,D,1702120964,2017-01-31,2017-03-09,C11499920
902691352,C,1213262446,2017-09-18,2017-12-07,C28320857
902776354,B,1169187439,2019-09-17,2019-11-06,T33404737
903177657,A,1314880975,2017-09-19,2017-11-07,G07374804
904581541,B,1697653677,2018-05-12,2018-07-15,F66255155
904809735,B,1664148190,2017-02-20,2017-04-28,R46565809
904865867,B,1997877825,2018-01-09,2018-03-02,R41998828
905032667,D,1155716470,2019-10-28,2019-12-02,W50807074
906695679,C,1380253748,2018-09-23,2018-11-26,K51662288
907626911,D,1741059636,2018-10-24,2018-12-18,G97143138
908412671,A,1400961962,2019-07-14,2019-09-11,C90800299
908470394,C,1868838496,2019-11-07,2019-12-17,Y25183836
909384881,A,1909113196,2018-09-12,2018-10-13,F44230268
909796522,D,1183461843,2018-09-02,2018-10-20,J25662679
909866725,A,1556149566,2018-01-19,2018-03-25,R16224322
909909052,B,2090544776,2019-10-31,2019-12-27,R98304636
911166476,D,2113642517,2017-09-09,2017-11-10,H19956533
912121778,D,1277379046,2019-05-25,2019-07-30,F26420642
912408094,C,1975933848,2019-08-05,2019-09-06,G16610955
913111671,A,1955048613,2018-04-27,2018-07-15,W50807074
913709622,C,1493830030,2018-05-21,2018-07-04,R60683107
913846440,D,1785931421,2019-09-22,2019-12-15,J27341059
915757429,A,1439030713,2017-06-21,2017-08-04,R41966491
916701299,C,1208593158,2017-06-26,2017-09-04,K21654441
916816179,D,1329578479,2019-07-23,2019-10-09,N19065604
917304157,A,1262025940,2017-12-19,2018-02-21,V21393577
917731856,A,1844834664,2017-12-08,2018-02-01,Z15372855
918892520,B,1895471348,2018-11-08,2019-01-23,M52450822
920006100,B,1857085973,2017-10-27,2017-12-12,K79963479
920202509,D,1265395551,2017-03-04,2017-04-10,F72098022
920652642,A,1364689900,2018-04-28,2018-07-07,V69020465
921124417,D,1452695848,2017-10-27,2018-01-01,H65608029
922992652,C,1700820352,2019-10-26,2019-12-16,J60299634
923483325,C,1586835956,2019-01-11,2019-03-25,J41605484
923811415,A,1649171733,2018-07-21,2018-08-20,N17320332
924824451,C,1944606269,2018-03-16,2018-04-19,H90680108
925040872,B,1816518199,2018-11-29,2019-02-25,M19841182
926194712,B,1262937031,2017-06-12,2017-09-06,C26818435
926666248,A,1735414946,2018-12-25,2019-01-31,F86052829
926802819,C,1753546055,2019-05-17,2019-08-11,Y29793893
927444924,B,2008861722,2019-06-09,2019-07-25,J54845324
928659057,B,1720633932,2019-04-11,2019-05-13,F22867603
929046174,D,1250752848,2019-10-28,2020-01-25,F36458048
931335015,B,2002147424,2019-02-21,2019-03-29,N19065604
931863494,B,2116243038,2018-02-07,2018-03-27,F60377559
932131224,A,1389027018,2019-03-06,2019-04-26,M20857342
933083498,B,1337931457,2018-04-30,2018-06-23,F54761730
933121767,C,1743970073,2018-06-26,2018-08-13,L11593284
933134633,C,1283434688,2017-10-14,2018-01-12,L28167530
934068113,D,1957787932,2017-10-15,2017-12-18,H32524822
935949988,A,1773479266,2019-02-11,2019-03-30,R03538433
936012831,B,1579697781,2017-08-02,2017-10-31,T82188961
936127510,C,1215017842,2019-07-25,2019-10-23,G53189516
938128374,D,1726320012,2018-06-21,2018-07-31,F40584619
938338990,B,1511891792,2018-09-06,2018-11-18,W85320288
938570872,C,1261616511,2018-04-27,2018-06-04,G60432658
939360715,A,1759940461,2018-06-02,2018-08-15,M21272136
939783910,B,2089704016,2017-12-07,2018-01-12,Z71903645
940246269,B,1172930727,2019-09-25,2019-11-22,R08072371
940334424,A,1525364431,2019-03-12,2019-04-28,X07754684
942220427,D,2089463148,2018-04-08,2018-05-11,Y15221285
943601012,B,1781977961,2019-02-20,2019-03-28,Z08756626
943690847,C,1967441325,2018-01-22,2018-02-26,N60543117
944514576,A,1736162921,2019-09-08,2019-11-10,T53351191
945081926,A,2132578444,2017-11-06,2018-01-08,X13560265
945316191,A,1780351200,2019-01-11,2019-02-25,L33848368
945614436,A,1330031907,2018-12-01,2019-01-11,V86463160
945816111,D,1260783050,2018-11-10,2018-12-31,Y91056253
946960830,B,1256102108,2018-06-02,2018-08-05,H96255026
946963816,D,2013473526,2018-04-03,2018-06-22,F22867603
949577518,B,2005289722,2019-05-04,2019-06-19,M81832385
949715224,A,1649030188,2018-10-11,2019-01-08,N87183415
952162540,C,2056564324,2018-11-22,2019-01-30,Y40829482
952333174,B,1606499367,2019-06-09,2019-07-22,C01454367
952588369,B,1377257990,2018-10-16,2019-01-02,C93146364
952810273,C,1624805850,2018-02-28,2018-04-10,K45263450
953868743,C,1626666487,2018-11-14,2019-01-13,C16520833
954032952,D,1717152568,2019-04-02,2019-06-12,H34367736
955633645,B,1711043060,2018-10-31,2019-01-22,Y23999554
955715238,C,1884318159,2017-03-09,2017-05-11,N88385889
956467255,B,1590555044,2017-06-06,2017-08-22,W50477395
957549527,C,1661355741,2018-01-25,2018-02-26,M05256523
958345242,C,1959605663,2018-07-15,2018-09-13,N28739089
959607475,B,1814897559,2017-02-04,2017-04-13,F92407832
959941197,A,1635063918,2019-12-16,2020-03-03,Z32561360
960238269,B,1604656060,2017-12-20,2018-02-08,X47654816
960595415,B,1231789527,2019-07-22,2019-09-13,T41985395
960916065,C,2139625682,2017-10-02,2017-12-24,Y50556624
962300949,A,2078444852,2017-01-23,2017-04-13,J75476292
962485008,B,1504249947,2019-07-01,2019-08-13,T52655570
963777815,C,1262380828,2017-08-23,2017-11-02,H05821062
964042267,B,2095600486,2017-05-08,2017-07-22,X82347796
964700694,A,1362512457,2018-01-31,2018-04-09,X34985174
964872281,C,1327152033,2017-03-12,2017-05-05,M21272136
964927368,D,1446254977,2019-03-09,2019-05-14,Y24503264
965888931,A,1350379909,2019-09-20,2019-11-24,G75501552
967072571,C,1392379607,2018-09-05,2018-10-31,W25295320
969472703,A,2115287469,2018-10-24,2019-01-21,N90123954
972287294,B,1879646095,2019-04-11,2019-05-12,P93785521
973064445,A,2136363353,2018-07-31,2018-10-23,R01965432
974639446,B,2131126909,2019-04-23,2019-06-05,V88870701
974817771,D,1256685103,2017-07-25,2017-09-24,Y12263070
975987400,D,1712624328,2017-05-07,2017-06-26,Z63380128
976274647,B,1152086554,2018-04-19,2018-06-15,J60299634
976606417,A,1997715381,2019-03-31,2019-05-25,L07644704
977701846,C,1773838868,2018-08-19,2018-10-09,G37734200
978489228,A,1261573561,2018-06-16,2018-08-29,X97456753
978517779,D,2136386624,2018-12-01,2019-01-20,V26623921
979645840,B,1417806331,2018-10-13,2019-01-05,C97898396
980232210,D,1940575553,2019-10-28,2019-12-04,R96444727
981014208,A,1495795656,2019-12-05,2020-02-20,L65001140
981091747,A,1356309082,2019-07-05,2019-09-09,G58664989
982440335,C,1633800277,2019-10-08,2019-11-27,P54962685
984819366,A,1867962409,2017-07-25,2017-09-04,G51015170
985118767,A,1792986619,2018-12-17,2019-02-03,T63918813
985851412,C,2103494712,2017-07-06,2017-09-23,P13595042
985919296,C,1456563344,2018-09-17,2018-11-24,X01311496
986541733,B,1747874748,2018-06-09,2018-08-15,H41960680
987050206,C,1390713512,2019-09-19,2019-10-30,Z83320500
987161308,A,1402888785,2019-08-04,2019-10-12,Y62406633
987831177,C,2034919685,2019-12-23,2020-02-19,T89639719
988038313,B,1148729739,2018-02-17,2018-04-10,N17320332
989473478,B,1387791096,2018-07-13,2018-09-19,L35722635
989787630,C,1672075981,2018-08-08,2018-09-27,J31900621
991966566,A,1322145210,2019-10-13,2019-12-28,Z20610472
992555218,B,1809550850,2017-12-25,2018-02-12,L53167586
992909764,B,1210211232,2019-02-28,2019-05-26,G65839639
992918600,D,1957678285,2018-09-02,2018-10-20,T35347097
993950590,D,1613472246,2019-05-06,2019-07-16,H73575083
993976685,C,1568382749,2018-10-29,2019-01-06,H04745237
994551319,A,2022655789,2019-09-03,2019-11-08,K91638619
995271588,A,2076133447,2017-07-18,2017-09-06,W79685765
996556755,B,1358360351,2018-06-12,2018-08-11,J30128817
997328387,D,1307641674,2018-06-28,2018-08-06,X78638077
997619043,A,2075681149,2018-05-21,2018-08-06,P53141425
997714960,D,1944901239,2017-10-01,2017-12-11,T01894200
999000636,A,1861121515,2019-07-06,2019-08-30,Z43841304
