MaintenanceEmployeeNum,employeeMaintenanceNumber
1,1
1,2
1,3
1,4
1,5
1,6
1,7
1,8
1,9
1,10
1,11
1,12
1,13
1,14
1,15
1,16
1,17
1,18
1,19
1,20
1,1128
1,1188
1,1197
1,1251
1,1284
1,1319
1,1330
1,1431
1,1513
1,1582
1,1617
1,1676
1,1683
1,1794
1,1835
1,1843
1,1863
1,1873
1,1886
1,1900
1,1912
1,1936
1,1948
1,1971
1,2000
1,2008
1,2053
1,2202
1,2212
1,2267
1,2304
1,2314
1,2370
1,2379
1,2400
1,2485
1,2503
1,2517
1,2591
1,2595
1,2602
1,2621
1,2775
1,2814
1,2875
1,2921
1,2969
1,2971
2,1
2,2
2,3
2,4
2,5
2,6
2,7
2,8
2,9
2,10
2,11
2,12
2,13
2,14
2,15
2,16
2,17
2,18
2,19
2,20
2,21
2,22
2,23
2,24
2,25
2,26
2,27
2,28
2,29
2,30
2,31
2,32
2,33
2,34
2,35
2,36
2,37
2,38
2,39
2,40
2,1023
2,1031
2,1044
2,1193
2,1218
2,1233
2,1393
2,1395
2,1553
2,1594
2,1669
2,1867
2,1872
2,1905
2,1962
2,2056
2,2193
2,2299
2,2302
2,2366
2,2389
2,2409
2,2450
2,2451
2,2489
2,2547
2,2564
2,2568
2,2714
2,2759
2,2808
2,2810
2,2830
2,2832
2,2884
2,2906
2,2956
3,41
3,42
3,43
3,44
3,45
3,46
3,47
3,48
3,49
3,50
3,51
3,52
3,53
3,54
3,55
3,56
3,57
3,58
3,59
3,60
3,1141
3,1414
3,1449
3,1456
3,1466
3,1501
3,1509
3,1529
3,1634
3,1657
3,1685
3,1696
3,1749
3,1870
3,1888
3,1940
3,1963
3,1965
3,1985
3,2088
3,2100
3,2123
3,2161
3,2230
3,2324
3,2345
3,2360
3,2384
3,2421
3,2479
3,2491
3,2587
3,2643
3,2734
3,2739
3,2815
3,2946
4,61
4,62
4,63
4,64
4,65
4,66
4,67
4,68
4,69
4,70
4,71
4,72
4,73
4,74
4,75
4,76
4,77
4,78
4,79
4,1107
4,1114
4,1131
4,1162
4,1169
4,1179
4,1183
4,1258
4,1390
4,1486
4,1499
4,1515
4,1537
4,1556
4,1605
4,1622
4,1682
4,1692
4,1823
4,1932
4,1947
4,1975
4,1988
4,1999
4,2064
4,2126
4,2150
4,2223
4,2242
4,2261
4,2312
4,2319
4,2327
4,2402
4,2430
4,2431
4,2488
4,2490
4,2499
4,2566
4,2605
4,2616
4,2640
4,2733
4,2744
4,2785
4,2805
4,2831
4,2929
4,2953
4,2997
5,80
5,81
5,82
5,83
5,84
5,85
5,86
5,87
5,88
5,89
5,90
5,91
5,92
5,93
5,94
5,95
5,96
5,97
5,98
5,99
5,100
5,1037
5,1117
5,1234
5,1256
5,1278
5,1385
5,1429
5,1463
5,1572
5,1659
5,1741
5,1788
5,1809
5,1855
5,1938
5,1955
5,1980
5,2026
5,2029
5,2074
5,2148
5,2153
5,2167
5,2615
5,2656
5,2688
5,2728
5,2911
6,102
6,103
6,104
6,105
6,106
6,107
6,108
6,109
6,110
6,111
6,112
6,113
6,114
6,115
6,116
6,117
6,118
6,119
6,120
6,121
6,1050
6,1072
6,1083
6,1119
6,1146
6,1259
6,1261
6,1312
6,1314
6,1324
6,1374
6,1375
6,1400
6,1422
6,1534
6,1545
6,1577
6,1592
6,1648
6,1684
6,1699
6,1703
6,1740
6,1789
6,1857
6,1858
6,1861
6,1878
6,1966
6,1995
6,2092
6,2130
6,2177
6,2214
6,2253
6,2309
6,2349
6,2383
6,2390
6,2404
6,2460
6,2471
6,2534
6,2559
6,2573
6,2628
6,2632
6,2653
6,2819
6,2846
6,2847
6,2881
6,2967
6,2988
7,122
7,123
7,124
7,125
7,126
7,127
7,128
7,129
7,130
7,131
7,132
7,133
7,134
7,135
7,136
7,138
7,139
7,140
7,142
7,1086
7,1150
7,1209
7,1220
7,1228
7,1283
7,1323
7,1407
7,1423
7,1596
7,1609
7,1651
7,1691
7,1723
7,1725
7,1764
7,1810
7,1829
7,1896
7,1944
7,1945
7,2162
7,2163
7,2293
7,2301
7,2331
7,2343
7,2348
7,2513
7,2572
7,2641
7,2674
7,2675
7,2709
7,2748
7,2764
7,2840
7,2890
7,2920
7,2926
7,2994
8,137
8,141
8,143
8,144
8,145
8,146
8,147
8,148
8,149
8,150
8,151
8,152
8,153
8,154
8,155
8,156
8,157
8,159
8,160
8,161
8,179
8,1056
8,1118
8,1123
8,1171
8,1185
8,1254
8,1305
8,1388
8,1391
8,1401
8,1562
8,1583
8,1610
8,1716
8,1751
8,1808
8,1952
8,1991
8,2018
8,2094
8,2116
8,2194
8,2246
8,2392
8,2456
8,2492
8,2493
8,2657
8,2669
8,2696
8,2698
8,2732
8,2842
8,2999
9,158
9,162
9,163
9,164
9,165
9,166
9,167
9,168
9,169
9,170
9,171
9,172
9,173
9,174
9,175
9,176
9,177
9,178
9,180
9,181
9,1074
9,1156
9,1211
9,1295
9,1406
9,1408
9,1451
9,1514
9,1538
9,1552
9,1570
9,1585
9,1627
9,1636
9,1726
9,1759
9,1762
9,1768
9,1821
9,1949
9,1986
9,2104
9,2183
9,2191
9,2255
9,2265
9,2266
9,2316
9,2372
9,2401
9,2412
9,2589
9,2752
9,2818
9,2826
9,2912
9,2962
9,2972
9,2974
9,3000
10,182
10,183
10,184
10,185
10,186
10,187
10,188
10,189
10,190
10,191
10,192
10,193
10,194
10,195
10,196
10,197
10,198
10,199
10,200
10,201
10,1038
10,1062
10,1088
10,1106
10,1157
10,1221
10,1242
10,1257
10,1304
10,1366
10,1421
10,1473
10,1500
10,1630
10,1672
10,1718
10,1748
10,1765
10,1770
10,1771
10,1800
10,1802
10,1847
10,1851
10,1880
10,1911
10,2022
10,2054
10,2071
10,2143
10,2231
10,2256
10,2271
10,2359
10,2374
10,2393
10,2408
10,2458
10,2508
10,2514
10,2528
10,2536
10,2557
10,2610
10,2652
10,2665
10,2670
10,2693
10,2726
10,2758
10,2820
10,2848
10,2850
10,2858
10,2868
10,2876
10,2878
10,2924
10,2934
10,2936
10,2977
10,2981
11,202
11,203
11,204
11,205
11,206
11,207
11,208
11,209
11,210
11,211
11,212
11,213
11,214
11,215
11,216
11,217
11,218
11,220
11,221
11,222
11,1012
11,1069
11,1077
11,1182
11,1191
11,1307
11,1337
11,1358
11,1512
11,1547
11,1661
11,1805
11,1953
11,1974
11,2096
11,2154
11,2160
11,2272
11,2328
11,2399
11,2580
11,2612
11,2619
11,2660
11,2790
11,2799
11,2829
11,2841
11,2843
11,2917
11,2961
11,2996
12,219
12,223
12,224
12,225
12,226
12,227
12,228
12,229
12,230
12,231
12,232
12,233
12,234
12,235
12,236
12,237
12,238
12,239
12,240
12,241
12,253
12,1057
12,1105
12,1112
12,1126
12,1184
12,1381
12,1399
12,1412
12,1445
12,1492
12,1504
12,1544
12,1608
12,1625
12,1653
12,1689
12,1690
12,1752
12,1757
12,1772
12,1799
12,1816
12,1895
12,1968
12,1969
12,2001
12,2033
12,2070
12,2095
12,2182
12,2244
12,2367
12,2449
12,2476
12,2516
12,2570
12,2596
12,2625
12,2654
12,2756
12,2767
12,2800
12,2801
12,2838
12,2861
12,2950
13,242
13,243
13,244
13,245
13,246
13,247
13,249
13,250
13,251
13,252
13,254
13,255
13,257
13,258
13,259
13,260
13,261
13,264
13,1159
13,1208
13,1226
13,1239
13,1248
13,1265
13,1299
13,1328
13,1405
13,1559
13,1619
13,1670
13,1671
13,1711
13,1780
13,1782
13,1785
13,1791
13,1801
13,1906
13,1967
13,1983
13,2011
13,2021
13,2025
13,2028
13,2101
13,2119
13,2208
13,2241
13,2288
13,2342
13,2373
13,2407
13,2443
13,2527
13,2542
13,2620
13,2642
13,2706
13,2717
13,2719
13,2787
13,2793
13,2852
13,2957
13,2986
14,248
14,256
14,262
14,263
14,265
14,266
14,267
14,268
14,269
14,270
14,271
14,272
14,273
14,275
14,276
14,277
14,278
14,279
14,280
14,281
14,1017
14,1051
14,1163
14,1224
14,1240
14,1329
14,1363
14,1367
14,1517
14,1612
14,1623
14,1639
14,1663
14,1673
14,1712
14,1756
14,1918
14,1919
14,1982
14,2078
14,2082
14,2105
14,2111
14,2122
14,2218
14,2330
14,2388
14,2397
14,2425
14,2454
14,2554
14,2634
14,2692
14,2712
14,2738
14,2781
14,2883
14,2973
14,2982
15,282
15,283
15,284
15,285
15,286
15,287
15,288
15,289
15,290
15,291
15,292
15,293
15,294
15,295
15,296
15,297
15,298
15,299
15,300
15,301
15,1018
15,1040
15,1099
15,1103
15,1132
15,1138
15,1142
15,1325
15,1332
15,1353
15,1415
15,1479
15,1541
15,1603
15,1758
15,1885
15,1902
15,1904
15,1927
15,2155
15,2350
15,2398
15,2415
15,2435
15,2497
15,2498
15,2523
15,2569
15,2582
15,2782
15,2928
15,2979
16,274
16,302
16,303
16,304
16,305
16,306
16,307
16,308
16,309
16,310
16,312
16,314
16,315
16,316
16,317
16,318
16,319
16,320
16,321
16,347
16,393
16,1027
16,1178
16,1199
16,1225
16,1298
16,1345
16,1458
16,1576
16,1604
16,1677
16,1704
16,1776
16,1824
16,1839
16,1881
16,1890
16,1929
16,1931
16,1978
16,1994
16,2118
16,2205
16,2308
16,2326
16,2358
16,2494
16,2583
16,2617
16,2663
16,2677
16,2720
16,2741
16,2768
16,2869
16,2930
17,311
17,313
17,322
17,323
17,325
17,326
17,327
17,328
17,329
17,330
17,332
17,333
17,334
17,335
17,336
17,337
17,338
17,339
17,340
17,341
17,342
17,373
17,1054
17,1091
17,1102
17,1203
17,1246
17,1289
17,1303
17,1365
17,1469
17,1487
17,1533
17,1575
17,1584
17,1818
17,1840
17,1882
17,1972
17,1976
17,2060
17,2067
17,2072
17,2075
17,2110
17,2187
17,2219
17,2296
17,2323
17,2329
17,2432
17,2433
17,2452
17,2544
17,2546
17,2598
17,2715
17,2760
17,2824
17,2867
17,2904
17,2993
18,331
18,343
18,344
18,345
18,346
18,348
18,349
18,350
18,351
18,352
18,353
18,354
18,355
18,356
18,357
18,359
18,360
18,361
18,1216
18,1232
18,1272
18,1343
18,1355
18,1417
18,1433
18,1599
18,1602
18,1633
18,1666
18,1668
18,1849
18,1899
18,1989
18,2013
18,2062
18,2098
18,2195
18,2226
18,2270
18,2279
18,2297
18,2313
18,2332
18,2376
18,2437
18,2468
18,2524
18,2543
18,2553
18,2622
18,2624
18,2658
18,2749
18,2976
19,358
19,362
19,363
19,364
19,365
19,366
19,367
19,368
19,369
19,370
19,371
19,372
19,374
19,375
19,376
19,377
19,378
19,379
19,380
19,381
19,382
19,385
19,1046
19,1129
19,1247
19,1371
19,1382
19,1394
19,1476
19,1569
19,1665
19,1702
19,1747
19,1871
19,1883
19,1908
19,1910
19,2052
19,2058
19,2127
19,2137
19,2139
19,2149
19,2285
19,2305
19,2353
19,2356
19,2413
19,2445
19,2561
19,2607
19,2661
19,2702
19,2713
19,2762
19,2872
19,2887
19,2897
19,2960
20,383
20,384
20,386
20,387
20,388
20,390
20,391
20,392
20,394
20,395
20,396
20,397
20,398
20,399
20,400
20,401
20,402
20,403
20,1136
20,1189
20,1287
20,1347
20,1426
20,1475
20,1478
20,1606
20,1620
20,1700
20,1730
20,1803
20,1850
20,2006
20,2049
20,2210
20,2283
20,2311
20,2338
20,2441
20,2627
20,2633
20,2707
20,2729
20,2797
20,2821
20,2839
20,2851
20,2877
20,2900
20,2955
21,404
21,405
21,406
21,407
21,408
21,410
21,411
21,413
21,414
21,416
21,417
21,419
21,420
21,421
21,422
21,452
21,1045
21,1058
21,1148
21,1346
21,1413
21,1419
21,1441
21,1483
21,1542
21,1613
21,1687
21,1744
21,1750
21,1786
21,1897
21,1915
21,1917
21,1970
21,1993
21,2005
21,2106
21,2132
21,2140
21,2179
21,2185
21,2188
21,2204
21,2249
21,2346
21,2385
21,2417
21,2424
21,2515
21,2532
21,2540
21,2645
21,2740
21,2834
21,2866
21,2870
21,2892
21,2941
22,409
22,412
22,415
22,424
22,425
22,426
22,427
22,428
22,429
22,430
22,431
22,432
22,433
22,434
22,435
22,436
22,437
22,438
22,439
22,440
22,442
22,443
22,482
22,1274
22,1348
22,1454
22,1485
22,1580
22,1615
22,1675
22,1688
22,1755
22,1842
22,1854
22,1923
22,1928
22,1950
22,1960
22,2024
22,2043
22,2061
22,2076
22,2135
22,2181
22,2198
22,2290
22,2303
22,2361
22,2368
22,2423
22,2439
22,2472
22,2487
22,2666
22,2725
22,2754
22,2784
22,2811
22,2968
23,418
23,423
23,444
23,445
23,446
23,447
23,448
23,449
23,450
23,451
23,453
23,454
23,455
23,456
23,457
23,458
23,459
23,460
23,461
23,462
23,463
23,1015
23,1039
23,1055
23,1186
23,1187
23,1204
23,1268
23,1313
23,1321
23,1428
23,1439
23,1453
23,1461
23,1495
23,1554
23,1727
23,1793
23,1879
23,2050
23,2086
23,2144
23,2169
23,2192
23,2236
23,2264
23,2276
23,2295
23,2298
23,2300
23,2315
23,2336
23,2380
23,2396
23,2419
23,2448
23,2465
23,2466
23,2469
23,2563
23,2601
23,2659
23,2704
23,2735
23,2776
23,2809
23,2816
23,2907
23,2995
24,441
24,464
24,465
24,466
24,467
24,468
24,469
24,470
24,471
24,472
24,473
24,475
24,476
24,477
24,478
24,479
24,480
24,481
24,483
24,1019
24,1021
24,1089
24,1093
24,1140
24,1180
24,1241
24,1271
24,1301
24,1331
24,1341
24,1356
24,1436
24,1674
24,1736
24,1739
24,1760
24,1775
24,1848
24,1898
24,1907
24,1934
24,1946
24,1977
24,2038
24,2039
24,2120
24,2190
24,2281
24,2306
24,2416
24,2552
24,2577
24,2671
24,2721
24,2746
24,2807
24,2833
24,2864
25,474
25,484
25,485
25,486
25,487
25,488
25,489
25,490
25,491
25,492
25,493
25,494
25,495
25,496
25,497
25,498
25,499
25,500
25,501
25,502
25,503
25,1061
25,1079
25,1122
25,1143
25,1181
25,1222
25,1244
25,1311
25,1364
25,1389
25,1416
25,1549
25,1551
25,1555
25,1564
25,1581
25,1586
25,1598
25,1644
25,1783
25,1787
25,1807
25,1813
25,1831
25,1833
25,1852
25,1889
25,1891
25,2037
25,2066
25,2113
25,2229
25,2239
25,2252
25,2269
25,2291
25,2335
25,2352
25,2395
25,2502
25,2537
25,2586
25,2724
25,2727
25,2755
25,2913
25,2954
26,504
26,505
26,506
26,507
26,508
26,509
26,510
26,511
26,512
26,513
26,514
26,515
26,516
26,517
26,518
26,519
26,520
26,521
26,522
26,523
26,1139
26,1167
26,1170
26,1194
26,1215
26,1291
26,1309
26,1360
26,1396
26,1472
26,1474
26,1600
26,1697
26,1709
26,1722
26,1732
26,1754
26,1761
26,1784
26,1790
26,1826
26,1935
26,1943
26,1996
26,2034
26,2117
26,2125
26,2128
26,2209
26,2317
26,2320
26,2337
26,2362
26,2426
26,2444
26,2462
26,2463
26,2473
26,2511
26,2600
26,2655
26,2705
26,2905
26,2951
26,2987
27,524
27,525
27,526
27,528
27,529
27,530
27,531
27,532
27,533
27,534
27,535
27,536
27,537
27,539
27,540
27,541
27,542
27,544
27,545
27,1033
27,1048
27,1100
27,1137
27,1264
27,1282
27,1294
27,1308
27,1335
27,1386
27,1424
27,1477
27,1484
27,1511
27,1597
27,1607
27,1618
27,1660
27,1680
27,1695
27,1734
27,1812
27,1822
27,1864
27,1874
27,1877
27,1903
27,1979
27,1997
27,2059
27,2131
27,2180
27,2221
27,2289
27,2375
27,2378
27,2394
27,2483
27,2525
27,2588
27,2609
27,2629
27,2680
27,2736
27,2893
27,2894
27,2983
28,527
28,546
28,547
28,548
28,549
28,550
28,551
28,552
28,553
28,554
28,555
28,556
28,557
28,558
28,559
28,560
28,561
28,562
28,563
28,564
28,565
28,611
28,1011
28,1013
28,1036
28,1090
28,1213
28,1230
28,1285
28,1293
28,1297
28,1344
28,1437
28,1450
28,1505
28,1510
28,1626
28,1714
28,1728
28,1830
28,1909
28,1925
28,1973
28,1981
28,2007
28,2030
28,2041
28,2045
28,2047
28,2081
28,2213
28,2294
28,2347
28,2354
28,2410
28,2482
28,2574
28,2611
28,2682
28,2684
28,2804
28,2882
28,2888
28,2939
28,2943
28,2952
29,566
29,567
29,568
29,569
29,570
29,571
29,572
29,573
29,574
29,575
29,576
29,577
29,578
29,579
29,581
29,582
29,583
29,584
29,585
29,617
29,1125
29,1155
29,1161
29,1165
29,1174
29,1175
29,1250
29,1316
29,1320
29,1378
29,1397
29,1409
29,1494
29,1518
29,1519
29,1546
29,1579
29,1656
29,1720
29,1834
29,1941
29,1942
29,2012
29,2145
29,2240
29,2250
29,2287
29,2339
29,2369
29,2475
29,2599
29,2618
29,2757
29,2789
29,2803
29,2836
29,2844
29,2889
29,2932
29,2940
30,580
30,586
30,587
30,588
30,589
30,590
30,591
30,592
30,593
30,594
30,596
30,597
30,598
30,600
30,601
30,602
30,603
30,604
30,605
30,663
30,1201
30,1223
30,1369
30,1430
30,1443
30,1447
30,1503
30,1649
30,1894
30,2046
30,2189
30,2216
30,2237
30,2321
30,2365
30,2403
30,2446
30,2470
30,2545
30,2558
30,2630
30,2668
30,2763
30,2769
30,2813
30,2817
30,2879
30,2899
30,2933
30,2948
30,2970
31,595
31,599
31,606
31,607
31,608
31,609
31,610
31,612
31,613
31,614
31,615
31,616
31,618
31,619
31,620
31,621
31,622
31,623
31,624
31,625
31,1060
31,1120
31,1127
31,1145
31,1152
31,1158
31,1229
31,1277
31,1350
31,1368
31,1376
31,1383
31,1418
31,1498
31,1520
31,1566
31,1628
31,1731
31,1767
31,1777
31,1836
31,1926
31,2044
31,2133
31,2152
31,2245
31,2405
31,2637
31,2779
31,2822
31,2862
31,2923
31,2980
32,626
32,627
32,628
32,629
32,630
32,631
32,632
32,633
32,634
32,635
32,636
32,637
32,638
32,639
32,640
32,641
32,642
32,643
32,1020
32,1068
32,1108
32,1110
32,1245
32,1279
32,1296
32,1326
32,1377
32,1457
32,1528
32,1573
32,1601
32,1632
32,1658
32,1705
32,1795
32,1865
32,1920
32,2009
32,2084
32,2147
32,2157
32,2168
32,2178
32,2196
32,2199
32,2259
32,2280
32,2377
32,2386
32,2506
32,2562
32,2694
32,2788
32,2795
32,2802
32,2856
32,2885
32,2910
32,2925
32,2963
33,644
33,645
33,646
33,647
33,648
33,649
33,650
33,651
33,652
33,653
33,654
33,655
33,656
33,657
33,658
33,659
33,660
33,661
33,662
33,664
33,665
33,1042
33,1075
33,1080
33,1166
33,1173
33,1198
33,1231
33,1238
33,1263
33,1275
33,1318
33,1490
33,1506
33,1530
33,1531
33,1571
33,1589
33,1733
33,1742
33,1811
33,1838
33,1924
33,2014
33,2040
33,2159
33,2235
33,2251
33,2275
33,2457
33,2484
33,2504
33,2522
33,2638
33,2649
33,2685
33,2766
33,2773
33,2937
33,2959
34,666
34,667
34,668
34,669
34,670
34,671
34,672
34,673
34,674
34,675
34,676
34,677
34,678
34,679
34,680
34,681
34,682
34,683
34,684
34,685
34,688
34,1026
34,1067
34,1092
34,1101
34,1116
34,1124
34,1176
34,1286
34,1306
34,1349
34,1384
34,1462
34,1548
34,1624
34,1642
34,1815
34,1817
34,1913
34,2016
34,2080
34,2107
34,2203
34,2207
34,2232
34,2234
34,2371
34,2480
34,2604
34,2690
34,2703
34,2786
34,2859
34,2966
34,2978
35,686
35,687
35,689
35,690
35,691
35,692
35,693
35,694
35,695
35,696
35,697
35,698
35,699
35,700
35,701
35,702
35,703
35,704
35,705
35,711
35,1032
35,1035
35,1109
35,1151
35,1154
35,1219
35,1354
35,1434
35,1465
35,1524
35,1527
35,1578
35,1621
35,1646
35,1715
35,1738
35,1792
35,1846
35,2036
35,2048
35,2073
35,2091
35,2099
35,2112
35,2138
35,2151
35,2175
35,2286
35,2406
35,2436
35,2461
35,2474
35,2481
35,2530
35,2603
35,2672
35,2716
35,2778
35,2792
35,2849
35,2853
35,2871
35,2908
35,2916
35,2942
35,2964
36,706
36,707
36,708
36,709
36,710
36,712
36,713
36,714
36,715
36,716
36,717
36,718
36,719
36,721
36,722
36,723
36,724
36,725
36,733
36,751
36,1049
36,1059
36,1081
36,1085
36,1133
36,1236
36,1317
36,1435
36,1468
36,1521
36,1526
36,1590
36,1637
36,1647
36,1707
36,1713
36,1773
36,1778
36,1828
36,1856
36,1860
36,1901
36,1914
36,1939
36,1954
36,1956
36,1959
36,2102
36,2200
36,2222
36,2258
36,2307
36,2310
36,2357
36,2411
36,2429
36,2440
36,2477
36,2509
36,2510
36,2529
36,2571
36,2710
36,2798
36,2891
36,2896
36,2958
37,720
37,726
37,727
37,728
37,729
37,730
37,731
37,732
37,734
37,735
37,736
37,737
37,738
37,739
37,740
37,741
37,742
37,743
37,744
37,745
37,1008
37,1065
37,1084
37,1260
37,1410
37,1427
37,1482
37,1497
37,1516
37,1550
37,1645
37,1693
37,1694
37,1766
37,1876
37,1893
37,1951
37,1998
37,2019
37,2414
37,2428
37,2486
37,2512
37,2520
37,2539
37,2594
37,2606
37,2683
37,2695
37,2722
37,2794
37,2823
37,2827
37,2880
37,2975
38,746
38,747
38,748
38,749
38,750
38,752
38,753
38,754
38,755
38,756
38,757
38,758
38,759
38,760
38,761
38,762
38,763
38,764
38,765
38,1147
38,1404
38,1425
38,1444
38,1496
38,1643
38,1708
38,1884
38,1892
38,2010
38,2032
38,2051
38,2055
38,2087
38,2121
38,2164
38,2254
38,2263
38,2391
38,2501
38,2576
38,2579
38,2593
38,2673
38,2691
38,2835
38,2919
39,766
39,767
39,768
39,769
39,770
39,771
39,772
39,773
39,774
39,775
39,776
39,777
39,778
39,779
39,780
39,781
39,782
39,783
39,784
39,785
39,1010
39,1043
39,1097
39,1202
39,1255
39,1273
39,1310
39,1372
39,1402
39,1432
39,1489
39,1640
39,1678
39,1701
39,1735
39,1774
39,1798
39,1930
39,1933
39,1964
39,2004
39,2077
39,2089
39,2141
39,2197
39,2215
39,2228
39,2238
39,2273
39,2322
39,2381
39,2565
39,2597
39,2635
39,2676
39,2718
39,2761
39,2783
39,2837
39,2915
39,2922
39,2949
39,2985
40,786
40,787
40,788
40,789
40,790
40,791
40,792
40,793
40,794
40,795
40,796
40,797
40,798
40,799
40,800
40,801
40,802
40,803
40,804
40,805
40,956
40,1053
40,1214
40,1227
40,1290
40,1300
40,1327
40,1357
40,1373
40,1420
40,1481
40,1507
40,1535
40,1540
40,1574
40,1631
40,1635
40,1686
40,1724
40,1769
40,1820
40,1827
40,1862
40,1916
40,1937
40,1990
40,2017
40,2069
40,2115
40,2171
40,2184
40,2225
40,2274
40,2344
40,2442
40,2550
40,2689
40,2711
40,2774
40,2845
40,2873
40,2901
40,2965
41,806
41,807
41,808
41,809
41,810
41,811
41,812
41,813
41,814
41,815
41,816
41,817
41,818
41,819
41,820
41,821
41,822
41,823
41,825
41,892
41,1009
41,1028
41,1082
41,1095
41,1096
41,1104
41,1172
41,1190
41,1270
41,1379
41,1442
41,1470
41,1698
41,1710
41,1779
41,1781
41,1797
41,2003
41,2031
41,2165
41,2227
41,2277
41,2585
41,2608
41,2646
41,2686
41,2699
41,2723
41,2770
41,2777
41,2918
41,2989
42,824
42,826
42,827
42,828
42,829
42,830
42,831
42,832
42,833
42,834
42,835
42,836
42,837
42,838
42,839
42,840
42,841
42,842
42,843
42,844
42,845
42,869
42,1064
42,1073
42,1076
42,1094
42,1153
42,1262
42,1266
42,1292
42,1333
42,1334
42,1403
42,1411
42,1438
42,1480
42,1491
42,1493
42,1595
42,1614
42,1638
42,1655
42,1681
42,1832
42,1845
42,1866
42,2042
42,2068
42,2085
42,2090
42,2136
42,2142
42,2172
42,2318
42,2333
42,2364
42,2447
42,2467
42,2507
42,2518
42,2639
42,2648
42,2667
42,2731
42,2825
42,2855
42,2863
42,2898
42,2927
42,2931
43,846
43,847
43,848
43,849
43,850
43,851
43,852
43,853
43,854
43,855
43,856
43,857
43,858
43,859
43,860
43,861
43,862
43,863
43,864
43,865
43,873
43,1029
43,1066
43,1130
43,1144
43,1164
43,1267
43,1315
43,1339
43,1342
43,1398
43,1763
43,1804
43,1987
43,2002
43,2083
43,2114
43,2129
43,2134
43,2166
43,2174
43,2211
43,2268
43,2278
43,2351
43,2355
43,2459
43,2533
43,2575
43,2592
43,2623
43,2626
43,2678
43,2765
43,2812
43,2860
43,2886
43,2984
43,2998
44,866
44,867
44,868
44,870
44,871
44,872
44,874
44,875
44,876
44,877
44,878
44,879
44,880
44,881
44,882
44,883
44,884
44,885
44,1024
44,1063
44,1070
44,1235
44,1281
44,1288
44,1361
44,1380
44,1460
44,1543
44,1563
44,1588
44,1650
44,1746
44,1819
44,1837
44,1957
44,1958
44,2023
44,2035
44,2109
44,2206
44,2220
44,2247
44,2325
44,2496
44,2538
44,2541
44,2549
44,2551
44,2613
44,2737
44,2745
44,2857
44,2895
44,2991
45,886
45,887
45,888
45,889
45,890
45,891
45,893
45,894
45,895
45,896
45,897
45,898
45,899
45,900
45,901
45,902
45,903
45,904
45,908
45,1071
45,1206
45,1210
45,1212
45,1237
45,1243
45,1340
45,1352
45,1370
45,1467
45,1502
45,1565
45,1679
45,1719
45,1743
45,1753
45,1841
45,1853
45,1875
45,1921
45,1984
45,2015
45,2020
45,2079
45,2103
45,2201
45,2243
45,2248
45,2262
45,2292
45,2334
45,2340
45,2453
45,2478
45,2567
45,2636
45,2681
45,2753
45,2771
45,2903
45,2945
46,905
46,906
46,907
46,909
46,910
46,911
46,912
46,913
46,914
46,915
46,916
46,917
46,918
46,919
46,920
46,921
46,922
46,923
46,924
46,925
46,926
46,1014
46,1052
46,1087
46,1115
46,1192
46,1269
46,1359
46,1440
46,1488
46,1536
46,1560
46,1568
46,1587
46,1662
46,1667
46,1717
46,1729
46,1806
46,1859
46,1868
46,1992
46,2097
46,2108
46,2186
46,2282
46,2535
46,2581
46,2584
46,2590
46,2614
46,2664
46,2751
46,2902
46,2990
47,927
47,928
47,929
47,930
47,931
47,932
47,933
47,934
47,935
47,936
47,937
47,938
47,939
47,940
47,941
47,942
47,943
47,944
47,945
47,946
47,1034
47,1098
47,1111
47,1113
47,1149
47,1302
47,1351
47,1446
47,1455
47,1471
47,1508
47,1523
47,1532
47,1539
47,1567
47,1593
47,1796
47,1825
47,1887
47,1961
47,2063
47,2065
47,2158
47,2173
47,2176
47,2257
47,2260
47,2284
47,2418
47,2500
47,2505
47,2519
47,2526
47,2555
47,2651
47,2697
47,2700
47,2743
47,2747
47,2806
47,2935
47,2944
47,2947
48,947
48,948
48,949
48,950
48,951
48,952
48,953
48,954
48,955
48,957
48,958
48,959
48,960
48,961
48,962
48,963
48,964
48,965
48,966
48,1047
48,1121
48,1134
48,1195
48,1336
48,1338
48,1362
48,1557
48,1591
48,1654
48,1664
48,1706
48,1721
48,1869
48,2093
48,2124
48,2156
48,2170
48,2382
48,2420
48,2455
48,2464
48,2531
48,2650
48,2750
48,2791
48,2865
48,2914
48,2992
49,967
49,968
49,969
49,970
49,973
49,974
49,975
49,976
49,977
49,978
49,979
49,980
49,981
49,982
49,983
49,984
49,985
49,986
49,987
49,1016
49,1168
49,1200
49,1205
49,1207
49,1253
49,1452
49,1522
49,1558
49,1561
49,1611
49,1616
49,1629
49,1641
49,1737
49,1745
49,1814
49,1844
49,2027
49,2057
49,2217
49,2224
49,2341
49,2363
49,2422
49,2427
49,2548
49,2556
49,2578
49,2647
49,2662
49,2679
49,2701
49,2730
49,2780
49,2828
49,2874
49,2938
50,988
50,989
50,990
50,991
50,992
50,993
50,994
50,995
50,996
50,997
50,998
50,999
50,1000
50,1001
50,1002
50,1003
50,1004
50,1005
50,1006
50,1007
50,1022
50,1025
50,1030
50,1041
50,1078
50,1135
50,1160
50,1177
50,1196
50,1217
50,1249
50,1252
50,1276
50,1280
50,1322
50,1387
50,1392
50,1448
50,1459
50,1464
50,1525
50,1652
50,1922
50,2146
50,2233
50,2387
50,2434
50,2438
50,2495
50,2521
50,2560
50,2631
50,2644
50,2687
50,2708
50,2742
50,2772
50,2796
50,2854
50,2909
