performRoutineServiceNumber,performRoutineRoomServiceNumber
1,1
1,2
2,1
2,2
3,1
3,2
4,1
4,2
5,1
5,2
6,1
6,2
7,1
7,2
8,1
8,2
9,1
9,2
10,1
10,2
11,1
11,2
12,1
12,2
13,1
13,2
14,1
14,2
15,1
15,2
16,1
16,2
17,1
17,2
18,1
18,2
19,1
19,2
20,1
20,2
21,1
22,1
23,1
24,1
25,1
26,1
27,1
28,1
29,1
30,1
31,1
32,1
33,1
34,1
35,1
36,1
37,1
38,1
39,1
40,1
41,1
42,1
43,1
44,1
45,1
46,1
47,1
48,1
49,1
50,1
51,1
52,1
53,1
54,1
55,1
56,1
57,1
58,1
59,1
60,1
61,1
62,1
63,1
64,1
65,1
66,1
67,1
68,1
69,1
70,1
71,1
72,1
73,1
74,1
75,1
76,1
77,1
78,1
79,1
80,1
81,1
82,1
83,1
84,1
85,1
86,1
87,1
88,1
89,1
90,1
91,1
92,1
93,1
94,1
95,1
96,1
97,1
98,1
99,1
100,1
101,1
102,1
103,1
104,1
105,1
106,1
107,1
108,1
109,1
110,1
111,1
112,1
113,1
114,1
115,1
116,1
117,1
118,1
119,1
120,1
121,1
122,1
123,1
124,1
125,1
126,2
127,2
128,2
129,2
130,2
131,2
132,2
133,2
134,2
135,2
136,2
137,2
138,2
139,2
140,2
141,2
142,2
143,2
144,2
145,2
146,2
147,2
148,2
149,2
150,2
151,2
152,2
153,2
154,2
155,2
156,2
157,2
158,2
159,2
160,2
161,2
162,2
163,2
164,2
165,2
166,2
167,2
168,2
169,2
170,2
171,2
172,2
173,2
174,2
175,2
176,2
177,2
178,2
179,2
180,2
181,2
182,2
183,2
184,2
185,2
186,2
187,2
188,2
189,2
190,2
191,2
192,2
193,2
194,2
195,2
196,2
197,2
198,2
199,2
200,2
201,2
202,2
203,2
204,2
205,2
206,2
207,2
208,2
209,2
210,2
211,2
212,2
213,2
214,2
215,2
216,2
217,2
218,2
219,2
220,2
221,2
222,2
223,2
224,2
225,2
226,2
227,2
228,2
229,2
230,2
231,2
232,2
233,2
234,2
235,2
236,2
237,2
238,2
239,2
240,2
241,2
242,2
243,2
244,2
245,2
246,2
247,2
248,2
249,2
250,2
251,3
252,3
253,3
254,3
255,3
256,3
257,3
258,3
259,3
260,3
261,3
262,3
263,3
264,3
265,3
266,3
267,3
268,3
269,3
270,3
271,3
272,3
273,3
274,3
275,3
276,3
277,3
278,3
279,3
280,3
281,3
282,3
283,3
284,3
285,3
286,3
287,3
288,3
289,3
290,3
291,3
292,3
293,3
294,3
295,3
296,3
297,3
298,3
299,3
300,3
301,3
302,3
303,3
304,3
305,3
306,3
307,3
308,3
309,3
310,3
311,3
312,3
313,3
314,3
315,3
316,3
317,3
318,3
319,3
320,3
321,3
322,3
323,3
324,3
325,3
326,3
327,3
328,3
329,3
330,3
331,3
332,3
333,3
334,3
335,3
336,3
337,3
338,3
339,3
340,3
341,3
342,3
343,3
344,3
345,3
346,3
347,3
348,3
349,3
350,3
351,3
352,3
353,3
354,3
355,3
356,3
357,3
358,3
359,3
360,3
361,3
362,3
363,3
364,3
365,3
366,3
367,3
368,3
369,3
370,3
371,3
372,3
373,3
374,3
375,3
376,4
377,4
378,4
379,4
380,4
381,4
382,4
383,4
384,4
385,4
386,4
387,4
388,4
389,4
390,4
391,4
392,4
393,4
394,4
395,4
396,4
397,4
398,4
399,4
400,4
401,4
402,4
403,4
404,4
405,4
406,4
407,4
408,4
409,4
410,4
411,4
412,4
413,4
414,4
415,4
416,4
417,4
418,4
419,4
420,4
421,4
422,4
423,4
424,4
425,4
426,4
427,4
428,4
429,4
430,4
431,4
432,4
433,4
434,4
435,4
436,4
437,4
438,4
439,4
440,4
441,4
442,4
443,4
444,4
445,4
446,4
447,4
448,4
449,4
450,4
451,4
452,4
453,4
454,4
455,4
456,4
457,4
458,4
459,4
460,4
461,4
462,4
463,4
464,4
465,4
466,4
467,4
468,4
469,4
470,4
471,4
472,4
473,4
474,4
475,4
476,4
477,4
478,4
479,4
480,4
481,4
482,4
483,4
484,4
485,4
486,4
487,4
488,4
489,4
490,4
491,4
492,4
493,4
494,4
495,4
496,4
497,4
498,4
499,4
500,4
501,5
502,5
503,5
504,5
505,5
506,5
507,5
508,5
509,5
510,5
511,5
512,5
513,5
514,5
515,5
516,5
517,5
518,5
519,5
520,5
521,5
522,5
523,5
524,5
525,5
526,5
527,5
528,5
529,5
530,5
531,5
532,5
533,5
534,5
535,5
536,5
537,5
538,5
539,5
540,5
541,5
542,5
543,5
544,5
545,5
546,5
547,5
548,5
549,5
550,5
551,5
552,5
553,5
554,5
555,5
556,5
557,5
558,5
559,5
560,5
561,5
562,5
563,5
564,5
565,5
566,5
567,5
568,5
569,5
570,5
571,5
572,5
573,5
574,5
575,5
576,5
577,5
578,5
579,5
580,5
581,5
582,5
583,5
584,5
585,5
586,5
587,5
588,5
589,5
590,5
591,5
592,5
593,5
594,5
595,5
596,5
597,5
598,5
599,5
600,5
601,5
602,5
603,5
604,5
605,5
606,5
607,5
608,5
609,5
610,5
611,5
612,5
613,5
614,5
615,5
616,5
617,5
618,5
619,5
620,5
621,5
622,5
623,5
624,5
625,5
626,6
627,6
628,6
629,6
630,6
631,6
632,6
633,6
634,6
635,6
636,6
637,6
638,6
639,6
640,6
641,6
642,6
643,6
644,6
645,6
646,6
647,6
648,6
649,6
650,6
651,6
652,6
653,6
654,6
655,6
656,6
657,6
658,6
659,6
660,6
661,6
662,6
663,6
664,6
665,6
666,6
667,6
668,6
669,6
670,6
671,6
672,6
673,6
674,6
675,6
676,6
677,6
678,6
679,6
680,6
681,6
682,6
683,6
684,6
685,6
686,6
687,6
688,6
689,6
690,6
691,6
692,6
693,6
694,6
695,6
696,6
697,6
698,6
699,6
700,6
701,6
702,6
703,6
704,6
705,6
706,6
707,6
708,6
709,6
710,6
711,6
712,6
713,6
714,6
715,6
716,6
717,6
718,6
719,6
720,6
721,6
722,6
723,6
724,6
725,6
726,6
727,6
728,6
729,6
730,6
731,6
732,6
733,6
734,6
735,6
736,6
737,6
738,6
739,6
740,6
741,6
742,6
743,6
744,6
745,6
746,6
747,6
748,6
749,6
750,6
751,7
752,7
753,7
754,7
755,7
756,7
757,7
758,7
759,7
760,7
761,7
762,7
763,7
764,7
765,7
766,7
767,7
768,7
769,7
770,7
771,7
772,7
773,7
774,7
775,7
776,7
777,7
778,7
779,7
780,7
781,7
782,7
783,7
784,7
785,7
786,7
787,7
788,7
789,7
790,7
791,7
792,7
793,7
794,7
795,7
796,7
797,7
798,7
799,7
800,7
801,7
802,7
803,7
804,7
805,7
806,7
807,7
808,7
809,7
810,7
811,7
812,7
813,7
814,7
815,7
816,7
817,7
818,7
819,7
820,7
821,7
822,7
823,7
824,7
825,7
826,7
827,7
828,7
829,7
830,7
831,7
832,7
833,7
834,7
835,7
836,7
837,7
838,7
839,7
840,7
841,7
842,7
843,7
844,7
845,7
846,7
847,7
848,7
849,7
850,7
851,7
852,7
853,7
854,7
855,7
856,7
857,7
858,7
859,7
860,7
861,7
862,7
863,7
864,7
865,7
866,7
867,7
868,7
869,7
870,7
871,7
872,7
873,7
874,7
875,7
876,8
877,8
878,8
879,8
880,8
881,8
882,8
883,8
884,8
885,8
886,8
887,8
888,8
889,8
890,8
891,8
892,8
893,8
894,8
895,8
896,8
897,8
898,8
899,8
900,8
901,8
902,8
903,8
904,8
905,8
906,8
907,8
908,8
909,8
910,8
911,8
912,8
913,8
914,8
915,8
916,8
917,8
918,8
919,8
920,8
921,8
922,8
923,8
924,8
925,8
926,8
927,8
928,8
929,8
930,8
931,8
932,8
933,8
934,8
935,8
936,8
937,8
938,8
939,8
940,8
941,8
942,8
943,8
944,8
945,8
946,8
947,8
948,8
949,8
950,8
951,8
952,8
953,8
954,8
955,8
956,8
957,8
958,8
959,8
960,8
961,8
962,8
963,8
964,8
965,8
966,8
967,8
968,8
969,8
970,8
971,8
972,8
973,8
974,8
975,8
976,8
977,8
978,8
979,8
980,8
981,8
982,8
983,8
984,8
985,8
986,8
987,8
988,8
989,8
990,8
991,8
992,8
993,8
994,8
995,8
996,8
997,8
998,8
999,8
1000,8
1001,6
1002,7
1003,7
1004,5
1005,2
1006,5
1007,8
1008,4
1009,8
1010,3
1011,3
1012,4
1013,6
1014,4
1015,8
1016,1
1017,7
1018,8
1019,6
1020,3
1021,7
1022,7
1023,8
1024,1
1025,6
1026,5
1027,8
1028,6
1029,5
1030,1
1031,2
1032,4
1033,3
1034,8
1035,6
1036,7
1037,1
1038,4
1039,3
1040,8
1041,5
1042,6
1043,1
1044,3
1045,8
1046,7
1047,3
1048,4
1049,2
1050,2
1051,4
1052,6
1053,5
1054,4
1055,2
1056,8
1057,7
1058,6
1059,7
1060,6
1061,5
1062,2
1063,8
1064,8
1065,1
1066,7
1067,2
1068,6
1069,7
1070,2
1071,8
1072,4
1073,6
1074,6
1075,7
1076,1
1077,6
1078,6
1079,2
1080,8
1081,2
1082,4
1083,5
1084,3
1085,6
1086,4
1087,7
1088,7
1089,7
1090,7
1091,8
1092,3
1093,5
1094,6
1095,3
1096,3
1097,7
1098,2
1099,2
1100,1
1101,5
1102,6
1103,6
1104,8
1105,2
1106,8
1107,1
1108,8
1109,6
1110,1
1111,2
1112,1
1113,5
1114,8
1115,4
1116,2
1117,6
1118,5
1119,2
1120,5
1121,1
1122,3
1123,7
1124,1
1125,3
1126,6
1127,8
1128,8
1129,4
1130,5
1131,3
1132,5
1133,5
1134,1
1135,3
1136,4
1137,7
1138,5
1139,1
1140,6
1141,4
1142,8
1143,2
1144,6
1145,5
1146,7
1147,6
1148,5
1149,2
1150,2
1151,5
1152,3
1153,8
1154,5
1155,1
1156,3
1157,7
1158,5
1159,6
1160,5
1161,8
1162,1
1163,5
1164,2
1165,7
1166,6
1167,5
1168,5
1169,6
1170,8
1171,3
1172,1
1173,4
1174,4
1175,2
1176,1
1177,2
1178,2
1179,4
1180,4
1181,1
1182,4
1183,7
1184,2
1185,8
1186,1
1187,5
1188,8
1189,8
1190,1
1191,6
1192,3
1193,8
1194,5
1195,7
1196,3
1197,4
1198,8
1199,8
1200,8
1201,3
1202,2
1203,8
1204,2
1205,8
1206,5
1207,7
1208,5
1209,3
1210,8
1211,1
1212,6
1213,1
1214,2
1215,4
1216,5
1217,3
1218,3
1219,2
1220,7
1221,2
1222,5
1223,5
1224,6
1225,3
1226,1
1227,1
1228,8
1229,6
1230,8
1231,6
1232,3
1233,3
1234,4
1235,2
1236,8
1237,4
1238,6
1239,3
1240,3
1241,2
1242,8
1243,5
1244,1
1245,8
1246,8
1247,2
1248,7
1249,1
1250,2
1251,1
1252,1
1253,6
1254,1
1255,7
1256,6
1257,5
1258,2
1259,7
1260,7
1261,4
1262,8
1263,7
1264,4
1265,3
1266,7
1267,4
1268,6
1269,8
1270,5
1271,1
1272,5
1273,8
1274,7
1275,5
1276,2
1277,1
1278,5
1279,6
1280,4
1281,7
1282,3
1283,7
1284,5
1285,7
1286,5
1287,5
1288,2
1289,6
1290,5
1291,3
1292,2
1293,7
1294,4
1295,8
1296,3
1297,2
1298,2
1299,6
1300,2
1301,5
1302,5
1303,7
1304,4
1305,1
1306,4
1307,1
1308,7
1309,5
1310,6
1311,6
1312,1
1313,5
1314,4
1315,8
1316,1
1317,1
1318,3
1319,6
1320,7
1321,3
1322,3
1323,1
1324,4
1325,3
1326,7
1327,7
1328,5
1329,8
1330,2
1331,8
1332,7
1333,8
1334,4
1335,7
1336,3
1337,5
1338,3
1339,4
1340,4
1341,4
1342,6
1343,5
1344,8
1345,8
1346,3
1347,6
1348,3
1349,4
1350,7
1351,2
1352,8
1353,5
1354,7
1355,8
1356,3
1357,4
1358,3
1359,2
1360,3
1361,5
1362,5
1363,8
1364,3
1365,7
1366,7
1367,1
1368,1
1369,5
1370,6
1371,5
1372,7
1373,7
1374,2
1375,4
1376,5
1377,6
1378,1
1379,5
1380,8
1381,2
1382,4
1383,1
1384,2
1385,8
1386,1
1387,3
1388,1
1389,5
1390,5
1391,7
1392,2
1393,1
1394,2
1395,7
1396,7
1397,7
1398,2
1399,2
1400,1
1401,2
1402,5
1403,6
1404,7
1405,2
1406,4
1407,1
1408,3
1409,4
1410,3
1411,5
1412,4
1413,7
1414,2
1415,1
1416,2
1417,5
1418,7
1419,3
1420,6
1421,4
1422,1
1423,5
1424,1
1425,7
1426,3
1427,6
1428,6
1429,4
1430,5
1431,7
1432,4
1433,8
1434,4
1435,7
1436,5
1437,7
1438,2
1439,8
1440,5
1441,8
1442,1
1443,5
1444,2
1445,8
1446,4
1447,4
1448,8
1449,1
1450,6
1451,3
1452,8
1453,7
1454,4
1455,6
1456,1
1457,8
1458,6
1459,1
1460,8
1461,6
1462,3
1463,7
1464,8
1465,5
1466,2
1467,5
1468,4
1469,4
1470,5
1471,4
1472,3
1473,7
1474,7
1475,6
1476,4
1477,5
1478,4
1479,1
1480,3
1481,8
1482,7
1483,6
1484,7
1485,2
1486,7
1487,5
1488,4
1489,6
1490,6
1491,5
1492,1
1493,2
1494,1
1495,8
1496,6
1497,2
1498,5
1499,6
1500,7
1501,8
1502,1
1503,5
1504,5
1505,3
1506,1
1507,2
1508,1
1509,6
1510,3
1511,5
1512,5
1513,5
1514,6
1515,8
1516,8
1517,6
1518,8
1519,6
1520,6
1521,6
1522,1
1523,6
1524,6
1525,8
1526,3
1527,1
1528,7
1529,8
1530,1
1531,2
1532,8
1533,7
1534,3
1535,4
1536,7
1537,2
1538,1
1539,5
1540,2
1541,6
1542,4
1543,6
1544,4
1545,2
1546,1
1547,4
1548,4
1549,1
1550,8
1551,8
1552,2
1553,8
1554,8
1555,2
1556,7
1557,4
1558,8
1559,5
1560,8
1561,8
1562,4
1563,2
1564,6
1565,1
1566,6
1567,7
1568,3
1569,3
1570,1
1571,6
1572,5
1573,4
1574,4
1575,1
1576,2
1577,3
1578,2
1579,4
1580,8
1581,7
1582,6
1583,6
1584,8
1585,1
1586,8
1587,1
1588,7
1589,2
1590,5
1591,4
1592,3
1593,5
1594,6
1595,3
1596,3
1597,3
1598,1
1599,4
1600,5
1601,2
1602,2
1603,2
1604,8
1605,3
1606,4
1607,7
1608,4
1609,8
1610,1
1611,5
1612,2
1613,4
1614,6
1615,1
1616,3
1617,6
1618,2
1619,5
1620,2
1621,5
1622,8
1623,2
1624,7
1625,6
1626,3
1627,1
1628,7
1629,2
1630,6
1631,7
1632,3
1633,7
1634,8
1635,6
1636,6
1637,4
1638,6
1639,6
1640,6
1641,1
1642,5
1643,7
1644,2
1645,8
1646,2
1647,8
1648,7
1649,5
1650,1
1651,6
1652,1
1653,5
1654,2
1655,8
1656,3
1657,8
1658,3
1659,3
1660,8
1661,3
1662,1
1663,3
1664,2
1665,2
1666,3
1667,4
1668,4
1669,1
1670,3
1671,7
1672,8
1673,5
1674,7
1675,1
1676,1
1677,1
1678,1
1679,7
1680,4
1681,4
1682,2
1683,2
1684,2
1685,1
1686,6
1687,6
1688,5
1689,1
1690,4
1691,7
1692,2
1693,4
1694,7
1695,3
1696,1
1697,3
1698,6
1699,8
1700,6
1701,7
1702,5
1703,7
1704,2
1705,3
1706,6
1707,5
1708,6
1709,2
1710,8
1711,2
1712,8
1713,5
1714,8
1715,5
1716,1
1717,7
1718,1
1719,2
1720,4
1721,5
1722,8
1723,4
1724,5
1725,5
1726,6
1727,5
1728,7
1729,4
1730,8
1731,6
1732,4
1733,1
1734,1
1735,6
1736,8
1737,4
1738,8
1739,7
1740,3
1741,2
1742,1
1743,4
1744,2
1745,2
1746,8
1747,5
1748,4
1749,3
1750,2
1751,3
1752,2
1753,4
1754,4
1755,2
1756,7
1757,1
1758,2
1759,6
1760,5
1761,2
1762,7
1763,2
1764,2
1765,2
1766,6
1767,7
1768,4
1769,3
1770,5
1771,6
1772,7
1773,3
1774,7
1775,3
1776,4
1777,5
1778,2
1779,4
1780,5
1781,1
1782,1
1783,5
1784,3
1785,6
1786,4
1787,1
1788,5
1789,8
1790,7
1791,7
1792,2
1793,2
1794,2
1795,2
1796,4
1797,7
1798,2
1799,8
1800,4
1801,2
1802,1
1803,2
1804,6
1805,5
1806,4
1807,8
1808,6
1809,2
1810,6
1811,3
1812,8
1813,7
1814,2
1815,5
1816,1
1817,3
1818,8
1819,5
1820,7
1821,6
1822,2
1823,5
1824,4
1825,7
1826,4
1827,5
1828,1
1829,5
1830,7
1831,6
1832,3
1833,3
1834,8
1835,4
1836,1
1837,8
1838,7
1839,6
1840,2
1841,4
1842,3
1843,4
1844,3
1845,4
1846,8
1847,4
1848,1
1849,6
1850,1
1851,1
1852,8
1853,6
1854,1
1855,7
1856,1
1857,5
1858,6
1859,7
1860,1
1861,8
1862,8
1863,1
1864,3
1865,1
1866,1
1867,5
1868,8
1869,6
1870,5
1871,1
1872,4
1873,2
1874,3
1875,3
1876,4
1877,7
1878,3
1879,1
1880,8
1881,1
1882,4
1883,3
1884,4
1885,7
1886,6
1887,5
1888,2
1889,1
1890,4
1891,4
1892,3
1893,1
1894,6
1895,3
1896,5
1897,3
1898,1
1899,2
1900,4
1901,3
1902,5
1903,3
1904,2
1905,1
1906,6
1907,6
1908,4
1909,7
1910,4
1911,3
1912,2
1913,5
1914,8
1915,8
1916,4
1917,6
1918,5
1919,5
1920,3
1921,4
1922,3
1923,7
1924,3
1925,1
1926,7
1927,4
1928,4
1929,1
1930,7
1931,1
1932,6
1933,1
1934,5
1935,5
1936,5
1937,1
1938,1
1939,4
1940,1
1941,1
1942,2
1943,4
1944,6
1945,2
1946,2
1947,6
1948,1
1949,6
1950,7
1951,8
1952,6
1953,4
1954,8
1955,1
1956,1
1957,7
1958,1
1959,1
1960,3
1961,2
1962,2
1963,4
1964,1
1965,3
1966,5
1967,2
1968,1
1969,3
1970,4
1971,3
1972,5
1973,1
1974,5
1975,3
1976,2
1977,8
1978,1
1979,2
1980,7
1981,1
1982,3
1983,7
1984,2
1985,8
1986,3
1987,3
1988,1
1989,5
1990,5
1991,6
1992,1
1993,1
1994,2
1995,7
1996,7
1997,7
1998,4
1999,4
2000,5
2001,1
2002,6
2003,6
2004,2
2005,5
2006,3
2007,6
2008,8
2009,6
2010,7
2011,2
2012,6
2013,8
2014,3
2015,2
2016,8
2017,4
2018,3
2019,1
2020,8
2021,3
2022,1
2023,5
2024,7
2025,6
2026,2
2027,5
2028,7
2029,6
2030,4
2031,4
2032,4
2033,6
2034,5
2035,7
2036,4
2037,5
2038,5
2039,5
2040,5
2041,6
2042,4
2043,4
2044,6
2045,3
2046,1
2047,2
2048,6
2049,1
2050,8
2051,3
2052,5
2053,3
2054,4
2055,3
2056,8
2057,1
2058,8
2059,4
2060,3
2061,7
2062,7
2063,2
2064,2
2065,3
2066,6
2067,1
2068,3
2069,4
2070,7
2071,3
2072,8
2073,6
2074,5
2075,3
2076,7
2077,6
2078,7
2079,4
2080,6
2081,1
2082,7
2083,7
2084,6
2085,1
2086,8
2087,2
2088,2
2089,2
2090,8
2091,3
2092,6
2093,1
2094,3
2095,6
2096,8
2097,2
2098,3
2099,4
2100,6
2101,8
2102,7
2103,3
2104,3
2105,6
2106,4
2107,7
2108,7
2109,2
2110,5
2111,3
2112,3
2113,4
2114,7
2115,3
2116,1
2117,8
2118,5
2119,1
2120,3
2121,5
2122,7
2123,1
2124,5
2125,4
2126,5
2127,7
2128,4
2129,7
2130,3
2131,6
2132,3
2133,4
2134,7
2135,7
2136,2
2137,4
2138,5
2139,8
2140,6
2141,1
2142,3
2143,1
2144,6
2145,5
2146,1
2147,2
2148,3
2149,8
2150,6
2151,8
2152,6
2153,2
2154,1
2155,2
2156,1
2157,6
2158,7
2159,7
2160,1
2161,6
2162,4
2163,8
2164,7
2165,7
2166,8
2167,7
2168,6
2169,8
2170,1
2171,6
2172,4
2173,5
2174,4
2175,3
2176,2
2177,7
2178,4
2179,8
2180,3
2181,4
2182,5
2183,4
2184,2
2185,4
2186,1
2187,2
2188,3
2189,6
2190,7
2191,4
2192,6
2193,6
2194,8
2195,1
2196,6
2197,4
2198,3
2199,8
2200,6
2201,2
2202,5
2203,3
2204,7
2205,1
2206,5
2207,2
2208,7
2209,7
2210,8
2211,3
2212,3
2213,8
2214,5
2215,6
2216,1
2217,8
2218,7
2219,3
2220,7
2221,7
2222,4
2223,1
2224,2
2225,6
2226,8
2227,6
2228,6
2229,4
2230,5
2231,7
2232,4
2233,5
2234,3
2235,1
2236,8
2237,2
2238,5
2239,2
2240,8
2241,8
2242,4
2243,5
2244,6
2245,4
2246,1
2247,6
2248,2
2249,2
2250,8
2251,6
2252,6
2253,8
2254,1
2255,8
2256,7
2257,4
2258,2
2259,2
2260,1
2261,7
2262,4
2263,3
2264,2
2265,2
2266,7
2267,7
2268,6
2269,4
2270,7
2271,7
2272,3
2273,5
2274,4
2275,8
2276,4
2277,8
2278,3
2279,6
2280,5
2281,3
2282,5
2283,4
2284,4
2285,8
2286,2
2287,5
2288,4
2289,3
2290,3
2291,4
2292,1
2293,4
2294,2
2295,1
2296,4
2297,1
2298,3
2299,4
2300,6
2301,3
2302,1
2303,6
2304,4
2305,1
2306,3
2307,1
2308,4
2309,2
2310,5
2311,7
2312,1
2313,4
2314,5
2315,7
2316,3
2317,1
2318,7
2319,3
2320,1
2321,2
2322,3
2323,3
2324,2
2325,3
2326,7
2327,8
2328,4
2329,4
2330,5
2331,3
2332,5
2333,8
2334,8
2335,3
2336,2
2337,7
2338,1
2339,4
2340,5
2341,1
2342,1
2343,3
2344,7
2345,5
2346,3
2347,5
2348,7
2349,3
2350,6
2351,3
2352,2
2353,1
2354,4
2355,5
2356,8
2357,7
2358,5
2359,1
2360,2
2361,4
2362,5
2363,1
2364,6
2365,2
2366,3
2367,2
2368,5
2369,3
2370,5
2371,5
2372,1
2373,4
2374,7
2375,8
2376,1
2377,1
2378,4
2379,6
2380,8
2381,3
2382,1
2383,1
2384,7
2385,2
2386,2
2387,5
2388,4
2389,4
2390,3
2391,3
2392,2
2393,1
2394,2
2395,1
2396,5
2397,1
2398,5
2399,6
2400,3
2401,2
2402,1
2403,5
2404,6
2405,2
2406,3
2407,6
2408,3
2409,5
2410,4
2411,8
2412,4
2413,8
2414,1
2415,8
2416,4
2417,4
2418,3
2419,5
2420,8
2421,6
2422,6
2423,1
2424,1
2425,3
2426,3
2427,8
2428,3
2429,6
2430,3
2431,8
2432,4
2433,6
2434,4
2435,7
2436,3
2437,5
2438,3
2439,5
2440,7
2441,4
2442,2
2443,1
2444,1
2445,3
2446,8
2447,3
2448,8
2449,2
2450,6
2451,2
2452,7
2453,1
2454,6
2455,5
2456,4
2457,8
2458,4
2459,4
2460,7
2461,3
2462,4
2463,5
2464,1
2465,4
2466,5
2467,6
2468,5
2469,3
2470,6
2471,8
2472,1
2473,6
2474,6
2475,5
2476,5
2477,6
2478,1
2479,6
2480,4
2481,1
2482,1
2483,1
2484,1
2485,2
2486,2
2487,3
2488,8
2489,7
2490,3
2491,3
2492,1
2493,8
2494,7
2495,4
2496,1
2497,6
2498,8
2499,6
2500,7
2501,2
2502,6
2503,6
2504,4
2505,6
2506,2
2507,2
2508,4
2509,2
2510,1
2511,7
2512,8
2513,6
2514,8
2515,7
2516,3
2517,3
2518,5
2519,8
2520,3
2521,2
2522,6
2523,6
2524,8
2525,4
2526,7
2527,1
2528,8
2529,2
2530,4
2531,7
2532,6
2533,4
2534,8
2535,2
2536,3
2537,3
2538,5
2539,3
2540,1
2541,8
2542,8
2543,7
2544,7
2545,4
2546,3
2547,3
2548,8
2549,8
2550,2
2551,6
2552,1
2553,8
2554,3
2555,6
2556,4
2557,1
2558,7
2559,1
2560,8
2561,1
2562,3
2563,2
2564,6
2565,2
2566,1
2567,5
2568,7
2569,7
2570,4
2571,8
2572,7
2573,2
2574,8
2575,3
2576,3
2577,8
2578,7
2579,4
2580,1
2581,5
2582,2
2583,8
2584,1
2585,7
2586,6
2587,6
2588,1
2589,3
2590,7
2591,3
2592,5
2593,5
2594,4
2595,1
2596,6
2597,6
2598,1
2599,6
2600,3
2601,7
2602,4
2603,2
2604,5
2605,2
2606,7
2607,8
2608,1
2609,1
2610,3
2611,5
2612,2
2613,3
2614,1
2615,3
2616,7
2617,3
2618,2
2619,7
2620,4
2621,4
2622,5
2623,5
2624,8
2625,1
2626,4
2627,3
2628,7
2629,8
2630,5
2631,6
2632,7
2633,1
2634,2
2635,2
2636,1
2637,8
2638,4
2639,7
2640,8
2641,7
2642,6
2643,8
2644,8
2645,2
2646,1
2647,3
2648,4
2649,1
2650,2
2651,3
2652,4
2653,2
2654,3
2655,8
2656,3
2657,8
2658,2
2659,4
2660,7
2661,5
2662,2
2663,2
2664,4
2665,6
2666,6
2667,2
2668,2
2669,7
2670,3
2671,7
2672,8
2673,4
2674,8
2675,5
2676,6
2677,5
2678,6
2679,7
2680,8
2681,1
2682,7
2683,6
2684,6
2685,3
2686,2
2687,6
2688,6
2689,2
2690,8
2691,2
2692,7
2693,8
2694,8
2695,4
2696,6
2697,4
2698,4
2699,2
2700,4
2701,8
2702,2
2703,6
2704,7
2705,3
2706,3
2707,1
2708,3
2709,7
2710,2
2711,7
2712,3
2713,3
2714,4
2715,6
2716,7
2717,4
2718,4
2719,2
2720,4
2721,1
2722,4
2723,8
2724,7
2725,2
2726,1
2727,1
2728,4
2729,5
2730,8
2731,3
2732,1
2733,4
2734,3
2735,8
2736,8
2737,1
2738,7
2739,4
2740,8
2741,2
2742,3
2743,8
2744,8
2745,2
2746,8
2747,4
2748,4
2749,2
2750,5
2751,2
2752,1
2753,3
2754,7
2755,3
2756,5
2757,2
2758,7
2759,6
2760,2
2761,3
2762,5
2763,7
2764,8
2765,8
2766,6
2767,7
2768,1
2769,4
2770,7
2771,6
2772,5
2773,8
2774,3
2775,3
2776,7
2777,4
2778,1
2779,6
2780,3
2781,6
2782,5
2783,2
2784,8
2785,6
2786,2
2787,6
2788,6
2789,8
2790,4
2791,7
2792,2
2793,2
2794,2
2795,5
2796,5
2797,5
2798,1
2799,8
2800,4
2801,1
2802,4
2803,1
2804,4
2805,7
2806,5
2807,1
2808,1
2809,4
2810,5
2811,2
2812,1
2813,2
2814,4
2815,5
2816,6
2817,3
2818,7
2819,2
2820,6
2821,8
2822,2
2823,1
2824,1
2825,1
2826,5
2827,4
2828,7
2829,6
2830,7
2831,2
2832,3
2833,1
2834,2
2835,2
2836,2
2837,5
2838,7
2839,1
2840,1
2841,2
2842,6
2843,2
2844,4
2845,2
2846,6
2847,8
2848,7
2849,6
2850,8
2851,2
2852,6
2853,7
2854,2
2855,4
2856,7
2857,4
2858,8
2859,4
2860,3
2861,2
2862,3
2863,4
2864,6
2865,3
2866,7
2867,8
2868,1
2869,2
2870,4
2871,2
2872,5
2873,6
2874,1
2875,5
2876,3
2877,1
2878,6
2879,7
2880,3
2881,5
2882,5
2883,1
2884,7
2885,5
2886,5
2887,5
2888,8
2889,6
2890,3
2891,7
2892,5
2893,4
2894,7
2895,8
2896,8
2897,3
2898,5
2899,1
2900,4
2901,6
2902,8
2903,6
2904,2
2905,6
2906,5
2907,8
2908,7
2909,6
2910,2
2911,7
2912,7
2913,1
2914,1
2915,7
2916,5
2917,2
2918,6
2919,2
2920,7
2921,3
2922,1
2923,3
2924,7
2925,5
2926,5
2927,2
2928,8
2929,2
2930,6
2931,8
2932,5
2933,5
2934,4
2935,6
2936,5
2937,8
2938,8
2939,1
2940,8
2941,5
2942,7
2943,2
2944,5
2945,5
2946,1
2947,4
2948,3
2949,1
2950,3
2951,6
2952,6
2953,4
2954,2
2955,2
2956,5
2957,6
2958,7
2959,6
2960,1
2961,4
2962,1
2963,5
2964,1
2965,2
2966,3
2967,2
2968,6
2969,3
2970,2
2971,6
2972,3
2973,5
2974,2
2975,3
2976,5
2977,7
2978,7
2979,3
2980,5
2981,1
2982,7
2983,8
2984,8
2985,8
2986,3
2987,2
2988,4
2989,2
2990,1
2991,7
2992,2
2993,2
2994,8
2995,5
2996,5
2997,2
2998,2
2999,3
3000,3
3001,8
3002,7
3003,1
3004,7
3005,5
3006,4
3007,1
3008,2
3009,8
3010,6
3011,7
3012,8
3013,5
3014,2
3015,8
3016,5
3017,1
3018,6
3019,1
3020,8
3021,2
3022,7
3023,4
3024,3
3025,3
3026,5
3027,1
3028,6
3029,6
3030,6
3031,3
3032,5
3033,4
3034,1
3035,5
3036,3
3037,7
3038,1
3039,3
3040,5
3041,3
3042,8
3043,4
3044,5
3045,3
3046,8
3047,6
3048,1
3049,8
3050,8
3051,4
3052,5
3053,2
3054,4
3055,1
3056,2
3057,3
3058,6
3059,4
3060,1
3061,3
3062,4
3063,4
3064,2
3065,3
3066,2
3067,4
3068,4
3069,5
3070,5
3071,7
3072,8
3073,4
3074,5
3075,6
3076,2
3077,3
3078,8
3079,1
3080,4
3081,8
3082,1
3083,6
3084,7
3085,3
3086,7
3087,4
3088,1
3089,8
3090,4
3091,1
3092,1
3093,6
3094,2
3095,2
3096,7
3097,4
3098,3
3099,2
3100,1
3101,4
3102,2
3103,4
3104,3
3105,1
3106,4
3107,1
3108,5
3109,6
3110,7
3111,8
3112,4
3113,6
3114,1
3115,2
3116,3
3117,6
3118,6
3119,8
3120,5
3121,6
3122,3
3123,5
3124,1
3125,5
3126,6
3127,3
3128,2
3129,3
3130,7
3131,7
3132,8
3133,6
3134,8
3135,8
3136,7
3137,5
3138,3
3139,7
3140,7
3141,6
3142,7
3143,4
3144,1
3145,5
3146,6
3147,3
3148,6
3149,8
3150,8
3151,2
3152,7
3153,3
3154,6
3155,4
3156,1
3157,5
3158,3
3159,7
3160,3
3161,1
3162,7
3163,3
3164,8
3165,1
3166,8
3167,6
3168,7
3169,1
3170,4
3171,6
3172,3
3173,8
3174,1
3175,7
3176,8
3177,8
3178,4
3179,5
3180,7
3181,4
3182,6
3183,3
3184,4
3185,6
3186,1
3187,5
3188,1
3189,4
3190,7
3191,2
3192,2
3193,5
3194,4
3195,6
3196,7
3197,5
3198,4
3199,8
3200,6
3201,8
3202,5
3203,6
3204,5
3205,2
3206,7
3207,7
3208,3
3209,7
3210,5
3211,2
3212,1
3213,7
3214,8
3215,8
3216,4
3217,5
3218,7
3219,3
3220,1
3221,3
3222,6
3223,3
3224,2
3225,2
3226,4
3227,7
3228,4
3229,3
3230,1
3231,3
3232,5
3233,5
3234,7
3235,8
3236,7
3237,1
3238,6
3239,2
3240,7
3241,2
3242,3
3243,2
3244,8
3245,6
3246,1
3247,4
3248,6
3249,5
3250,3
3251,2
3252,7
3253,2
3254,7
3255,4
3256,3
3257,2
3258,4
3259,3
3260,7
3261,1
3262,3
3263,8
3264,7
3265,2
3266,5
3267,5
3268,1
3269,1
3270,1
3271,4
3272,8
3273,5
3274,4
3275,8
3276,8
3277,4
3278,3
3279,4
3280,2
3281,1
3282,1
3283,8
3284,1
3285,7
3286,5
3287,4
3288,6
3289,4
3290,5
3291,6
3292,5
3293,3
3294,4
3295,7
3296,7
3297,3
3298,4
3299,7
3300,2
3301,5
3302,3
3303,5
3304,4
3305,7
3306,3
3307,2
3308,6
3309,8
3310,4
3311,7
3312,7
3313,1
3314,2
3315,6
3316,8
3317,4
3318,8
3319,8
3320,6
3321,2
3322,7
3323,5
3324,4
3325,4
3326,8
3327,5
3328,2
3329,6
3330,1
3331,5
3332,8
3333,5
3334,3
3335,5
3336,6
3337,5
3338,4
3339,2
3340,4
3341,3
3342,6
3343,7
3344,8
3345,7
3346,7
3347,5
3348,2
3349,6
3350,7
3351,4
3352,4
3353,4
3354,1
3355,8
3356,6
3357,7
3358,2
3359,1
3360,8
3361,7
3362,8
3363,8
3364,7
3365,7
3366,7
3367,2
3368,6
3369,5
3370,1
3371,4
3372,8
3373,7
3374,5
3375,3
3376,5
3377,1
3378,6
3379,6
3380,6
3381,4
3382,3
3383,5
3384,7
3385,5
3386,2
3387,4
3388,5
3389,4
3390,7
3391,8
3392,4
3393,4
3394,2
3395,6
3396,4
3397,6
3398,8
3399,2
3400,8
3401,5
3402,7
3403,5
3404,6
3405,4
3406,5
3407,6
3408,8
3409,6
3410,4
3411,6
3412,2
3413,4
3414,4
3415,5
3416,4
3417,3
3418,2
3419,2
3420,5
3421,3
3422,6
3423,3
3424,7
3425,1
3426,1
3427,4
3428,5
3429,7
3430,8
3431,7
3432,1
3433,4
3434,7
3435,1
3436,5
3437,7
3438,8
3439,4
3440,1
3441,5
3442,5
3443,7
3444,1
3445,1
3446,7
3447,8
3448,1
3449,6
3450,3
3451,1
3452,5
3453,6
3454,5
3455,5
3456,7
3457,4
3458,6
3459,5
3460,4
3461,2
3462,1
3463,2
3464,7
3465,5
3466,5
3467,6
3468,6
3469,3
3470,8
3471,5
3472,4
3473,6
3474,2
3475,1
3476,7
3477,7
3478,3
3479,6
3480,3
3481,1
3482,3
3483,7
3484,5
3485,7
3486,2
3487,4
3488,8
3489,2
3490,2
3491,1
3492,1
3493,3
3494,8
3495,7
3496,4
3497,3
3498,1
3499,4
3500,5
3501,2
3502,2
3503,7
3504,6
3505,6
3506,5
3507,7
3508,5
3509,5
3510,7
3511,1
3512,2
3513,1
3514,3
3515,3
3516,7
3517,3
3518,5
3519,1
3520,4
3521,2
3522,6
3523,5
3524,1
3525,7
3526,5
3527,1
3528,7
3529,3
3530,5
3531,4
3532,7
3533,8
3534,2
3535,1
3536,7
3537,4
3538,2
3539,8
3540,2
3541,3
3542,8
3543,4
3544,4
3545,2
3546,8
3547,8
3548,1
3549,5
3550,1
3551,2
3552,6
3553,8
3554,1
3555,3
3556,4
3557,6
3558,7
3559,7
3560,1
3561,5
3562,1
3563,2
3564,8
3565,3
3566,2
3567,3
3568,8
3569,2
3570,5
3571,3
3572,1
3573,6
3574,7
3575,1
3576,3
3577,2
3578,2
3579,7
3580,8
3581,5
3582,1
3583,2
3584,3
3585,3
3586,7
3587,7
3588,7
3589,7
3590,5
3591,1
3592,6
3593,4
3594,7
3595,6
3596,2
3597,6
3598,5
3599,1
3600,1
3601,6
3602,1
3603,7
3604,1
3605,6
3606,2
3607,8
3608,2
3609,1
3610,8
3611,2
3612,5
3613,8
3614,8
3615,5
3616,4
3617,8
3618,7
3619,5
3620,5
3621,3
3622,4
3623,1
3624,6
3625,4
3626,5
3627,6
3628,8
3629,2
3630,7
3631,6
3632,6
3633,1
3634,7
3635,3
3636,4
3637,2
3638,1
3639,6
3640,2
3641,7
3642,6
3643,7
3644,8
3645,3
3646,5
3647,7
3648,5
3649,2
3650,2
3651,3
3652,7
3653,8
3654,5
3655,6
3656,2
3657,1
3658,2
3659,6
3660,1
3661,4
3662,1
3663,1
3664,2
3665,3
3666,5
3667,5
3668,1
3669,5
3670,2
3671,2
3672,7
3673,2
3674,3
3675,6
3676,6
3677,6
3678,2
3679,3
3680,8
3681,7
3682,2
3683,7
3684,8
3685,5
3686,7
3687,7
3688,4
3689,2
3690,1
3691,3
3692,1
3693,4
3694,6
3695,7
3696,7
3697,5
3698,6
3699,5
3700,7
3701,8
3702,6
3703,8
3704,1
3705,1
3706,4
3707,6
3708,5
3709,7
3710,8
3711,5
3712,8
3713,8
3714,6
3715,2
3716,3
3717,2
3718,2
3719,5
3720,5
3721,6
3722,2
3723,8
3724,5
3725,7
3726,2
3727,4
3728,5
3729,5
3730,8
3731,1
3732,1
3733,5
3734,4
3735,8
3736,1
3737,3
3738,7
3739,8
3740,2
3741,1
3742,2
3743,5
3744,2
3745,5
3746,4
3747,2
3748,6
3749,4
3750,4
3751,5
3752,4
3753,1
3754,8
3755,2
3756,7
3757,7
3758,3
3759,3
3760,8
3761,8
3762,1
3763,1
3764,8
3765,7
3766,5
3767,3
3768,4
3769,7
3770,2
3771,1
3772,4
3773,3
3774,4
3775,4
3776,4
3777,6
3778,6
3779,1
3780,3
3781,8
3782,6
3783,2
3784,1
3785,4
3786,6
3787,8
3788,6
3789,3
3790,2
3791,3
3792,8
3793,4
3794,1
3795,2
3796,8
3797,2
3798,6
3799,4
3800,8
3801,1
3802,6
3803,8
3804,3
3805,4
3806,1
3807,2
3808,5
3809,5
3810,6
3811,2
3812,2
3813,3
3814,8
3815,8
3816,3
3817,8
3818,8
3819,4
3820,2
3821,5
3822,6
3823,2
3824,6
3825,7
3826,2
3827,8
3828,3
3829,3
3830,4
3831,2
3832,1
3833,3
3834,1
3835,2
3836,3
3837,7
3838,7
3839,6
3840,3
3841,4
3842,4
3843,1
3844,5
3845,1
3846,1
3847,5
3848,5
3849,1
3850,7
3851,8
3852,3
3853,2
3854,2
3855,4
3856,4
3857,5
3858,3
3859,4
3860,3
3861,2
3862,8
3863,3
3864,1
3865,4
3866,2
3867,8
3868,3
3869,6
3870,6
3871,5
3872,1
3873,2
3874,2
3875,6
3876,1
3877,5
3878,5
3879,5
3880,7
3881,5
3882,4
3883,2
3884,4
3885,4
3886,8
3887,7
3888,1
3889,5
3890,7
3891,6
3892,4
3893,4
3894,4
3895,2
3896,5
3897,1
3898,1
3899,2
3900,8
3901,2
3902,3
3903,7
3904,4
3905,3
3906,8
3907,1
3908,8
3909,5
3910,3
3911,7
3912,1
3913,6
3914,6
3915,6
3916,6
3917,7
3918,8
3919,5
3920,5
3921,3
3922,7
3923,6
3924,8
3925,8
3926,1
3927,6
3928,7
3929,8
3930,2
3931,1
3932,5
3933,3
3934,6
3935,5
3936,3
3937,5
3938,6
3939,1
3940,5
3941,7
3942,7
3943,5
3944,2
3945,8
3946,6
3947,7
3948,7
3949,6
3950,4
3951,7
3952,2
3953,4
3954,6
3955,5
3956,4
3957,5
3958,8
3959,5
3960,2
3961,2
3962,3
3963,1
3964,3
3965,3
3966,3
3967,6
3968,1
3969,1
3970,4
3971,2
3972,1
3973,7
3974,8
3975,6
3976,4
3977,3
3978,4
3979,8
3980,3
3981,3
3982,7
3983,1
3984,4
3985,4
3986,7
3987,1
3988,6
3989,1
3990,1
3991,7
3992,5
3993,2
3994,7
3995,4
3996,5
3997,7
3998,2
3999,8
4000,6
4001,8
4002,7
4003,6
4004,3
4005,3
4006,6
4007,4
4008,5
4009,1
4010,2
4011,2
4012,1
4013,1
4014,2
4015,8
4016,3
4017,2
4018,5
4019,8
4020,5
4021,3
4022,1
4023,8
4024,1
4025,5
4026,5
4027,8
4028,8
4029,5
4030,2
4031,5
4032,1
4033,5
4034,3
4035,3
4036,5
4037,2
4038,7
4039,2
4040,7
4041,4
4042,4
4043,6
4044,8
4045,8
4046,6
4047,5
4048,8
4049,8
4050,1
4051,4
4052,3
4053,3
4054,4
4055,3
4056,8
4057,7
4058,6
4059,6
4060,6
4061,6
4062,4
4063,8
4064,7
4065,5
4066,2
4067,4
4068,6
4069,8
4070,3
4071,2
4072,3
4073,3
4074,1
4075,2
4076,7
4077,4
4078,1
4079,1
4080,7
4081,1
4082,1
4083,1
4084,5
4085,6
4086,2
4087,6
4088,2
4089,8
4090,3
4091,6
4092,4
4093,2
4094,4
4095,1
4096,8
4097,5
4098,7
4099,3
4100,7
4101,3
4102,7
4103,8
4104,5
4105,7
4106,1
4107,1
4108,2
4109,3
4110,5
4111,5
4112,7
4113,6
4114,7
4115,6
4116,6
4117,4
4118,3
4119,2
4120,3
4121,4
4122,3
4123,7
4124,5
4125,6
4126,6
4127,2
4128,7
4129,1
4130,2
4131,3
4132,5
4133,6
4134,2
4135,5
4136,2
4137,1
4138,4
4139,6
4140,6
4141,2
4142,5
4143,8
4144,4
4145,7
4146,8
4147,7
4148,3
4149,7
4150,4
4151,5
4152,2
4153,6
4154,8
4155,4
4156,8
4157,1
4158,4
4159,8
4160,1
4161,7
4162,2
4163,1
4164,1
4165,2
4166,8
4167,1
4168,4
4169,2
4170,4
4171,6
4172,8
4173,5
4174,4
4175,1
4176,7
4177,4
4178,3
4179,7
4180,6
4181,8
4182,8
4183,1
4184,6
4185,5
4186,1
4187,8
4188,7
4189,7
4190,6
4191,2
4192,5
4193,5
4194,6
4195,7
4196,1
4197,5
4198,8
4199,2
4200,7
4201,7
4202,4
4203,1
4204,3
4205,6
4206,6
4207,5
4208,2
4209,7
4210,5
4211,5
4212,6
4213,6
4214,2
4215,2
4216,8
4217,1
4218,3
4219,4
4220,2
4221,1
4222,3
4223,5
4224,5
4225,2
4226,1
4227,3
4228,8
4229,6
4230,1
4231,3
4232,5
4233,1
4234,8
4235,8
4236,4
4237,7
4238,6
4239,8
4240,8
4241,5
4242,7
4243,8
4244,2
4245,1
4246,5
4247,8
4248,4
4249,4
4250,7
4251,1
4252,2
4253,3
4254,1
4255,7
4256,5
4257,8
4258,5
4259,1
4260,6
4261,4
4262,5
4263,5
4264,7
4265,3
4266,1
4267,5
4268,7
4269,3
4270,7
4271,2
4272,3
4273,4
4274,5
4275,5
4276,2
4277,4
4278,3
4279,4
4280,6
4281,2
4282,7
4283,5
4284,8
4285,8
4286,2
4287,2
4288,1
4289,1
4290,3
4291,5
4292,2
4293,5
4294,3
4295,4
4296,8
4297,3
4298,1
4299,8
4300,1
4301,8
4302,2
4303,2
4304,6
4305,5
4306,6
4307,7
4308,6
4309,4
4310,5
4311,2
4312,5
4313,2
4314,4
4315,5
4316,5
4317,1
4318,6
4319,8
4320,1
4321,7
4322,5
4323,6
4324,8
4325,2
4326,1
4327,7
4328,1
4329,2
4330,6
4331,8
4332,3
4333,3
4334,3
4335,6
4336,8
4337,6
4338,7
4339,3
4340,3
4341,4
4342,4
4343,5
4344,4
4345,2
4346,1
4347,1
4348,2
4349,7
4350,8
4351,7
4352,6
4353,2
4354,8
4355,3
4356,4
4357,4
4358,2
4359,4
4360,5
4361,8
4362,6
4363,5
4364,7
4365,6
4366,7
4367,2
4368,7
4369,6
4370,5
4371,7
4372,2
4373,3
4374,4
4375,6
4376,3
4377,8
4378,2
4379,6
4380,2
4381,8
4382,5
4383,2
4384,2
4385,7
4386,3
4387,1
4388,4
4389,1
4390,3
4391,4
4392,5
4393,4
4394,6
4395,4
4396,6
4397,8
4398,7
4399,7
4400,3
4401,7
4402,3
4403,5
4404,3
4405,1
4406,6
4407,3
4408,6
4409,2
4410,8
4411,4
4412,3
4413,5
4414,3
4415,6
4416,3
4417,5
4418,3
4419,8
4420,3
4421,7
4422,7
4423,7
4424,3
4425,1
4426,3
4427,7
4428,5
4429,1
4430,1
4431,4
4432,2
4433,4
4434,3
4435,4
4436,6
4437,1
4438,8
4439,2
4440,2
4441,1
4442,3
4443,2
4444,1
4445,8
4446,2
4447,8
4448,1
4449,1
4450,2
4451,1
4452,5
4453,7
4454,5
4455,5
4456,1
4457,4
4458,2
4459,2
4460,7
4461,7
4462,6
4463,6
4464,2
4465,5
4466,2
4467,7
4468,2
4469,8
4470,8
4471,3
4472,5
4473,2
4474,7
4475,3
4476,4
4477,5
4478,6
4479,3
4480,8
4481,4
4482,6
4483,5
4484,7
4485,8
4486,8
4487,3
4488,7
4489,6
4490,3
4491,2
4492,7
4493,7
4494,3
4495,3
4496,3
4497,6
4498,1
4499,5
4500,6
4501,3
4502,7
4503,2
4504,1
4505,8
4506,5
4507,3
4508,1
4509,3
4510,2
4511,5
4512,6
4513,7
4514,3
4515,4
4516,1
4517,2
4518,7
4519,3
4520,5
4521,8
4522,8
4523,4
4524,5
4525,7
4526,4
4527,7
4528,7
4529,4
4530,8
4531,6
4532,4
4533,2
4534,6
4535,5
4536,5
4537,5
4538,4
4539,8
4540,4
4541,5
4542,2
4543,5
4544,4
4545,7
4546,4
4547,8
4548,4
4549,8
4550,3
4551,2
4552,7
4553,7
4554,8
4555,7
4556,4
4557,3
4558,6
4559,3
4560,4
4561,6
4562,5
4563,6
4564,3
4565,5
4566,1
4567,5
4568,2
4569,7
4570,7
4571,5
4572,6
4573,7
4574,7
4575,1
4576,6
4577,4
4578,8
4579,6
4580,3
4581,4
4582,3
4583,8
4584,1
4585,7
4586,8
4587,5
4588,2
4589,7
4590,2
4591,3
4592,7
4593,2
4594,5
4595,6
4596,1
4597,5
4598,3
4599,8
4600,7
4601,8
4602,7
4603,6
4604,1
4605,6
4606,4
4607,8
4608,8
4609,8
4610,1
4611,8
4612,3
4613,1
4614,8
4615,8
4616,3
4617,5
4618,5
4619,5
4620,6
4621,4
4622,3
4623,4
4624,5
4625,5
4626,7
4627,5
4628,3
4629,1
4630,8
4631,1
4632,2
4633,8
4634,8
4635,4
4636,6
4637,5
4638,7
4639,4
4640,3
4641,8
4642,6
4643,3
4644,6
4645,2
4646,1
4647,6
4648,2
4649,5
4650,4
4651,4
4652,1
4653,6
4654,3
4655,3
4656,6
4657,3
4658,1
4659,5
4660,8
4661,8
4662,6
4663,7
4664,1
4665,1
4666,7
4667,3
4668,2
4669,5
4670,3
4671,6
4672,7
4673,1
4674,3
4675,6
4676,7
4677,1
4678,6
4679,4
4680,5
4681,1
4682,4
4683,7
4684,6
4685,5
4686,1
4687,5
4688,6
4689,5
4690,6
4691,3
4692,5
4693,3
4694,5
4695,4
4696,3
4697,7
4698,3
4699,6
4700,3
4701,6
4702,5
4703,5
4704,3
4705,6
4706,6
4707,1
4708,3
4709,6
4710,5
4711,6
4712,6
4713,6
4714,1
4715,7
4716,4
4717,7
4718,2
4719,4
4720,8
4721,3
4722,6
4723,5
4724,8
4725,8
4726,2
4727,5
4728,5
4729,8
4730,4
4731,8
4732,7
4733,1
4734,2
4735,7
4736,5
4737,7
4738,5
4739,8
4740,8
4741,1
4742,2
4743,8
4744,1
4745,1
4746,6
4747,7
4748,3
4749,6
4750,8
4751,4
4752,6
4753,7
4754,6
4755,8
4756,1
4757,8
4758,6
4759,4
4760,5
4761,1
4762,5
4763,4
4764,3
4765,5
4766,7
4767,5
4768,4
4769,3
4770,3
4771,5
4772,3
4773,2
4774,5
4775,8
4776,2
4777,6
4778,5
4779,7
4780,2
4781,3
4782,3
4783,7
4784,8
4785,8
4786,3
4787,8
4788,3
4789,2
4790,6
4791,6
4792,2
4793,1
4794,3
4795,7
4796,5
4797,7
4798,6
4799,5
4800,2
4801,2
4802,4
4803,1
4804,4
4805,4
4806,1
4807,4
4808,2
4809,6
4810,7
4811,4
4812,3
4813,8
4814,2
4815,3
4816,7
4817,7
4818,5
4819,3
4820,3
4821,7
4822,2
4823,3
4824,5
4825,5
4826,4
4827,2
4828,7
4829,7
4830,4
4831,4
4832,8
4833,1
4834,5
4835,1
4836,8
4837,3
4838,3
4839,5
4840,7
4841,7
4842,7
4843,6
4844,4
4845,3
4846,3
4847,3
4848,8
4849,1
4850,8
4851,7
4852,2
4853,4
4854,3
4855,3
4856,8
4857,2
4858,5
4859,7
4860,1
4861,8
4862,5
4863,4
4864,2
4865,4
4866,4
4867,3
4868,3
4869,2
4870,3
4871,5
4872,4
4873,8
4874,4
4875,3
4876,1
4877,5
4878,8
4879,2
4880,3
4881,1
4882,3
4883,6
4884,7
4885,6
4886,2
4887,5
4888,6
4889,2
4890,2
4891,7
4892,6
4893,4
4894,5
4895,8
4896,2
4897,4
4898,4
4899,8
4900,8
4901,8
4902,1
4903,7
4904,7
4905,4
4906,3
4907,2
4908,8
4909,1
4910,3
4911,3
4912,2
4913,4
4914,5
4915,8
4916,5
4917,8
4918,5
4919,5
4920,3
4921,8
4922,6
4923,1
4924,1
4925,5
4926,7
4927,1
4928,4
4929,5
4930,1
4931,6
4932,1
4933,8
4934,3
4935,4
4936,1
4937,5
4938,8
4939,4
4940,4
4941,8
4942,6
4943,6
4944,8
4945,7
4946,5
4947,4
4948,7
4949,5
4950,3
4951,3
4952,7
4953,8
4954,6
4955,8
4956,2
4957,8
4958,7
4959,3
4960,5
4961,2
4962,7
4963,3
4964,8
4965,6
4966,3
4967,3
4968,1
4969,2
4970,8
4971,1
4972,8
4973,2
4974,1
4975,3
4976,3
4977,1
4978,2
4979,2
4980,8
4981,4
4982,2
4983,8
4984,3
4985,6
4986,7
4987,2
4988,3
4989,3
4990,2
4991,2
4992,6
4993,5
4994,8
4995,2
4996,2
4997,3
4998,6
4999,3
5000,5
5001,3
5002,3
5003,6
5004,6
5005,2
5006,3
5007,6
5008,7
5009,3
5010,6
5011,2
5012,6
5013,5
5014,3
5015,1
5016,8
5017,7
5018,1
5019,2
5020,7
5021,1
5022,8
5023,6
5024,8
5025,6
5026,3
5027,4
5028,2
5029,8
5030,2
5031,8
5032,3
5033,8
5034,6
5035,6
5036,2
5037,4
5038,3
5039,1
5040,3
5041,2
5042,4
5043,1
5044,6
5045,8
5046,4
5047,2
5048,2
5049,7
5050,2
5051,3
5052,2
5053,5
5054,4
5055,4
5056,3
5057,5
5058,6
5059,8
5060,7
5061,8
5062,4
5063,8
5064,1
5065,6
5066,8
5067,7
5068,7
5069,6
5070,8
5071,5
5072,5
5073,8
5074,7
5075,6
5076,6
5077,8
5078,1
5079,1
5080,3
5081,2
5082,2
5083,4
5084,6
5085,8
5086,7
5087,7
5088,5
5089,2
5090,4
5091,5
5092,7
5093,3
5094,2
5095,4
5096,6
5097,5
5098,8
5099,1
5100,1
5101,6
5102,3
5103,5
5104,8
5105,6
5106,7
5107,2
5108,6
5109,6
5110,7
5111,3
5112,5
5113,6
5114,5
5115,6
5116,7
5117,1
5118,2
5119,2
5120,8
5121,2
5122,2
5123,5
5124,3
5125,3
5126,6
5127,2
5128,7
5129,4
5130,1
5131,2
5132,1
5133,1
5134,1
5135,5
5136,7
5137,5
5138,4
5139,8
5140,2
5141,5
5142,1
5143,7
5144,4
5145,1
5146,1
5147,1
5148,6
5149,5
5150,5
5151,5
5152,3
5153,7
5154,1
5155,8
5156,4
5157,6
5158,2
5159,5
5160,8
5161,5
5162,3
5163,3
5164,6
5165,6
5166,3
5167,5
5168,6
5169,1
5170,7
5171,3
5172,6
5173,2
5174,1
5175,4
5176,1
5177,4
5178,2
5179,2
5180,3
5181,6
5182,4
5183,2
5184,8
5185,4
5186,7
5187,3
5188,8
5189,2
5190,2
5191,1
5192,3
5193,7
5194,1
5195,5
5196,1
5197,7
5198,2
5199,7
5200,7
5201,5
5202,4
5203,6
5204,7
5205,2
5206,8
5207,1
5208,6
5209,6
5210,7
5211,1
5212,5
5213,1
5214,3
5215,3
5216,1
5217,3
5218,3
5219,2
5220,7
5221,1
5222,5
5223,5
5224,7
5225,6
5226,8
5227,7
5228,2
5229,4
5230,3
5231,3
5232,2
5233,4
5234,3
5235,7
5236,3
5237,6
5238,4
5239,6
5240,4
5241,7
5242,5
5243,2
5244,3
5245,1
5246,5
5247,3
5248,5
5249,6
5250,4
5251,7
5252,4
5253,8
5254,8
5255,7
5256,8
5257,7
5258,8
5259,1
5260,3
5261,2
5262,7
5263,2
5264,3
5265,5
5266,8
5267,1
5268,6
5269,4
5270,1
5271,3
5272,7
5273,6
5274,7
5275,8
5276,4
5277,3
5278,3
5279,7
5280,1
5281,6
5282,3
5283,4
5284,8
5285,5
5286,7
5287,2
5288,4
5289,5
5290,8
5291,4
5292,7
5293,3
5294,3
5295,3
5296,8
5297,3
5298,8
5299,7
5300,2
5301,5
5302,6
5303,1
5304,6
5305,2
5306,8
5307,7
5308,2
5309,8
5310,3
5311,5
5312,6
5313,1
5314,8
5315,6
5316,7
5317,3
5318,2
5319,6
5320,6
5321,6
5322,5
5323,2
5324,5
5325,5
5326,5
5327,4
5328,3
5329,5
5330,1
5331,2
5332,4
5333,4
5334,5
5335,5
5336,8
5337,3
5338,7
5339,7
5340,6
5341,1
5342,1
5343,5
5344,2
5345,3
5346,6
5347,6
5348,4
5349,6
5350,4
5351,5
5352,1
5353,2
5354,1
5355,5
5356,8
5357,5
5358,4
5359,2
5360,5
5361,4
5362,5
5363,6
5364,8
5365,2
5366,2
5367,3
5368,5
5369,4
5370,6
5371,5
5372,5
5373,4
5374,1
5375,6
5376,5
5377,1
5378,8
5379,3
5380,7
5381,7
5382,1
5383,5
5384,1
5385,4
5386,1
5387,3
5388,3
5389,1
5390,5
5391,4
5392,7
5393,6
5394,2
5395,2
5396,5
5397,4
5398,5
5399,8
5400,2
5401,4
5402,2
5403,8
5404,1
5405,7
5406,1
5407,6
5408,1
5409,4
5410,8
5411,8
5412,5
5413,1
5414,3
5415,7
5416,4
5417,8
5418,4
5419,5
5420,1
5421,7
5422,1
5423,4
5424,7
5425,2
5426,7
5427,8
5428,2
5429,8
5430,2
5431,2
5432,4
5433,1
5434,2
5435,4
5436,5
5437,2
5438,5
5439,3
5440,4
5441,4
5442,2
5443,7
5444,2
5445,6
5446,8
5447,6
5448,3
5449,3
5450,7
5451,5
5452,8
5453,8
5454,7
5455,3
5456,4
5457,7
5458,1
5459,7
5460,1
5461,1
5462,4
5463,2
5464,3
5465,7
5466,4
5467,5
5468,8
5469,7
5470,3
5471,3
5472,3
5473,2
5474,2
5475,6
5476,5
5477,2
5478,3
5479,2
5480,2
5481,1
5482,5
5483,7
5484,2
5485,5
5486,3
5487,5
5488,2
5489,7
5490,1
5491,7
5492,1
5493,6
5494,2
5495,3
5496,8
5497,1
5498,5
5499,4
5500,2
5501,4
5502,7
5503,5
5504,1
5505,5
5506,2
5507,6
5508,7
5509,2
5510,6
5511,2
5512,4
5513,7
5514,5
5515,1
5516,4
5517,6
5518,1
5519,6
5520,4
5521,8
5522,3
5523,2
5524,7
5525,4
5526,2
5527,6
5528,1
5529,7
5530,6
5531,4
5532,6
5533,7
5534,1
5535,7
5536,2
5537,1
5538,7
5539,6
5540,4
5541,6
5542,6
5543,8
5544,1
5545,7
5546,3
5547,2
5548,1
5549,2
5550,8
5551,3
5552,1
5553,7
5554,8
5555,3
5556,1
5557,5
5558,6
5559,5
5560,3
5561,5
5562,6
5563,8
5564,4
5565,3
5566,4
5567,6
5568,7
5569,7
5570,7
5571,3
5572,8
5573,4
5574,3
5575,7
5576,2
5577,3
5578,1
5579,8
5580,2
5581,8
5582,5
5583,7
5584,8
5585,4
5586,4
5587,8
5588,7
5589,7
5590,6
5591,5
5592,4
5593,2
5594,3
5595,7
5596,1
5597,7
5598,5
5599,7
5600,4
5601,6
5602,4
5603,3
5604,4
5605,5
5606,4
5607,6
5608,5
5609,2
5610,1
5611,6
5612,5
5613,6
5614,4
5615,3
5616,8
5617,7
5618,8
5619,1
5620,7
5621,5
5622,7
5623,1
5624,1
5625,2
5626,8
5627,6
5628,1
5629,4
5630,7
5631,4
5632,7
5633,3
5634,5
5635,4
5636,5
5637,3
5638,4
5639,3
5640,1
5641,7
5642,3
5643,6
5644,6
5645,8
5646,1
5647,7
5648,7
5649,1
5650,8
5651,2
5652,7
5653,5
5654,8
5655,7
5656,8
5657,4
5658,2
5659,2
5660,6
5661,6
5662,5
5663,2
5664,4
5665,5
5666,8
5667,3
5668,1
5669,8
5670,6
5671,6
5672,3
5673,5
5674,8
5675,1
5676,2
5677,2
5678,3
5679,2
5680,2
5681,1
5682,7
5683,1
5684,5
5685,5
5686,6
5687,4
5688,2
5689,6
5690,5
5691,2
5692,1
5693,3
5694,6
5695,3
5696,2
5697,2
5698,3
5699,2
5700,1
5701,6
5702,6
5703,8
5704,3
5705,2
5706,8
5707,2
5708,5
5709,8
5710,6
5711,6
5712,1
5713,1
5714,1
5715,5
5716,8
5717,5
5718,5
5719,7
5720,8
5721,5
5722,1
5723,3
5724,3
5725,5
5726,5
5727,1
5728,8
5729,6
5730,8
5731,1
5732,8
5733,1
5734,1
5735,4
5736,4
5737,7
5738,6
5739,3
5740,6
5741,4
5742,7
5743,3
5744,1
5745,7
5746,1
5747,1
5748,3
5749,1
5750,3
5751,5
5752,5
5753,4
5754,2
5755,4
5756,6
5757,3
5758,6
5759,6
5760,4
5761,7
5762,2
5763,7
5764,8
5765,5
5766,7
5767,8
5768,8
5769,5
5770,2
5771,1
5772,8
5773,3
5774,2
5775,6
5776,7
5777,6
5778,3
5779,4
5780,4
5781,5
5782,7
5783,8
5784,3
5785,4
5786,4
5787,4
5788,8
5789,6
5790,7
5791,2
5792,3
5793,8
5794,7
5795,7
5796,2
5797,1
5798,3
5799,4
5800,8
5801,1
5802,2
5803,6
5804,8
5805,3
5806,6
5807,3
5808,3
5809,7
5810,5
5811,8
5812,1
5813,2
5814,2
5815,1
5816,1
5817,3
5818,4
5819,5
5820,1
5821,4
5822,1
5823,2
5824,6
5825,8
5826,7
5827,8
5828,4
5829,3
5830,3
5831,7
5832,3
5833,7
5834,4
5835,4
5836,3
5837,1
5838,8
5839,1
5840,7
5841,2
5842,2
5843,1
5844,1
5845,7
5846,2
5847,1
5848,6
5849,7
5850,6
5851,7
5852,5
5853,7
5854,3
5855,5
5856,8
5857,1
5858,8
5859,8
5860,4
5861,6
5862,7
5863,8
5864,5
5865,7
5866,5
5867,2
5868,6
5869,7
5870,7
5871,1
5872,4
5873,4
5874,7
5875,8
5876,3
5877,8
5878,1
5879,8
5880,7
5881,6
5882,2
5883,6
5884,5
5885,4
5886,3
5887,5
5888,4
5889,8
5890,4
5891,2
5892,1
5893,8
5894,5
5895,1
5896,3
5897,2
5898,5
5899,3
5900,2
5901,8
5902,4
5903,8
5904,1
5905,6
5906,4
5907,2
5908,8
5909,4
5910,3
5911,8
5912,8
5913,1
5914,2
5915,6
5916,5
5917,2
5918,4
5919,1
5920,5
5921,1
5922,7
5923,6
5924,4
5925,4
5926,1
5927,5
5928,7
5929,6
5930,5
5931,1
5932,4
5933,7
5934,6
5935,8
5936,3
5937,3
5938,6
5939,8
5940,8
5941,1
5942,5
5943,8
5944,6
5945,4
5946,3
5947,8
5948,7
5949,8
5950,5
5951,2
5952,7
5953,4
5954,7
5955,2
5956,1
5957,6
5958,5
5959,5
5960,6
5961,8
5962,3
5963,3
5964,7
5965,2
5966,5
5967,2
5968,4
5969,3
5970,4
5971,2
5972,5
5973,5
5974,2
5975,4
5976,5
5977,7
5978,1
5979,8
5980,2
5981,1
5982,5
5983,8
5984,2
5985,4
5986,3
5987,8
5988,1
5989,5
5990,7
5991,6
5992,7
5993,1
5994,2
5995,8
5996,6
5997,3
5998,2
5999,4
6000,8
6001,1
6002,5
6003,4
6004,4
6005,4
6006,6
6007,2
6008,3
6009,3
6010,5
6011,3
6012,5
6013,5
6014,3
6015,6
6016,3
6017,4
6018,1
6019,3
6020,7
6021,6
6022,3
6023,7
6024,5
6025,7
6026,4
6027,4
6028,3
6029,2
6030,6
6031,2
6032,6
6033,5
6034,1
6035,2
6036,4
6037,3
6038,4
6039,7
6040,7
6041,2
6042,5
6043,6
6044,8
6045,5
6046,1
6047,2
6048,7
6049,5
6050,6
6051,3
6052,2
6053,7
6054,6
6055,2
6056,7
6057,6
6058,8
6059,6
6060,8
6061,2
6062,8
6063,2
6064,5
6065,3
6066,6
6067,8
6068,5
6069,1
6070,2
6071,1
6072,1
6073,3
6074,4
6075,6
6076,1
6077,5
6078,8
6079,1
6080,6
6081,2
6082,5
6083,7
6084,5
6085,4
6086,1
6087,6
6088,8
6089,7
6090,3
6091,7
6092,3
6093,6
6094,7
6095,5
6096,3
6097,4
6098,1
6099,5
6100,7
6101,1
6102,5
6103,6
6104,4
6105,6
6106,2
6107,8
6108,4
6109,8
6110,1
6111,3
6112,7
6113,8
6114,1
6115,7
6116,5
6117,1
6118,5
6119,2
6120,3
6121,8
6122,8
6123,7
6124,7
6125,4
6126,6
6127,3
6128,4
6129,7
6130,4
6131,6
6132,4
6133,4
6134,2
6135,5
6136,5
6137,8
6138,3
6139,7
6140,2
6141,1
6142,3
6143,8
6144,6
6145,1
6146,8
6147,4
6148,6
6149,8
6150,1
6151,2
6152,7
6153,8
6154,2
6155,8
6156,1
6157,7
6158,8
6159,1
6160,8
6161,8
6162,4
6163,5
6164,5
6165,4
6166,8
6167,4
6168,7
6169,4
6170,3
6171,6
6172,6
6173,7
6174,8
6175,3
6176,5
6177,1
6178,1
6179,6
6180,4
6181,3
6182,5
6183,4
6184,7
6185,3
6186,8
6187,4
6188,2
6189,2
6190,4
6191,6
6192,8
6193,3
6194,8
6195,3
6196,5
6197,7
6198,4
6199,3
6200,2
6201,5
6202,5
6203,2
6204,6
6205,3
6206,4
6207,1
6208,1
6209,8
6210,3
6211,1
6212,6
6213,2
6214,6
6215,6
6216,4
6217,1
6218,6
6219,3
6220,5
6221,4
6222,3
6223,6
6224,8
6225,5
6226,6
6227,4
6228,8
6229,6
6230,6
6231,6
6232,5
6233,7
6234,5
6235,7
6236,6
6237,3
6238,7
6239,5
6240,7
6241,7
6242,3
6243,2
6244,6
6245,3
6246,1
6247,7
6248,6
6249,2
6250,8
6251,5
6252,2
6253,1
6254,6
6255,6
6256,3
6257,8
6258,3
6259,2
6260,5
6261,1
6262,2
6263,4
6264,2
6265,6
6266,4
6267,8
6268,6
6269,7
6270,8
6271,1
6272,2
6273,1
6274,4
6275,6
6276,1
6277,8
6278,8
6279,6
6280,5
6281,8
6282,6
6283,6
6284,6
6285,1
6286,5
6287,4
6288,1
6289,8
6290,4
6291,6
6292,1
6293,5
6294,1
6295,7
6296,6
6297,8
6298,1
6299,8
6300,7
6301,1
6302,2
6303,7
6304,3
6305,7
6306,3
6307,1
6308,6
6309,1
6310,5
6311,4
6312,1
6313,6
6314,6
6315,5
6316,3
6317,4
6318,6
6319,1
6320,2
6321,8
6322,8
6323,6
6324,3
6325,2
6326,1
6327,5
6328,1
6329,5
6330,1
6331,2
6332,8
6333,8
6334,7
6335,4
6336,7
6337,7
6338,4
6339,8
6340,7
6341,4
6342,7
6343,1
6344,3
6345,1
6346,6
6347,4
6348,8
6349,4
6350,5
6351,2
6352,1
6353,8
6354,7
6355,8
6356,2
6357,4
6358,4
6359,8
6360,7
6361,7
6362,8
6363,2
6364,8
6365,3
6366,4
6367,1
6368,8
6369,2
6370,7
6371,4
6372,1
6373,7
6374,3
6375,6
6376,2
6377,7
6378,3
6379,4
6380,5
6381,6
6382,6
6383,6
6384,1
6385,7
6386,8
6387,1
6388,1
6389,8
6390,2
6391,4
6392,4
6393,4
6394,2
6395,1
6396,5
6397,6
6398,1
6399,8
6400,6
6401,5
6402,4
6403,7
6404,6
6405,1
6406,2
6407,4
6408,5
6409,2
6410,6
6411,4
6412,1
6413,1
6414,4
6415,1
6416,2
6417,2
6418,1
6419,1
6420,4
6421,3
6422,8
6423,8
6424,8
6425,3
6426,1
6427,5
6428,5
6429,3
6430,1
6431,5
6432,7
6433,3
6434,7
6435,8
6436,2
6437,7
6438,1
6439,1
6440,6
6441,5
6442,5
6443,8
6444,2
6445,7
6446,3
6447,4
6448,1
6449,2
6450,8
6451,3
6452,5
6453,8
6454,5
6455,3
6456,5
6457,5
6458,7
6459,3
6460,8
6461,6
6462,8
6463,2
6464,1
6465,1
6466,5
6467,6
6468,3
6469,5
6470,7
6471,3
6472,2
6473,1
6474,4
6475,8
6476,6
6477,1
6478,7
6479,2
6480,8
6481,6
6482,5
6483,4
6484,4
6485,7
6486,8
6487,8
6488,7
6489,4
6490,3
6491,6
6492,1
6493,5
6494,1
6495,1
6496,5
6497,4
6498,8
6499,1
6500,2
6501,6
6502,2
6503,5
6504,3
6505,5
6506,1
6507,5
6508,5
6509,6
6510,5
6511,5
6512,6
6513,5
6514,3
6515,3
6516,1
6517,5
6518,6
6519,3
6520,1
6521,6
6522,8
6523,7
6524,2
6525,2
6526,2
6527,5
6528,1
6529,3
6530,3
6531,3
6532,1
6533,6
6534,8
6535,3
6536,4
6537,8
6538,2
6539,7
6540,6
6541,5
6542,3
6543,1
6544,7
6545,7
6546,8
6547,5
6548,3
6549,6
6550,8
6551,1
6552,6
6553,7
6554,8
6555,5
6556,6
6557,4
6558,3
6559,1
6560,4
6561,5
6562,4
6563,2
6564,3
6565,2
6566,5
6567,1
6568,6
6569,1
6570,7
6571,1
6572,3
6573,7
6574,5
6575,5
6576,3
6577,8
6578,8
6579,4
6580,2
6581,7
6582,2
6583,4
6584,3
6585,3
6586,6
6587,3
6588,6
6589,4
6590,5
6591,2
6592,6
6593,1
6594,4
6595,1
6596,1
6597,2
6598,6
6599,6
6600,2
6601,8
6602,7
6603,3
6604,7
6605,8
6606,6
6607,7
6608,3
6609,3
6610,2
6611,7
6612,4
6613,8
6614,8
6615,6
6616,4
6617,8
6618,8
6619,1
6620,4
6621,2
6622,2
6623,2
6624,4
6625,6
6626,4
6627,3
6628,2
6629,4
6630,4
6631,2
6632,2
6633,3
6634,2
6635,3
6636,8
6637,8
6638,5
6639,4
6640,6
6641,8
6642,1
6643,3
6644,3
6645,7
6646,7
6647,6
6648,2
6649,7
6650,6
6651,2
6652,2
6653,6
6654,2
6655,1
6656,5
6657,6
6658,7
6659,1
6660,4
6661,3
6662,3
6663,7
6664,8
6665,8
6666,5
6667,1
6668,6
6669,6
6670,6
6671,4
6672,3
6673,4
6674,4
6675,5
6676,1
6677,1
6678,7
6679,6
6680,8
6681,6
6682,2
6683,5
6684,6
6685,4
6686,1
6687,5
6688,1
6689,2
6690,6
6691,2
6692,1
6693,5
6694,8
6695,3
6696,5
6697,2
6698,4
6699,4
6700,2
6701,6
6702,1
6703,5
6704,1
6705,3
6706,7
6707,6
6708,3
6709,5
6710,8
6711,5
6712,7
6713,2
6714,2
6715,6
6716,1
6717,7
6718,2
6719,5
6720,8
6721,1
6722,8
6723,5
6724,8
6725,5
6726,4
6727,7
6728,5
6729,1
6730,1
6731,8
6732,5
6733,3
6734,4
6735,2
6736,6
6737,5
6738,4
6739,4
6740,5
6741,3
6742,3
6743,5
6744,3
6745,2
6746,4
6747,7
6748,3
6749,3
6750,2
6751,7
6752,1
6753,8
6754,5
6755,2
6756,6
6757,4
6758,6
6759,5
6760,7
6761,8
6762,2
6763,2
6764,5
6765,1
6766,8
6767,5
6768,7
6769,8
6770,8
6771,5
6772,3
6773,7
6774,8
6775,5
6776,6
6777,4
6778,3
6779,6
6780,1
6781,5
6782,5
6783,2
6784,7
6785,2
6786,7
6787,6
6788,7
6789,3
6790,5
6791,3
6792,8
6793,8
6794,5
6795,5
6796,1
6797,1
6798,8
6799,2
6800,3
6801,8
6802,1
6803,4
6804,3
6805,6
6806,4
6807,3
6808,8
6809,1
6810,4
6811,3
6812,1
6813,8
6814,5
6815,2
6816,4
6817,8
6818,4
6819,3
6820,2
6821,3
6822,6
6823,5
6824,4
6825,6
6826,7
6827,4
6828,2
6829,3
6830,5
6831,5
6832,4
6833,1
6834,4
6835,2
6836,5
6837,1
6838,8
6839,1
6840,7
6841,5
6842,6
6843,7
6844,7
6845,3
6846,2
6847,8
6848,4
6849,3
6850,2
6851,1
6852,6
6853,5
6854,1
6855,8
6856,2
6857,4
6858,8
6859,5
6860,1
6861,1
6862,2
6863,6
6864,5
6865,8
6866,6
6867,1
6868,5
6869,3
6870,5
6871,3
6872,1
6873,3
6874,6
6875,6
6876,6
6877,8
6878,6
6879,2
6880,5
6881,6
6882,1
6883,7
6884,1
6885,4
6886,7
6887,8
6888,1
6889,5
6890,8
6891,2
6892,2
6893,3
6894,8
6895,6
6896,4
6897,8
6898,3
6899,8
6900,5
6901,2
6902,4
6903,8
6904,7
6905,7
6906,1
6907,4
6908,8
6909,3
6910,3
6911,3
6912,7
6913,7
6914,1
6915,4
6916,1
6917,3
6918,5
6919,2
6920,1
6921,6
6922,8
6923,8
6924,4
6925,4
6926,3
6927,7
6928,3
6929,8
6930,3
6931,6
6932,6
6933,6
6934,6
6935,4
6936,2
6937,1
6938,1
6939,3
6940,3
6941,4
6942,1
6943,7
6944,3
6945,6
6946,3
6947,3
6948,3
6949,5
6950,6
6951,2
6952,4
6953,1
6954,8
6955,7
6956,2
6957,4
6958,5
6959,3
6960,5
6961,3
6962,1
6963,8
6964,1
6965,6
6966,6
6967,1
6968,2
6969,6
6970,3
6971,8
6972,2
6973,3
6974,7
6975,6
6976,6
6977,1
6978,6
6979,7
6980,2
6981,8
6982,5
6983,7
6984,3
6985,2
6986,3
6987,5
6988,7
6989,7
6990,2
6991,7
6992,4
6993,7
6994,6
6995,1
6996,3
6997,1
6998,7
6999,5
7000,8
7001,2
7002,1
7003,5
7004,3
7005,6
7006,8
7007,1
7008,3
7009,3
7010,1
7011,1
7012,7
7013,7
7014,1
7015,6
7016,7
7017,3
7018,5
7019,7
7020,4
7021,1
7022,2
7023,3
7024,5
7025,4
7026,5
7027,4
7028,6
7029,6
7030,2
7031,5
7032,3
7033,1
7034,8
7035,8
7036,7
7037,8
7038,5
7039,6
7040,3
7041,2
7042,2
7043,5
7044,6
7045,1
7046,8
7047,7
7048,6
7049,1
7050,4
7051,1
7052,3
7053,8
7054,3
7055,8
7056,8
7057,7
7058,1
7059,7
7060,1
7061,5
7062,4
7063,6
7064,8
7065,5
7066,7
7067,7
7068,8
7069,2
7070,7
7071,8
7072,7
7073,8
7074,6
7075,2
7076,8
7077,6
7078,6
7079,4
7080,5
7081,7
7082,6
7083,6
7084,3
7085,3
7086,1
7087,4
7088,7
7089,2
7090,8
7091,1
7092,7
7093,6
7094,6
7095,6
7096,7
7097,4
7098,6
7099,2
7100,3
7101,2
7102,7
7103,5
7104,2
7105,4
7106,3
7107,5
7108,3
7109,1
7110,7
7111,3
7112,2
7113,6
7114,3
7115,3
7116,8
7117,7
7118,4
7119,5
7120,4
7121,4
7122,8
7123,6
7124,2
7125,7
7126,1
7127,1
7128,3
7129,8
7130,4
7131,5
7132,1
7133,4
7134,3
7135,3
7136,1
7137,1
7138,4
7139,7
7140,1
7141,5
7142,1
7143,7
7144,4
7145,6
7146,8
7147,2
7148,3
7149,3
7150,7
7151,8
7152,1
7153,1
7154,6
7155,7
7156,2
7157,1
7158,4
7159,4
7160,4
7161,2
7162,3
7163,4
7164,6
7165,2
7166,3
7167,6
7168,4
7169,1
7170,3
7171,7
7172,4
7173,6
7174,5
7175,8
7176,4
7177,2
7178,3
7179,5
7180,7
7181,8
7182,6
7183,8
7184,1
7185,4
7186,5
7187,1
7188,7
7189,4
7190,1
7191,8
7192,6
7193,1
7194,3
7195,7
7196,2
7197,6
7198,1
7199,2
7200,3
7201,2
7202,6
7203,3
7204,1
7205,1
7206,5
7207,3
7208,4
7209,7
7210,4
7211,1
7212,6
7213,8
7214,5
7215,5
7216,4
7217,4
7218,3
7219,2
7220,6
7221,3
7222,8
7223,1
7224,8
7225,3
7226,2
7227,3
7228,3
7229,7
7230,7
7231,6
7232,1
7233,2
7234,2
7235,6
7236,2
7237,4
7238,8
7239,1
7240,7
7241,2
7242,5
7243,8
7244,8
7245,1
7246,2
7247,7
7248,4
7249,7
7250,4
7251,7
7252,3
7253,8
7254,4
7255,1
7256,3
7257,6
7258,4
7259,6
7260,8
7261,2
7262,1
7263,6
7264,8
7265,6
7266,1
7267,5
7268,6
7269,8
7270,3
7271,8
7272,5
7273,3
7274,4
7275,5
7276,6
7277,8
7278,2
7279,8
7280,2
7281,4
7282,8
7283,5
7284,3
7285,1
7286,5
7287,1
7288,6
7289,1
7290,3
7291,5
7292,1
7293,2
7294,2
7295,6
7296,1
7297,8
7298,1
7299,2
7300,8
7301,6
7302,1
7303,5
7304,4
7305,4
7306,3
7307,1
7308,5
7309,8
7310,4
7311,4
7312,4
7313,5
7314,5
7315,4
7316,3
7317,2
7318,4
7319,8
7320,3
7321,8
7322,7
7323,6
7324,5
7325,6
7326,8
7327,3
7328,1
7329,6
7330,4
7331,7
7332,8
7333,8
7334,8
7335,5
7336,4
7337,4
7338,2
7339,8
7340,7
7341,4
7342,4
7343,7
7344,6
7345,8
7346,1
7347,5
7348,6
7349,6
7350,3
