wagePaymentFinancialTransactionNumber,wagePaymentManagerNum,wagePaymentEmployeeNum
1,2,1
2,2,1
3,2,1
4,2,11
5,2,1
6,2,1
7,2,1
8,2,1
9,2,1
10,2,1
11,2,1
12,2,1
13,2,1
14,2,1
15,2,1
16,2,1
17,2,1
18,2,1
19,2,1
20,2,1
21,2,2
22,2,2
23,2,2
24,2,2
25,2,2
26,2,2
27,2,2
28,2,2
29,2,11
30,2,2
31,2,2
32,2,2
33,2,2
34,2,2
35,2,2
36,2,2
37,2,2
38,2,2
39,2,11
40,2,2
41,2,3
42,2,3
43,2,3
44,2,3
45,2,3
46,2,3
47,2,3
48,2,3
49,2,3
50,2,3
51,2,3
52,2,3
53,2,3
54,2,3
55,2,3
56,2,3
57,2,3
58,2,3
59,2,3
60,2,3
61,2,4
62,2,4
63,2,4
64,2,4
65,2,4
66,2,4
67,2,4
68,2,4
69,2,4
70,2,4
71,2,4
72,2,4
73,2,4
74,2,4
75,2,4
76,2,4
77,2,4
78,2,4
79,2,4
80,2,11
81,2,5
82,2,5
83,2,5
84,2,5
85,2,5
86,2,5
87,2,5
88,2,5
89,2,5
90,2,5
91,2,5
92,2,5
93,2,5
94,2,5
95,2,5
96,2,5
97,2,5
98,2,5
99,2,11
100,2,5
101,7,6
102,7,6
103,7,6
104,7,6
105,7,6
106,7,6
107,7,6
108,7,6
109,7,6
110,7,6
111,7,6
112,7,6
113,7,6
114,7,6
115,7,6
116,7,6
117,7,6
118,7,6
119,7,6
120,7,6
121,7,7
122,7,7
123,7,7
124,7,7
125,7,7
126,7,7
127,7,7
128,7,7
129,7,7
130,7,7
131,7,7
132,7,7
133,7,7
134,7,7
135,7,7
136,7,7
137,7,7
138,7,7
139,7,7
140,7,7
141,7,8
142,7,8
143,7,8
144,7,8
145,7,8
146,7,8
147,7,8
148,7,8
149,7,8
150,7,8
151,7,8
152,7,8
153,7,8
154,7,8
155,7,8
156,7,8
157,7,8
158,7,8
159,7,8
160,7,8
161,7,9
162,7,9
163,7,9
164,7,9
165,7,9
166,7,9
167,7,9
168,7,9
169,7,9
170,7,9
171,7,9
172,7,9
173,7,9
174,7,9
175,7,9
176,7,9
177,7,9
178,7,9
179,7,9
180,7,9
181,7,10
182,7,10
183,7,10
184,7,10
185,7,10
186,7,10
187,7,10
188,7,10
189,7,10
190,7,10
191,7,10
192,7,10
193,7,10
194,7,10
195,7,10
196,7,10
197,7,10
198,7,10
199,7,10
200,7,10
201,12,11
202,12,11
203,12,11
204,12,11
205,12,11
206,12,11
207,12,11
208,12,11
209,12,11
210,12,11
211,12,11
212,12,11
213,12,11
214,12,11
215,12,11
216,12,11
217,12,11
218,2,11
219,12,11
220,12,11
221,12,12
222,12,12
223,12,12
224,12,12
225,12,12
226,12,12
227,12,12
228,12,12
229,12,12
230,12,12
231,12,12
232,12,12
233,12,12
234,12,12
235,12,12
236,2,11
237,12,12
238,12,12
239,12,12
240,12,12
241,12,13
242,12,13
243,12,13
244,12,13
245,12,13
246,12,13
247,12,13
248,12,13
249,12,13
250,12,13
251,12,13
252,12,13
253,12,13
254,12,13
255,2,11
256,12,13
257,12,13
258,12,13
259,12,13
260,12,13
261,12,14
262,12,14
263,12,14
264,12,14
265,12,14
266,12,14
267,12,14
268,12,14
269,12,14
270,12,14
271,12,14
272,12,14
273,2,11
274,12,14
275,12,14
276,12,14
277,12,14
278,12,14
279,12,14
280,12,14
281,12,15
282,12,15
283,12,15
284,12,15
285,12,15
286,12,15
287,12,15
288,12,15
289,12,15
290,12,15
291,12,15
292,12,15
293,12,15
294,12,15
295,12,15
296,12,15
297,12,15
298,12,15
299,12,15
300,12,15
301,17,16
302,17,16
303,17,16
304,17,16
305,17,16
306,17,16
307,17,16
308,17,16
309,17,16
310,17,16
311,17,16
312,2,11
313,17,16
314,17,16
315,17,16
316,17,16
317,17,16
318,17,16
319,17,16
320,17,16
321,17,17
322,17,17
323,17,17
324,17,17
325,17,17
326,17,17
327,17,17
328,17,17
329,2,11
330,17,17
331,17,17
332,17,17
333,17,17
334,17,17
335,17,17
336,17,17
337,17,17
338,17,17
339,17,17
340,17,17
341,17,18
342,17,18
343,17,18
344,17,18
345,17,18
346,17,18
347,17,18
348,17,18
349,17,18
350,17,18
351,17,18
352,17,18
353,17,18
354,17,18
355,17,18
356,17,18
357,17,18
358,17,18
359,17,18
360,17,18
361,17,19
362,17,19
363,17,19
364,17,19
365,17,19
366,17,19
367,17,19
368,17,19
369,17,19
370,17,19
371,2,11
372,17,19
373,17,19
374,17,19
375,17,19
376,17,19
377,17,19
378,17,19
379,17,19
380,17,19
381,17,20
382,17,20
383,17,20
384,17,20
385,17,20
386,17,20
387,17,20
388,17,20
389,17,20
390,17,20
391,17,20
392,17,20
393,17,20
394,17,20
395,17,20
396,17,20
397,17,20
398,17,20
399,17,20
400,17,20
401,22,21
402,22,21
403,22,21
404,22,21
405,22,21
406,2,11
407,22,21
408,2,11
409,2,11
410,22,21
411,22,21
412,2,11
413,22,21
414,22,21
415,22,21
416,22,21
417,22,21
418,22,21
419,22,21
420,2,11
421,22,22
422,22,22
423,22,22
424,22,22
425,22,22
426,22,22
427,22,22
428,22,22
429,22,22
430,22,22
431,22,22
432,22,22
433,22,22
434,22,22
435,22,22
436,22,22
437,22,22
438,2,11
439,22,22
440,22,22
441,22,23
442,22,23
443,22,23
444,22,23
445,2,11
446,22,23
447,22,23
448,22,23
449,22,23
450,22,23
451,22,23
452,22,23
453,22,23
454,22,23
455,22,23
456,22,23
457,22,23
458,22,23
459,22,23
460,22,23
461,22,24
462,22,24
463,22,24
464,22,24
465,22,24
466,22,24
467,22,24
468,22,24
469,22,24
470,22,24
471,2,11
472,22,24
473,22,24
474,2,3
475,22,24
476,22,24
477,22,24
478,22,24
479,2,3
480,2,3
481,22,25
482,22,25
483,22,25
484,22,25
485,22,25
486,22,25
487,22,25
488,22,25
489,22,25
490,22,25
491,22,25
492,22,25
493,22,25
494,22,25
495,22,25
496,22,25
497,22,25
498,22,25
499,22,25
500,22,25
501,27,26
502,27,26
503,27,26
504,27,26
505,27,26
506,27,26
507,27,26
508,27,26
509,27,26
510,27,26
511,27,26
512,27,26
513,27,26
514,27,26
515,27,26
516,27,26
517,27,26
518,27,26
519,27,26
520,27,26
521,27,27
522,27,27
523,27,27
524,2,3
525,27,27
526,27,27
527,27,27
528,27,27
529,27,27
530,27,27
531,27,27
532,27,27
533,27,27
534,27,27
535,27,27
536,27,27
537,27,27
538,27,27
539,27,27
540,27,27
541,27,28
542,27,28
543,27,28
544,27,28
545,27,28
546,27,28
547,27,28
548,27,28
549,27,28
550,27,28
551,27,28
552,27,28
553,27,28
554,27,28
555,27,28
556,27,28
557,27,28
558,27,28
559,27,28
560,27,28
561,27,29
562,27,29
563,27,29
564,27,29
565,27,29
566,27,29
567,27,29
568,27,29
569,27,29
570,27,29
571,27,29
572,27,29
573,27,29
574,27,29
575,2,3
576,27,29
577,27,29
578,27,29
579,27,29
580,2,3
581,27,30
582,27,30
583,27,30
584,27,30
585,27,30
586,27,30
587,27,30
588,27,30
589,27,30
590,2,3
591,27,30
592,2,3
593,27,30
594,27,30
595,27,30
596,27,30
597,27,30
598,27,30
599,27,30
600,27,30
601,32,31
602,32,31
603,32,31
604,32,31
605,32,31
606,32,31
607,2,3
608,32,31
609,32,31
610,32,31
611,32,31
612,32,31
613,32,31
614,32,31
615,32,31
616,32,31
617,32,31
618,32,31
619,32,31
620,32,31
621,32,32
622,32,32
623,32,32
624,32,32
625,32,32
626,32,32
627,32,32
628,32,32
629,32,32
630,32,32
631,32,32
632,32,32
633,32,32
634,2,3
635,32,32
636,32,32
637,32,32
638,32,32
639,2,3
640,32,32
641,32,33
642,32,33
643,32,33
644,32,33
645,32,33
646,32,33
647,32,33
648,32,33
649,32,33
650,32,33
651,32,33
652,32,33
653,32,33
654,32,33
655,32,33
656,32,33
657,32,33
658,32,33
659,32,33
660,32,33
661,32,34
662,32,34
663,32,34
664,32,34
665,32,34
666,32,34
667,32,34
668,32,34
669,32,34
670,32,34
671,32,34
672,32,34
673,32,34
674,2,3
675,32,34
676,32,34
677,32,34
678,32,34
679,32,34
680,32,34
681,32,35
682,32,35
683,32,35
684,2,3
685,32,35
686,32,35
687,32,35
688,32,35
689,32,35
690,32,35
691,32,35
692,32,35
693,32,35
694,32,35
695,32,35
696,32,35
697,32,35
698,2,3
699,32,35
700,32,35
701,37,36
702,37,36
703,37,36
704,37,36
705,37,36
706,2,3
707,37,36
708,37,36
709,37,36
710,37,36
711,37,36
712,37,36
713,37,36
714,37,36
715,37,36
716,37,36
717,37,36
718,37,36
719,37,36
720,37,36
721,37,37
722,37,37
723,37,37
724,37,37
725,37,37
726,37,37
727,37,37
728,2,3
729,37,37
730,37,37
731,37,37
732,37,37
733,37,37
734,37,37
735,37,37
736,37,37
737,37,37
738,37,37
739,37,37
740,37,37
741,37,38
742,37,38
743,37,38
744,37,38
745,37,38
746,2,3
747,37,38
748,37,38
749,2,3
750,37,38
751,37,38
752,37,38
753,37,38
754,37,38
755,37,38
756,37,38
757,37,38
758,37,38
759,37,38
760,37,38
761,37,39
762,37,39
763,37,39
764,37,39
765,37,39
766,37,39
767,37,39
768,37,39
769,37,39
770,37,39
771,2,3
772,37,39
773,37,39
774,37,39
775,37,39
776,37,39
777,37,39
778,37,39
779,37,39
780,37,39
781,37,40
782,37,40
783,37,40
784,37,40
785,37,40
786,37,40
787,37,40
788,37,40
789,37,40
790,37,40
791,37,40
792,37,40
793,37,40
794,37,40
795,37,40
796,37,40
797,37,40
798,37,40
799,37,40
800,37,40
801,42,41
802,42,41
803,42,41
804,42,41
805,2,3
806,42,41
807,42,41
808,42,41
809,2,33
810,42,41
811,42,41
812,42,41
813,42,41
814,42,41
815,42,41
816,42,41
817,42,41
818,42,41
819,42,41
820,42,41
821,42,42
822,42,42
823,42,42
824,42,42
825,42,42
826,42,42
827,42,42
828,42,42
829,42,42
830,42,42
831,42,42
832,2,33
833,42,42
834,42,42
835,42,42
836,42,42
837,42,42
838,42,42
839,42,42
840,42,42
841,42,43
842,42,43
843,42,43
844,42,43
845,42,43
846,42,43
847,42,43
848,42,43
849,42,43
850,42,43
851,42,43
852,42,43
853,42,43
854,42,43
855,42,43
856,42,43
857,42,43
858,2,33
859,42,43
860,42,43
861,42,44
862,42,44
863,42,44
864,42,44
865,42,44
866,42,44
867,42,44
868,42,44
869,42,44
870,42,44
871,42,44
872,42,44
873,42,44
874,42,44
875,42,44
876,42,44
877,42,44
878,42,44
879,42,44
880,42,44
881,42,45
882,42,45
883,42,45
884,42,45
885,2,33
886,42,45
887,2,33
888,42,45
889,42,45
890,42,45
891,42,45
892,42,45
893,42,45
894,42,45
895,42,45
896,42,45
897,42,45
898,42,45
899,42,45
900,42,45
901,47,46
902,47,46
903,2,33
904,47,46
905,47,46
906,47,46
907,47,46
908,47,46
909,47,46
910,47,46
911,47,46
912,47,46
913,47,46
914,47,46
915,47,46
916,47,46
917,47,46
918,47,46
919,47,46
920,47,46
921,2,33
922,47,47
923,47,47
924,47,47
925,47,47
926,47,47
927,47,47
928,47,47
929,47,47
930,47,47
931,47,47
932,47,47
933,47,47
934,47,47
935,47,47
936,47,47
937,47,47
938,47,47
939,47,47
940,47,47
941,2,33
942,47,48
943,47,48
944,47,48
945,47,48
946,47,48
947,47,48
948,47,48
949,47,48
950,47,48
951,47,48
952,47,48
953,2,33
954,47,48
955,47,48
956,47,48
957,47,48
958,47,48
959,47,48
960,47,48
961,2,33
962,47,49
963,47,49
964,47,49
965,47,49
966,47,49
967,47,49
968,47,49
969,47,49
970,47,49
971,47,49
972,47,49
973,47,49
974,2,33
975,47,49
976,47,49
977,47,49
978,47,49
979,47,49
980,47,49
981,47,50
982,47,50
983,47,50
984,47,50
985,47,50
986,47,50
987,47,50
988,47,50
989,47,50
990,47,50
991,47,50
992,47,50
993,47,50
994,47,50
995,47,50
996,47,50
997,47,50
998,47,50
999,47,50
1000,47,50
1001,37,37
1002,42,41
1003,37,39
1004,27,28
1005,12,11
1006,27,28
1007,47,46
1008,22,23
1009,47,49
1010,12,14
1011,12,15
1012,22,24
1013,32,32
1014,22,24
1015,47,50
1016,2,2
1017,42,44
1018,47,50
1019,32,34
1020,17,16
1021,42,41
1022,42,43
1023,47,50
1024,2,2
1025,32,35
1026,27,27
1027,47,47
1028,32,35
1029,27,28
1030,2,5
1031,7,10
1032,2,33
1033,12,15
1034,47,50
1035,32,33
1036,37,39
1037,2,2
1038,17,20
1039,17,18
1040,2,33
1041,2,33
1042,37,36
1043,7,6
1044,12,14
1045,47,46
1046,37,40
1047,17,17
1048,22,23
1049,7,8
1050,12,12
1051,22,21
1052,37,36
1053,32,31
1054,22,25
1055,7,10
1056,42,44
1057,42,42
1058,37,37
1059,42,43
1060,32,34
1061,32,32
1062,12,11
1063,42,45
1064,42,45
1065,2,33
1066,42,42
1067,7,9
1068,32,33
1069,42,42
1070,12,11
1071,47,50
1072,22,25
1073,32,33
1074,37,36
1075,42,41
1076,7,6
1077,37,37
1078,37,36
1079,7,7
1080,47,46
1081,7,10
1082,22,24
1083,27,28
1084,17,17
1085,32,34
1086,22,24
1087,42,42
1088,42,41
1089,37,40
1090,2,33
1091,47,47
1092,12,15
1093,27,27
1094,32,34
1095,17,17
1096,12,15
1097,42,42
1098,12,12
1099,7,10
1100,2,4
1101,32,32
1102,32,35
1103,32,32
1104,47,47
1105,12,12
1106,47,47
1107,2,4
1108,47,46
1109,32,34
1110,2,5
1111,7,8
1112,7,6
1113,32,31
1114,47,48
1115,22,25
1116,7,8
1117,32,34
1118,27,29
1119,12,12
1120,32,31
1121,2,33
1122,17,19
1123,42,43
1124,2,4
1125,12,15
1126,37,36
1127,47,48
1128,47,50
1129,17,20
1130,27,27
1131,12,15
1132,27,26
1133,27,27
1134,2,3
1135,12,15
1136,22,25
1137,42,43
1138,32,31
1139,7,6
1140,37,38
1141,22,21
1142,47,47
1143,7,7
1144,32,35
1145,32,31
1146,42,42
1147,32,35
1148,27,29
1149,7,9
1150,7,10
1151,32,31
1152,12,13
1153,47,50
1154,27,29
1155,2,4
1156,12,14
1157,42,43
1158,27,29
1159,32,33
1160,27,26
1161,47,49
1162,2,4
1163,27,26
1164,7,8
1165,42,41
1166,32,33
1167,27,29
1168,2,33
1169,32,34
1170,47,50
1171,17,16
1172,2,4
1173,22,24
1174,22,25
1175,12,11
1176,2,4
1177,12,12
1178,7,8
1179,22,23
1180,22,23
1181,2,1
1182,17,20
1183,42,41
1184,12,11
1185,2,33
1186,2,2
1187,27,26
1188,2,33
1189,47,50
1190,2,1
1191,32,33
1192,12,14
1193,47,49
1194,2,45
1195,37,39
1196,17,17
1197,22,22
1198,47,49
1199,42,45
1200,47,49
1201,12,13
1202,7,7
1203,42,45
1204,7,9
1205,42,45
1206,27,28
1207,37,40
1208,27,26
1209,17,18
1210,47,50
1211,2,2
1212,32,35
1213,7,7
1214,7,10
1215,22,25
1216,27,30
1217,12,14
1218,17,16
1219,12,13
1220,37,40
1221,7,7
1222,32,31
1223,27,28
1224,32,33
1225,17,18
1226,2,2
1227,2,5
1228,42,44
1229,37,36
1230,42,45
1231,32,33
1232,12,13
1233,12,14
1234,22,24
1235,7,10
1236,42,45
1237,22,25
1238,32,32
1239,17,16
1240,17,19
1241,2,45
1242,47,50
1243,2,45
1244,2,1
1245,47,50
1246,47,49
1247,7,8
1248,37,39
1249,2,5
1250,7,10
1251,2,4
1252,7,6
1253,37,37
1254,7,6
1255,42,42
1256,32,33
1257,27,29
1258,12,13
1259,42,42
1260,42,43
1261,22,23
1262,47,46
1263,42,41
1264,22,24
1265,17,18
1266,37,39
1267,22,22
1268,32,33
1269,47,50
1270,32,31
1271,2,5
1272,32,32
1273,47,50
1274,42,44
1275,27,27
1276,7,7
1277,2,1
1278,27,28
1279,32,34
1280,17,19
1281,2,45
1282,17,17
1283,37,40
1284,27,26
1285,42,42
1286,27,28
1287,27,27
1288,7,9
1289,32,32
1290,27,28
1291,17,16
1292,12,13
1293,2,45
1294,22,24
1295,47,47
1296,17,17
1297,7,10
1298,7,8
1299,32,34
1300,12,11
1301,27,27
1302,27,26
1303,37,39
1304,22,25
1305,7,6
1306,22,22
1307,7,6
1308,42,43
1309,27,29
1310,37,36
1311,32,33
1312,2,1
1313,27,29
1314,22,23
1315,47,50
1316,7,7
1317,7,7
1318,12,15
1319,32,32
1320,37,40
1321,12,13
1322,12,14
1323,2,45
1324,2,45
1325,12,15
1326,42,42
1327,42,42
1328,27,27
1329,2,45
1330,12,11
1331,47,48
1332,42,43
1333,42,45
1334,22,24
1335,42,43
1336,17,18
1337,2,45
1338,17,16
1339,22,21
1340,17,20
1341,22,22
1342,32,34
1343,32,31
1344,47,47
1345,47,46
1346,12,15
1347,32,35
1348,17,18
1349,22,24
1350,37,40
1351,12,11
1352,47,46
1353,27,26
1354,42,44
1355,47,48
1356,12,14
1357,22,25
1358,17,17
1359,7,10
1360,12,14
1361,32,31
1362,27,30
1363,47,46
1364,17,19
1365,2,45
1366,37,40
1367,7,6
1368,7,6
1369,32,31
1370,32,32
1371,27,29
1372,42,41
1373,42,44
1374,12,12
1375,17,19
1376,2,45
1377,32,34
1378,2,5
1379,27,27
1380,47,50
1381,7,8
1382,22,25
1383,2,4
1384,7,8
1385,47,50
1386,2,2
1387,17,17
1388,2,2
1389,27,26
1390,27,29
1391,42,43
1392,12,12
1393,7,6
1394,7,8
1395,37,39
1396,42,42
1397,37,38
1398,12,13
1399,7,9
1400,7,7
1401,2,45
1402,27,29
1403,37,37
1404,42,42
1405,12,12
1406,22,21
1407,2,45
1408,12,15
1409,22,25
1410,17,18
1411,32,31
1412,22,21
1413,2,45
1414,7,10
1415,7,6
1416,7,7
1417,27,27
1418,37,38
1419,2,45
1420,37,37
1421,22,23
1422,2,5
1423,27,30
1424,2,3
1425,37,39
1426,17,18
1427,32,35
1428,37,36
1429,22,24
1430,27,28
1431,42,42
1432,22,22
1433,47,46
1434,22,21
1435,42,41
1436,27,30
1437,37,38
1438,12,12
1439,47,47
1440,2,45
1441,47,50
1442,2,3
1443,27,28
1444,2,45
1445,47,49
1446,22,23
1447,22,22
1448,47,47
1449,2,3
1450,2,45
1451,17,16
1452,47,50
1453,2,45
1454,22,23
1455,2,45
1456,2,5
1457,47,50
1458,32,35
1459,2,3
1460,2,31
1461,37,36
1462,17,17
1463,42,41
1464,47,47
1465,27,26
1466,7,10
1467,27,26
1468,17,20
1469,17,19
1470,27,27
1471,2,31
1472,12,15
1473,2,31
1474,37,40
1475,37,37
1476,22,21
1477,27,27
1478,22,22
1479,2,4
1480,17,17
1481,47,46
1482,37,39
1483,32,33
1484,42,42
1485,12,12
1486,42,42
1487,2,31
1488,22,23
1489,37,38
1490,37,37
1491,27,30
1492,2,31
1493,7,10
1494,2,3
1495,42,45
1496,2,31
1497,12,12
1498,32,31
1499,32,33
1500,37,40
1501,47,47
1502,2,3
1503,27,28
1504,2,31
1505,12,13
1506,2,1
1507,7,9
1508,2,4
1509,2,31
1510,12,14
1511,27,28
1512,27,29
1513,2,31
1514,37,36
1515,47,49
1516,47,47
1517,32,35
1518,47,50
1519,37,36
1520,32,35
1521,32,32
1522,2,3
1523,32,33
1524,32,33
1525,2,31
1526,17,17
1527,2,31
1528,37,40
1529,47,46
1530,2,4
1531,7,9
1532,47,47
1533,37,40
1534,12,15
1535,22,21
1536,42,44
1537,12,12
1538,7,6
1539,27,29
1540,12,11
1541,32,34
1542,22,25
1543,37,37
1544,2,31
1545,7,9
1546,2,2
1547,22,23
1548,22,24
1549,2,4
1550,47,48
1551,2,31
1552,12,13
1553,47,46
1554,47,49
1555,7,8
1556,2,31
1557,22,21
1558,42,45
1559,32,31
1560,47,47
1561,47,46
1562,17,19
1563,7,9
1564,32,33
1565,2,5
1566,32,32
1567,37,40
1568,17,17
1569,17,16
1570,2,5
1571,32,35
1572,27,29
1573,22,22
1574,22,25
1575,2,1
1576,7,8
1577,17,17
1578,7,9
1579,22,25
1580,47,46
1581,42,44
1582,32,33
1583,37,36
1584,47,48
1585,7,6
1586,47,47
1587,2,2
1588,42,42
1589,7,7
1590,27,27
1591,22,24
1592,17,18
1593,27,26
1594,32,32
1595,17,16
1596,12,15
1597,17,16
1598,2,4
1599,17,20
1600,27,27
1601,12,12
1602,7,7
1603,7,8
1604,47,49
1605,12,14
1606,22,21
1607,42,41
1608,22,22
1609,2,31
1610,2,1
1611,27,27
1612,12,13
1613,17,20
1614,32,35
1615,2,4
1616,12,14
1617,32,33
1618,12,12
1619,27,28
1620,7,9
1621,32,31
1622,47,49
1623,7,10
1624,2,31
1625,32,32
1626,17,18
1627,2,3
1628,37,40
1629,7,9
1630,37,36
1631,42,42
1632,12,14
1633,37,39
1634,47,49
1635,32,34
1636,37,38
1637,22,25
1638,37,37
1639,32,35
1640,37,36
1641,7,6
1642,27,30
1643,42,44
1644,2,31
1645,47,50
1646,12,12
1647,47,48
1648,42,42
1649,27,29
1650,2,3
1651,32,32
1652,2,5
1653,27,27
1654,12,11
1655,47,46
1656,12,14
1657,47,48
1658,17,19
1659,17,18
1660,47,46
1661,17,18
1662,2,2
1663,12,13
1664,12,13
1665,7,10
1666,12,14
1667,22,24
1668,22,22
1669,2,1
1670,17,16
1671,37,39
1672,47,47
1673,27,27
1674,42,43
1675,2,4
1676,2,1
1677,2,31
1678,2,3
1679,37,40
1680,22,21
1681,22,21
1682,12,12
1683,12,12
1684,7,7
1685,2,4
1686,37,37
1687,37,37
1688,2,31
1689,2,3
1690,17,20
1691,42,41
1692,7,7
1693,2,31
1694,37,39
1695,17,18
1696,7,34
1697,7,34
1698,32,32
1699,47,48
1700,7,34
1701,37,38
1702,27,26
1703,42,41
1704,12,13
1705,12,14
1706,37,36
1707,27,28
1708,32,35
1709,7,8
1710,47,46
1711,7,10
1712,42,45
1713,7,34
1714,47,48
1715,27,26
1716,7,7
1717,37,40
1718,7,7
1719,7,9
1720,22,23
1721,27,28
1722,47,46
1723,17,20
1724,32,31
1725,27,26
1726,7,34
1727,27,27
1728,37,39
1729,7,34
1730,47,49
1731,32,34
1732,7,34
1733,7,6
1734,2,5
1735,32,33
1736,42,45
1737,22,21
1738,47,49
1739,42,44
1740,17,19
1741,7,10
1742,2,3
1743,17,20
1744,7,8
1745,7,34
1746,47,47
1747,27,29
1748,22,22
1749,12,14
1750,12,12
1751,12,15
1752,12,12
1753,22,24
1754,22,25
1755,7,9
1756,42,43
1757,7,7
1758,7,10
1759,37,37
1760,32,31
1761,7,34
1762,37,40
1763,7,10
1764,7,10
1765,12,12
1766,37,36
1767,37,39
1768,22,24
1769,17,16
1770,32,31
1771,37,36
1772,42,41
1773,12,13
1774,42,41
1775,12,14
1776,22,25
1777,27,26
1778,12,13
1779,22,21
1780,27,30
1781,2,5
1782,7,34
1783,27,26
1784,12,13
1785,32,35
1786,22,23
1787,2,1
1788,32,32
1789,47,47
1790,42,41
1791,37,39
1792,12,12
1793,12,13
1794,12,13
1795,7,10
1796,17,20
1797,42,43
1798,12,11
1799,47,46
1800,22,25
1801,7,8
1802,2,5
1803,7,7
1804,32,34
1805,27,27
1806,22,25
1807,47,49
1808,32,34
1809,12,12
1810,32,34
1811,7,34
1812,42,44
1813,37,40
1814,7,8
1815,27,27
1816,2,4
1817,7,34
1818,47,47
1819,27,26
1820,37,40
1821,37,36
1822,7,34
1823,27,28
1824,22,25
1825,42,42
1826,22,25
1827,27,29
1828,2,1
1829,32,31
1830,42,44
1831,7,34
1832,17,16
1833,17,17
1834,47,46
1835,22,22
1836,2,1
1837,47,49
1838,42,42
1839,37,37
1840,7,10
1841,22,24
1842,17,18
1843,17,20
1844,12,13
1845,22,25
1846,42,45
1847,22,22
1848,7,34
1849,37,36
1850,7,6
1851,7,6
1852,47,46
1853,37,36
1854,7,6
1855,37,40
1856,2,1
1857,27,27
1858,32,32
1859,42,42
1860,2,2
1861,47,46
1862,47,48
1863,2,3
1864,17,19
1865,2,2
1866,2,1
1867,27,27
1868,42,45
1869,37,37
1870,27,27
1871,7,6
1872,22,23
1873,7,10
1874,17,16
1875,17,16
1876,17,19
1877,37,38
1878,12,15
1879,2,1
1880,7,34
1881,7,34
1882,22,25
1883,17,16
1884,22,25
1885,37,38
1886,37,37
1887,27,30
1888,12,12
1889,7,7
1890,22,21
1891,22,24
1892,7,34
1893,7,34
1894,37,36
1895,12,15
1896,27,27
1897,12,15
1898,2,2
1899,7,34
1900,22,24
1901,7,49
1902,27,28
1903,17,19
1904,7,10
1905,2,1
1906,32,34
1907,37,36
1908,22,21
1909,37,40
1910,22,21
1911,12,14
1912,12,13
1913,32,32
1914,7,49
1915,47,50
1916,22,22
1917,32,33
1918,27,28
1919,7,49
1920,12,15
1921,22,22
1922,17,16
1923,37,39
1924,17,16
1925,2,4
1926,37,39
1927,22,23
1928,22,25
1929,2,1
1930,37,40
1931,2,5
1932,37,36
1933,2,3
1934,27,28
1935,27,29
1936,27,26
1937,7,7
1938,7,7
1939,22,24
1940,2,5
1941,7,49
1942,7,9
1943,22,22
1944,37,36
1945,7,8
1946,12,11
1947,37,36
1948,2,5
1949,37,36
1950,42,44
1951,42,44
1952,7,49
1953,22,22
1954,47,48
1955,2,2
1956,2,3
1957,37,39
1958,2,3
1959,7,6
1960,12,13
1961,12,12
1962,12,11
1963,22,21
1964,2,1
1965,17,17
1966,27,28
1967,7,49
1968,2,4
1969,17,18
1970,22,24
1971,17,16
1972,7,49
1973,2,5
1974,7,49
1975,12,14
1976,12,13
1977,42,45
1978,2,3
1979,7,9
1980,42,43
1981,2,4
1982,17,18
1983,37,40
1984,7,8
1985,7,49
1986,17,18
1987,7,49
1988,7,6
1989,27,26
1990,27,27
1991,37,37
1992,2,4
1993,2,1
1994,12,12
1995,42,43
1996,37,40
1997,7,49
1998,22,21
1999,17,20
2000,32,31
2001,2,1
2002,32,32
2003,37,38
2004,12,13
2005,27,29
2006,17,18
2007,32,33
2008,42,45
2009,7,49
2010,7,49
2011,7,8
2012,37,37
2013,42,45
2014,12,13
2015,7,10
2016,42,44
2017,22,22
2018,12,13
2019,2,5
2020,47,49
2021,12,13
2022,2,5
2023,27,28
2024,42,41
2025,7,49
2026,12,12
2027,27,26
2028,42,44
2029,7,49
2030,22,25
2031,22,24
2032,7,49
2033,32,33
2034,27,28
2035,42,42
2036,22,22
2037,32,31
2038,27,28
2039,27,30
2040,27,28
2041,32,35
2042,17,20
2043,22,23
2044,7,49
2045,17,19
2046,2,1
2047,7,10
2048,37,38
2049,2,2
2050,47,49
2051,17,19
2052,27,27
2053,17,17
2054,22,22
2055,17,18
2056,47,47
2057,2,4
2058,47,47
2059,22,25
2060,17,17
2061,42,42
2062,37,40
2063,12,12
2064,7,10
2065,7,49
2066,32,35
2067,2,5
2068,17,17
2069,22,22
2070,37,39
2071,12,14
2072,42,45
2073,32,34
2074,27,28
2075,12,14
2076,42,43
2077,32,32
2078,42,42
2079,22,23
2080,37,38
2081,7,49
2082,37,39
2083,42,42
2084,32,35
2085,7,49
2086,47,48
2087,7,8
2088,12,12
2089,12,11
2090,47,46
2091,17,18
2092,32,34
2093,2,3
2094,12,13
2095,37,36
2096,7,43
2097,7,9
2098,12,14
2099,22,21
2100,32,34
2101,47,46
2102,42,44
2103,17,17
2104,7,43
2105,37,36
2106,22,24
2107,7,43
2108,37,40
2109,7,43
2110,7,43
2111,17,16
2112,12,13
2113,22,24
2114,37,38
2115,7,43
2116,2,4
2117,7,43
2118,27,27
2119,2,4
2120,17,19
2121,7,43
2122,42,43
2123,7,6
2124,27,27
2125,22,21
2126,32,31
2127,42,43
2128,22,22
2129,42,42
2130,17,19
2131,32,34
2132,17,19
2133,22,21
2134,37,39
2135,42,42
2136,7,43
2137,22,23
2138,27,29
2139,47,50
2140,32,32
2141,2,5
2142,17,19
2143,2,4
2144,37,36
2145,7,43
2146,2,5
2147,7,43
2148,12,15
2149,47,48
2150,32,33
2151,7,43
2152,32,33
2153,12,11
2154,2,3
2155,7,7
2156,7,43
2157,37,38
2158,42,41
2159,42,43
2160,7,43
2161,32,32
2162,7,43
2163,47,48
2164,7,43
2165,42,42
2166,47,47
2167,42,43
2168,32,35
2169,47,47
2170,7,6
2171,32,32
2172,22,21
2173,27,27
2174,22,22
2175,7,43
2176,7,9
2177,37,40
2178,22,21
2179,47,46
2180,17,17
2181,22,21
2182,27,28
2183,22,24
2184,7,9
2185,7,43
2186,2,2
2187,7,43
2188,17,18
2189,32,33
2190,37,39
2191,22,22
2192,32,32
2193,37,36
2194,42,45
2195,2,1
2196,32,34
2197,22,21
2198,7,43
2199,42,44
2200,7,7
2201,7,7
2202,27,26
2203,7,7
2204,42,43
2205,2,1
2206,27,28
2207,7,7
2208,37,39
2209,37,40
2210,47,49
2211,12,14
2212,17,17
2213,7,7
2214,7,7
2215,37,36
2216,2,4
2217,47,49
2218,37,40
2219,17,18
2220,42,41
2221,37,39
2222,22,25
2223,2,3
2224,7,9
2225,32,34
2226,47,50
2227,32,35
2228,32,32
2229,22,22
2230,27,30
2231,37,39
2232,22,25
2233,7,7
2234,12,13
2235,7,7
2236,42,45
2237,7,7
2238,32,31
2239,7,8
2240,42,45
2241,42,45
2242,17,20
2243,27,29
2244,7,7
2245,7,7
2246,7,6
2247,37,38
2248,7,9
2249,7,10
2250,7,7
2251,37,36
2252,7,7
2253,47,47
2254,2,4
2255,42,45
2256,37,38
2257,22,23
2258,7,9
2259,7,9
2260,2,1
2261,42,43
2262,22,25
2263,17,18
2264,7,10
2265,12,11
2266,37,39
2267,37,40
2268,7,7
2269,22,23
2270,42,41
2271,42,44
2272,17,18
2273,7,7
2274,22,24
2275,47,46
2276,17,20
2277,47,47
2278,17,19
2279,7,7
2280,7,7
2281,12,13
2282,7,7
2283,22,22
2284,22,25
2285,42,45
2286,7,7
2287,27,29
2288,22,23
2289,17,19
2290,7,7
2291,22,23
2292,2,2
2293,7,7
2294,7,7
2295,2,2
2296,22,21
2297,7,29
2298,17,19
2299,7,29
2300,7,29
2301,17,16
2302,7,6
2303,37,36
2304,17,20
2305,2,4
2306,17,18
2307,2,1
2308,22,23
2309,7,29
2310,27,26
2311,42,41
2312,2,4
2313,22,25
2314,27,30
2315,37,39
2316,17,17
2317,2,3
2318,42,44
2319,17,16
2320,2,4
2321,12,11
2322,17,17
2323,12,14
2324,7,7
2325,17,18
2326,7,29
2327,42,45
2328,22,25
2329,22,23
2330,7,29
2331,17,18
2332,27,29
2333,42,45
2334,47,49
2335,12,13
2336,7,8
2337,37,40
2338,2,3
2339,22,21
2340,27,27
2341,7,7
2342,7,6
2343,12,15
2344,42,43
2345,7,29
2346,17,19
2347,27,28
2348,42,43
2349,17,19
2350,7,29
2351,7,29
2352,7,29
2353,2,3
2354,22,21
2355,27,26
2356,7,29
2357,42,42
2358,27,30
2359,7,29
2360,12,13
2361,7,29
2362,27,27
2363,2,1
2364,32,34
2365,7,8
2366,12,13
2367,7,10
2368,27,27
2369,17,17
2370,32,32
2371,27,27
2372,2,1
2373,22,23
2374,37,39
2375,47,48
2376,2,5
2377,7,29
2378,22,21
2379,32,32
2380,7,29
2381,12,14
2382,2,2
2383,7,6
2384,37,38
2385,7,8
2386,7,10
2387,27,26
2388,22,25
2389,22,23
2390,7,29
2391,17,16
2392,12,11
2393,2,1
2394,7,9
2395,7,29
2396,27,30
2397,7,6
2398,32,31
2399,32,35
2400,12,13
2401,7,10
2402,2,2
2403,7,29
2404,7,29
2405,7,8
2406,17,17
2407,37,37
2408,7,29
2409,12,6
2410,22,21
2411,47,47
2412,22,21
2413,47,48
2414,12,6
2415,47,49
2416,22,22
2417,22,21
2418,12,6
2419,27,26
2420,47,49
2421,37,37
2422,32,35
2423,12,6
2424,2,4
2425,17,16
2426,17,17
2427,12,6
2428,12,6
2429,37,36
2430,12,6
2431,47,50
2432,22,22
2433,37,36
2434,12,6
2435,37,40
2436,12,6
2437,12,6
2438,17,19
2439,27,30
2440,42,42
2441,22,23
2442,12,12
2443,2,2
2444,2,3
2445,17,17
2446,42,45
2447,12,14
2448,47,48
2449,12,11
2450,32,33
2451,7,10
2452,42,43
2453,7,6
2454,37,37
2455,12,6
2456,12,6
2457,47,48
2458,22,23
2459,22,22
2460,42,42
2461,17,17
2462,22,23
2463,27,30
2464,7,6
2465,12,6
2466,27,26
2467,32,35
2468,12,6
2469,12,13
2470,37,36
2471,12,6
2472,2,3
2473,32,34
2474,32,35
2475,27,26
2476,12,6
2477,32,33
2478,2,2
2479,37,37
2480,12,6
2481,2,3
2482,2,2
2483,2,4
2484,12,6
2485,7,9
2486,7,8
2487,12,6
2488,12,6
2489,42,44
2490,17,16
2491,12,15
2492,12,2
2493,47,47
2494,37,38
2495,22,25
2496,2,1
2497,32,33
2498,47,47
2499,12,2
2500,42,42
2501,7,10
2502,37,36
2503,37,36
2504,12,2
2505,37,37
2506,7,7
2507,7,10
2508,12,2
2509,12,11
2510,12,2
2511,42,42
2512,47,47
2513,37,37
2514,47,50
2515,12,2
2516,12,15
2517,17,19
2518,12,2
2519,12,2
2520,12,2
2521,7,10
2522,37,36
2523,32,35
2524,47,48
2525,22,21
2526,12,2
2527,7,6
2528,47,46
2529,12,2
2530,12,2
2531,42,44
2532,12,2
2533,17,20
2534,12,2
2535,12,2
2536,17,18
2537,17,17
2538,12,2
2539,12,2
2540,2,2
2541,47,49
2542,42,45
2543,12,2
2544,42,44
2545,22,24
2546,12,2
2547,17,17
2548,47,47
2549,47,49
2550,7,10
2551,32,33
2552,7,6
2553,47,50
2554,17,19
2555,32,32
2556,22,25
2557,2,2
2558,12,2
2559,2,4
2560,42,44
2561,2,2
2562,12,15
2563,12,12
2564,37,36
2565,12,9
2566,7,6
2567,12,9
2568,42,43
2569,37,38
2570,12,9
2571,47,49
2572,12,9
2573,12,11
2574,12,9
2575,12,15
2576,17,16
2577,47,46
2578,42,41
2579,22,25
2580,12,9
2581,27,27
2582,7,9
2583,47,47
2584,2,1
2585,42,43
2586,12,9
2587,37,37
2588,2,2
2589,12,13
2590,37,38
2591,17,17
2592,27,29
2593,27,26
2594,12,9
2595,2,1
2596,12,9
2597,12,9
2598,2,4
2599,37,37
2600,12,9
2601,42,41
2602,22,25
2603,7,10
2604,27,28
2605,12,9
2606,12,9
2607,12,9
2608,2,5
2610,12,9
2611,27,29
2612,12,9
2613,12,14
2614,12,9
2615,17,18
2616,42,43
2617,12,9
2618,12,11
2619,42,44
2620,17,20
2621,12,9
2622,27,26
2623,27,30
2624,47,50
2625,7,6
2626,12,25
2627,12,14
2628,37,39
2629,47,46
2630,32,31
2631,32,33
2632,42,43
2633,12,25
2634,7,7
2635,12,13
2636,2,3
2637,47,50
2638,12,25
2639,37,40
2640,47,49
2641,42,42
2642,32,33
2643,12,25
2644,47,47
2645,7,10
2646,7,6
2647,12,25
2648,22,25
2649,12,25
2650,7,8
2651,17,17
2652,22,23
2653,12,25
2654,12,25
2655,47,49
2656,17,16
2657,47,46
2658,7,10
2659,22,23
2660,12,25
2661,27,30
2662,12,25
2663,7,10
2664,22,24
2665,32,35
2666,12,25
2667,7,7
2668,12,25
2669,12,25
2670,12,25
2671,12,25
2672,12,25
2673,12,25
2674,42,45
2675,27,29
2676,37,37
2677,27,28
2678,12,25
2679,42,41
2680,47,50
2681,12,25
2682,37,40
2683,32,34
2684,12,25
2685,12,15
2686,12,15
2687,32,32
2688,37,37
2689,12,15
2690,47,47
2691,7,8
2692,42,41
2693,47,47
2694,12,15
2695,17,19
2696,32,34
2697,22,24
2698,22,25
2699,12,15
2700,22,23
2701,47,50
2702,7,8
2703,12,15
2704,37,40
2705,12,15
2706,12,15
2707,2,2
2708,17,16
2709,37,39
2710,12,12
2711,37,39
2712,12,13
2713,12,15
2714,22,23
2715,37,37
2716,42,41
2717,12,15
2718,22,22
2719,7,10
2720,22,25
2721,12,15
2722,17,20
2723,47,50
2724,42,42
2725,12,15
2726,2,4
2727,2,3
2728,22,23
2729,12,15
2730,12,15
2731,12,14
2732,2,3
2733,12,15
2734,17,18
2735,12,15
2736,47,47
2737,2,4
2738,42,44
2739,22,23
2740,47,47
2741,7,8
2742,17,17
2743,12,15
2744,47,46
2745,7,9
2746,42,45
2747,12,15
2748,22,25
2749,12,12
2750,27,29
2751,12,15
2752,2,2
2753,12,15
2754,37,39
2755,17,19
2756,32,31
2757,7,9
2758,42,44
2759,17,42
2760,12,12
2761,17,16
2762,27,30
2763,37,40
2764,42,45
2765,17,42
2766,37,36
2767,42,43
2768,2,1
2769,22,24
2770,17,42
2771,37,37
2772,32,31
2773,47,49
2774,17,42
2775,17,17
2776,37,39
2777,17,42
2778,2,4
2779,32,34
2780,17,42
2781,32,32
2782,17,42
2783,12,11
2784,47,48
2785,32,35
2786,12,12
2787,17,42
2788,17,42
2789,47,50
2790,17,20
2791,17,42
2792,12,11
2793,12,12
2794,12,12
2795,32,32
2796,27,29
2797,27,27
2798,2,4
2799,17,42
2800,22,23
2801,2,3
2802,22,21
2803,2,2
2804,17,42
2805,42,43
2806,27,30
2807,2,3
2808,17,42
2809,22,23
2810,27,30
2811,7,9
2812,7,6
2813,17,42
2814,17,20
2815,27,30
2816,17,42
2817,17,42
2818,42,43
2819,12,11
2820,17,42
2821,47,49
2822,12,11
2823,2,2
2824,2,4
2825,2,2
2826,27,27
2827,17,42
2828,37,38
2829,32,33
2830,37,38
2831,12,12
2832,17,42
2833,17,42
2834,12,11
2835,17,27
2836,12,11
2837,27,28
2838,37,40
2839,7,6
2840,7,6
2841,7,10
2842,32,35
2843,7,10
2844,17,20
2845,12,12
2846,32,34
2847,17,27
2848,42,42
2849,32,32
2850,17,27
2851,7,10
2852,32,35
2853,42,43
2854,17,27
2855,17,27
2856,17,27
2857,17,20
2858,47,48
2859,17,20
2860,17,16
2861,7,10
2862,17,27
2863,17,20
2864,32,35
2865,17,27
2866,17,27
2867,17,27
2868,2,1
2869,7,10
2870,17,20
2871,7,10
2872,27,30
2873,37,37
2874,7,6
2875,17,27
2876,12,14
2877,17,27
2878,17,27
2879,42,42
2880,17,19
2881,17,27
2882,27,29
2883,7,7
2884,37,38
2885,17,27
2886,27,27
2887,27,27
2888,17,27
2889,17,27
2890,17,19
2891,42,42
2892,17,27
2893,17,27
2894,37,40
2895,47,46
2896,42,45
2897,17,16
2898,17,27
2899,2,2
2900,22,22
2901,32,35
2902,47,50
2903,17,41
2904,17,41
2905,17,41
2906,17,41
2907,17,41
2908,17,41
2909,32,34
2910,17,41
2911,42,41
2912,37,39
2913,7,6
2914,2,2
2915,17,41
2916,32,32
2917,7,9
2918,32,33
2919,7,7
2920,42,42
2921,12,14
2922,2,4
2923,17,41
2924,42,42
2925,27,29
2926,27,30
2927,7,10
2928,17,41
2929,7,10
2930,32,33
2931,47,49
2932,27,26
2933,17,41
2934,22,21
2935,32,34
2936,27,28
2937,47,48
2938,42,45
2939,17,41
2940,17,41
2941,17,41
2942,37,39
2943,12,12
2944,27,26
2945,17,41
2946,2,3
2947,22,24
2948,17,19
2949,17,41
2950,17,41
2951,17,41
2952,32,33
2953,17,41
2954,7,10
2955,7,9
2956,17,41
2957,32,35
2958,17,4
2959,17,4
2960,7,6
2961,22,22
2962,17,4
2963,17,4
2964,2,1
2965,12,12
2966,17,4
2967,17,4
2968,37,36
2969,17,18
2970,12,11
2971,32,34
2972,12,15
2973,27,30
2974,17,4
2975,12,14
2976,27,26
2977,42,42
2978,37,39
2979,12,14
2980,27,26
2981,7,7
2982,42,41
2983,17,4
2984,42,45
2985,47,48
2986,17,16
2987,7,7
2988,17,4
2989,12,12
2990,2,4
2991,17,4
2992,17,4
2993,12,11
2994,17,4
2995,27,26
2996,17,4
2997,17,4
2998,12,12
2999,12,15
3000,12,13
3001,42,45
3002,37,39
3003,2,1
3004,17,4
3005,32,31
3006,22,22
3007,17,4
3008,17,4
3009,47,47
3010,17,4
3011,37,39
3012,47,47
3013,27,26
3014,17,4
3015,47,50
3016,17,4
3017,17,16
3018,32,35
3019,17,16
3020,47,46
3021,17,16
3022,37,38
3023,17,16
3024,12,15
3025,17,19
3026,27,27
3027,17,16
3028,32,33
3029,32,35
3030,37,37
3031,17,16
3032,17,16
3033,17,16
3034,2,2
3035,32,31
3036,17,16
3037,17,16
3038,17,16
3039,12,14
3040,27,27
3041,17,16
3042,47,48
3043,17,16
3044,17,16
3045,12,15
3046,47,47
3047,32,32
3048,2,2
3049,17,16
3050,42,44
3051,22,22
3052,27,26
3053,17,16
3054,17,19
3055,2,5
3056,7,8
3057,17,16
3058,37,37
3059,17,16
3060,17,16
3061,17,17
3062,22,21
3063,22,25
3064,17,16
3065,17,18
3066,7,9
3067,22,23
3068,22,12
3069,27,29
3070,32,32
3071,42,42
3072,22,12
3073,22,12
3074,27,28
3075,22,12
3076,12,11
3077,12,14
3078,42,45
3079,2,1
3080,22,22
3081,22,12
3082,2,4
3083,32,35
3085,22,12
3086,37,40
3088,7,6
3090,22,12
3091,22,12
3093,32,34
3094,22,12
3095,7,10
3096,42,43
3097,22,23
3098,12,15
3099,12,12
3100,22,12
3101,22,24
3102,22,12
3103,22,24
3104,17,17
3105,22,12
3106,22,12
3107,22,12
3108,32,31
3109,37,37
3110,22,12
3111,42,45
3112,17,20
3113,37,36
3114,2,1
3115,22,12
3116,22,38
3117,22,38
3118,22,38
3119,22,38
3120,22,38
3121,37,36
3122,22,38
3123,27,28
3124,22,38
3125,27,28
3126,37,38
3127,17,17
3128,12,13
3129,17,18
3130,22,38
3131,37,39
3132,47,50
3133,22,38
3134,22,38
3135,47,49
3136,37,39
3137,27,30
3138,22,38
3139,37,38
3140,42,43
3141,32,35
3142,22,38
3143,17,19
3144,2,4
3145,27,30
3146,32,35
3147,17,19
3148,22,38
3149,47,50
3150,47,46
3151,22,38
3152,37,38
3153,22,38
3154,32,33
3155,17,20
3156,7,6
3157,22,38
3158,17,19
3159,37,40
3160,17,16
3161,7,6
3162,22,38
3163,12,13
3164,22,38
3165,7,6
3166,22,38
3167,22,38
3168,22,37
3169,22,37
3170,22,37
3171,22,37
3173,47,47
3174,22,37
3175,42,44
3176,22,37
3177,47,49
3178,22,25
3179,27,26
3180,22,37
3181,22,37
3182,22,37
3183,22,37
3184,22,22
3185,32,32
3186,22,37
3187,32,31
3188,2,1
3189,22,37
3190,22,37
3191,7,10
3192,22,37
3193,27,29
3194,22,23
3195,22,37
3196,22,37
3197,27,30
3198,22,23
3199,47,48
3200,32,35
3201,47,49
3202,22,37
3203,32,32
3204,27,29
3205,22,37
3206,22,37
3207,42,42
3208,17,16
3209,37,40
3210,27,26
3211,22,39
3212,22,39
3213,42,43
3214,47,47
3215,22,39
3216,22,23
3217,22,39
3218,22,39
3219,22,39
3220,7,6
3221,22,39
3222,32,35
3223,22,39
3224,7,9
3225,12,12
3226,22,23
3227,37,39
3228,22,25
3229,17,17
3230,22,39
3231,12,15
3232,27,27
3233,27,28
3234,42,42
3235,42,45
3236,22,39
3237,22,39
3238,22,39
3239,7,10
3240,22,39
3241,7,10
3242,17,16
3243,12,12
3244,47,49
3245,22,39
3246,22,39
3247,17,19
3248,22,39
3249,22,39
3250,12,15
3251,22,39
3252,37,39
3254,42,43
3255,22,21
3257,22,5
3258,22,24
3259,17,17
3260,22,5
3261,2,3
3262,17,17
3263,22,5
3264,22,5
3265,12,12
3266,22,5
3267,27,27
3268,2,1
3269,22,5
3270,2,4
3271,22,22
3272,22,5
3273,32,31
3274,22,24
3275,47,47
3276,47,48
3277,22,24
3278,17,18
3279,22,22
3280,7,7
3281,2,4
3282,7,7
3283,22,5
3284,22,5
3285,37,40
3286,22,5
3287,17,19
3288,37,36
3289,22,5
3290,27,30
3291,32,32
3292,27,28
3293,22,5
3294,22,5
3295,22,5
3296,42,43
3297,22,5
3298,22,5
3299,22,5
3300,22,5
3301,27,29
3302,22,5
3303,27,30
3304,22,23
3305,42,43
3306,22,5
3307,7,8
3308,32,35
3309,27,47
3310,27,47
3311,42,42
3312,27,47
3313,2,2
3314,27,47
3315,37,37
3316,47,47
3317,27,47
3318,47,48
3319,47,49
3320,32,35
3321,27,47
3322,42,42
3323,27,30
3324,22,23
3325,22,22
3326,42,45
3327,27,28
3328,27,47
3329,37,36
3330,27,47
3331,27,47
3332,47,50
3333,27,47
3334,17,16
3335,27,47
3336,27,47
3337,27,27
3338,22,25
3339,27,47
3340,22,24
3341,17,19
3342,27,47
3343,27,47
3344,27,47
3345,27,47
3346,27,47
3347,27,26
3348,27,47
3349,27,47
3350,42,43
3351,22,24
3352,17,20
3353,27,13
3354,2,3
3355,27,13
3356,27,13
3358,27,13
3359,27,13
3360,47,48
3361,27,13
3362,47,47
3363,27,13
3364,27,13
3365,42,42
3366,27,13
3367,27,13
3368,37,37
3369,32,32
3370,27,13
3371,27,13
3372,42,45
3373,27,13
3374,27,13
3375,27,13
3376,27,27
3377,2,3
3378,32,32
3379,27,13
3380,32,33
3381,27,13
3382,27,13
3383,27,28
3384,42,43
3385,27,13
3386,12,12
3387,27,40
3388,27,40
3389,22,21
3390,42,41
3391,27,40
3392,27,40
3393,27,40
3394,27,40
3395,32,35
3396,27,40
3397,27,40
3398,27,40
3399,7,7
3400,27,40
3401,27,40
3402,27,40
3403,27,28
3404,27,40
3405,27,40
3406,27,40
3407,32,33
3408,27,40
3409,27,40
3410,27,40
3411,37,36
3412,27,40
3413,22,23
3414,27,40
3415,27,29
3416,22,21
3417,27,19
3418,7,7
3419,12,12
3420,32,31
3421,17,17
3422,27,19
3423,17,16
3424,27,19
3425,2,4
3426,2,1
3427,27,19
3428,27,19
3429,27,19
3430,27,19
3431,27,19
3432,27,19
3433,27,19
3434,27,19
3435,2,5
3436,27,19
3437,42,41
3438,27,19
3439,27,19
3440,27,19
3441,27,30
3442,27,26
3443,27,19
3444,2,1
3445,7,6
3446,42,41
3447,27,19
3448,2,5
3449,32,33
3450,27,19
3451,2,4
3452,27,30
3453,27,19
3455,27,23
3456,27,23
3457,27,23
3458,27,23
3459,27,23
3460,27,23
3461,7,9
3462,7,7
3463,7,9
3464,27,23
3465,27,23
3466,27,23
3467,27,23
3468,27,23
3469,12,14
3471,27,23
3472,22,23
3473,27,23
3474,7,10
3475,27,23
3476,42,42
3477,42,43
3478,27,23
3479,27,23
3480,12,13
3481,27,23
3482,27,23
3483,42,44
3484,27,28
3485,42,41
3486,12,11
3487,27,23
3488,32,44
3489,32,44
3490,32,44
3491,7,6
3492,2,4
3493,32,44
3494,47,49
3495,42,44
3496,22,23
3497,32,44
3498,2,1
3499,22,22
3500,27,26
3501,7,9
3502,12,13
3503,32,44
3505,32,34
3506,32,44
3507,32,44
3508,32,44
3509,27,26
3510,37,39
3511,2,2
3512,7,9
3513,2,4
3514,32,44
3515,17,19
3516,32,44
3517,12,13
3518,32,44
3519,2,1
3520,32,44
3521,12,11
3522,32,44
3523,27,27
3524,32,44
3525,32,44
3526,27,28
3527,32,44
3528,32,44
3529,32,44
3530,27,29
3531,32,22
3532,32,22
3533,32,22
3534,7,9
3535,2,5
3536,32,22
3537,22,25
3538,32,22
3539,32,22
3540,7,10
3541,32,22
3542,32,22
3543,22,23
3544,32,22
3545,32,22
3546,47,48
3547,47,50
3548,32,22
3549,32,22
3550,32,22
3551,32,22
3552,32,22
3553,32,22
3554,32,22
3555,32,22
3556,22,25
3557,32,22
3558,32,22
3559,32,8
3560,7,7
3561,32,8
3562,32,8
3563,32,8
3564,32,8
3565,32,8
3566,7,10
3567,32,8
3568,32,8
3569,32,8
3570,32,8
3571,32,8
3572,2,4
3573,32,8
3574,32,8
3575,2,3
3576,32,8
3577,32,8
3578,32,8
3579,32,8
3580,47,47
3581,27,28
3582,32,8
3583,7,8
3584,32,8
3585,32,8
3586,32,50
3587,42,42
3588,32,50
3589,42,44
3590,32,50
3591,7,6
3592,32,50
3593,32,50
3594,37,38
3595,32,35
3596,32,50
3597,37,36
3598,32,50
3599,32,50
3600,32,50
3601,32,50
3602,32,50
3603,42,41
3604,32,50
3605,32,50
3606,7,7
3607,32,50
3608,32,50
3609,32,50
3610,32,50
3611,12,13
3612,32,50
3613,32,50
3614,42,44
3615,27,29
3616,32,50
3617,32,46
3618,32,46
3619,27,29
3620,27,26
3621,32,46
3622,22,24
3624,32,32
3625,32,46
3626,32,46
3627,32,46
3628,32,46
3629,32,46
3630,32,46
3631,32,46
3632,32,46
3633,2,1
3634,32,46
3635,12,14
3636,32,46
3637,32,46
3638,32,46
3639,32,34
3640,32,46
3641,32,46
3642,32,46
3643,32,46
3644,37,32
3645,37,32
3646,27,27
3647,37,32
3648,27,26
3649,7,10
3650,37,32
3651,37,32
3653,37,32
3654,32,31
3655,37,32
3656,37,32
3657,37,32
3658,7,10
3659,32,32
3660,37,32
3661,37,32
3662,2,1
3663,37,32
3664,37,32
3665,37,32
3666,37,32
3667,37,32
3668,37,32
3669,37,32
3670,37,32
3671,37,30
3672,37,30
3673,7,10
3674,37,30
3675,37,30
3676,37,30
3677,37,30
3678,37,30
3679,37,30
3680,37,30
3681,42,41
3682,37,30
3683,37,40
3684,37,30
3685,27,29
3686,37,30
3687,37,30
3688,22,21
3689,37,30
3690,37,30
3691,37,30
3692,37,30
3693,37,30
3694,37,30
3695,37,30
3696,37,10
3697,37,10
3698,37,10
3699,27,28
3700,42,42
3701,37,10
3702,37,10
3703,42,45
3704,37,10
3705,37,10
3706,37,10
3707,37,10
3708,27,30
3709,42,44
3710,37,10
3711,37,10
3712,37,10
3713,37,10
3714,37,10
3715,12,12
3716,37,10
3717,37,10
3718,37,10
3719,37,10
3720,37,10
3721,37,10
3722,37,35
3723,37,35
3724,37,35
3725,37,39
3726,37,35
3727,37,35
3728,27,28
3729,37,35
3730,47,49
3731,7,6
3732,2,1
3733,37,35
3734,37,35
3735,37,35
3736,37,35
3737,37,35
3738,37,35
3739,37,35
3740,37,35
3741,7,6
3742,37,35
3743,37,35
3744,37,35
3745,37,35
3746,37,35
3747,7,9
3748,37,35
3749,22,21
3750,37,1
3751,37,1
3752,37,1
3753,2,1
3754,37,1
3755,7,8
3756,37,1
3757,37,1
3758,37,1
3759,37,1
3760,37,1
3761,37,1
3762,37,1
3763,37,1
3764,37,1
3765,37,1
3766,37,1
3767,17,17
3768,37,1
3769,37,1
3770,37,1
3771,37,1
3772,22,23
3773,37,1
3774,42,18
3775,42,18
3776,42,18
3777,32,32
3778,42,18
3779,42,18
3780,42,18
3781,47,49
3782,42,18
3783,42,18
3784,42,18
3785,22,21
3786,42,18
3787,42,18
3788,42,18
3789,42,18
3790,42,18
3791,42,18
3792,47,46
3793,42,18
3794,42,18
3795,42,18
3796,42,18
3797,42,18
3798,42,48
3799,42,48
3800,42,48
3801,7,6
3802,42,48
3803,42,48
3804,12,14
3805,42,48
3806,2,5
3807,42,48
3808,27,29
3809,42,48
3810,42,48
3811,42,48
3812,42,48
3813,42,48
3814,42,48
3815,47,46
3816,42,48
3817,42,48
3818,42,48
3819,42,48
3820,42,48
3821,27,28
3822,32,35
3823,42,48
3824,42,48
3825,42,20
3826,42,20
3827,42,20
3828,42,20
3829,42,20
3830,22,24
3831,42,20
3832,42,20
3833,42,20
3834,42,20
3835,42,20
3836,42,20
3837,42,20
3838,42,20
3839,32,35
3840,42,20
3841,22,24
3842,42,20
3843,42,20
3844,42,20
3845,42,20
3846,42,20
3847,27,29
3848,27,29
3849,7,6
3850,42,20
3851,42,26
3852,42,26
3853,42,26
3854,42,26
3855,42,26
3856,42,26
3857,42,26
3858,42,26
3859,42,26
3860,42,26
3861,42,26
3862,42,26
3863,42,26
3864,42,26
3865,42,26
3866,42,26
3867,42,26
3868,42,26
3869,42,26
3870,42,26
3871,42,36
3872,42,36
3873,42,36
3874,42,36
3876,42,36
3877,42,36
3878,42,36
3879,42,36
3880,42,36
3881,42,36
3882,42,36
3883,42,36
3884,42,36
3885,22,24
3886,42,36
3887,42,36
3888,42,36
3889,42,36
3890,42,36
3891,42,36
3892,47,21
3893,47,21
3894,47,21
3895,7,10
3896,47,21
3897,47,21
3898,47,21
3899,47,21
3900,42,45
3901,47,21
3902,47,21
3903,47,21
3904,47,21
3905,47,21
3906,47,21
3907,47,21
3908,47,21
3909,47,21
3910,47,21
3911,47,21
3912,47,21
3913,47,21
3914,47,28
3915,47,28
3916,47,28
3917,47,28
3918,47,28
3919,47,28
3920,47,28
3921,47,28
3922,47,28
3923,47,28
3924,47,28
3925,47,28
3926,47,28
3927,47,28
3928,47,28
3929,47,28
3930,7,9
3931,2,1
3932,47,28
3933,17,17
3934,32,35
3935,27,27
3936,47,28
3937,47,28
3938,32,35
3939,47,28
3940,47,17
3941,47,17
3942,47,17
3943,47,17
3944,47,17
3945,47,17
3946,47,17
3947,47,17
3948,47,17
3949,47,17
3950,47,17
3951,47,17
3953,47,17
3954,47,17
3955,47,17
3956,47,17
3957,47,17
3958,47,17
3959,47,17
3960,47,14
3961,47,14
3962,12,14
3963,47,14
3964,47,14
3965,47,14
3966,47,14
3967,47,14
3968,47,14
3969,47,14
3970,47,14
3971,47,14
3972,47,14
3973,47,14
3974,47,14
3975,47,14
3976,47,14
3977,47,14
3978,47,14
3979,47,14
3980,47,14
3981,47,24
3982,47,24
3983,47,24
3984,47,24
3985,47,24
3986,47,24
3987,47,24
3988,47,24
3989,47,24
3990,47,24
3991,47,24
3992,47,24
3993,47,24
3994,47,24
3995,47,24
3996,47,24
3997,47,24
3998,47,24
3999,47,24
4000,47,24
4001,37,30
4002,42,18
4003,37,35
4004,27,40
4005,12,6
4006,27,40
4007,47,21
4008,22,37
4009,47,14
4010,12,25
4011,12,15
4012,22,39
4013,32,22
4014,22,39
4015,47,24
4016,2,3
4017,42,26
4018,47,24
4019,32,50
4020,17,42
4021,42,18
4022,42,20
4023,47,24
4024,2,3
4025,32,46
4026,27,13
4027,47,28
4028,32,46
4029,27,40
4030,2,31
4031,7,29
4033,12,15
4034,47,24
4035,32,8
4036,37,35
4037,2,3
4038,17,16
4039,17,41
4041,27,47
4042,37,32
4043,7,34
4044,12,25
4045,47,21
4046,37,1
4047,17,27
4048,22,37
4049,7,43
4050,12,2
4051,22,12
4052,37,32
4053,32,44
4054,22,5
4055,7,29
4056,42,26
4057,42,48
4058,37,30
4059,42,20
4060,32,50
4061,32,22
4062,12,6
4063,42,36
4064,42,36
4066,42,48
4067,7,7
4068,32,8
4069,42,48
4070,12,6
4071,47,24
4072,22,5
4073,32,8
4074,37,32
4075,42,18
4076,7,34
4077,37,30
4078,37,32
4079,7,49
4080,47,21
4081,7,29
4082,22,39
4083,27,40
4084,17,27
4085,32,50
4086,22,39
4087,42,48
4088,42,18
4089,37,1
4090,37,35
4091,47,28
4092,12,15
4093,27,13
4094,32,50
4095,17,27
4096,12,15
4097,42,48
4098,12,2
4099,7,29
4100,2,45
4101,32,22
4102,32,46
4103,32,22
4104,47,28
4105,12,2
4106,47,28
4107,2,45
4108,47,21
4109,32,50
4110,2,31
4111,7,43
4112,7,34
4113,32,44
4114,47,17
4115,22,5
4116,7,43
4117,32,50
4118,27,19
4119,12,2
4120,32,44
4121,2,11
4122,17,4
4123,42,20
4124,2,45
4125,12,15
4126,37,32
4127,47,17
4128,47,24
4129,17,16
4130,27,13
4131,12,15
4132,27,47
4133,27,13
4134,2,33
4135,12,15
4136,22,5
4137,42,20
4138,32,44
4139,7,34
4140,37,10
4141,22,12
4142,47,28
4143,7,49
4144,32,46
4145,32,44
4146,42,48
4147,32,46
4148,27,19
4149,7,7
4150,7,29
4151,32,44
4152,12,9
4153,47,24
4154,27,19
4155,2,45
4156,12,25
4157,42,20
4158,27,19
4159,32,8
4160,27,47
4161,47,14
4162,2,45
4163,27,47
4164,7,43
4165,42,18
4166,32,8
4167,27,19
4168,27,40
4169,32,50
4170,47,24
4171,17,42
4172,2,45
4173,22,39
4174,22,5
4175,12,6
4176,2,45
4177,12,2
4178,7,43
4179,22,37
4180,22,37
4181,2,11
4182,17,16
4183,42,18
4184,12,6
4185,47,21
4186,2,3
4187,27,47
4188,47,14
4189,47,24
4190,2,11
4191,32,8
4192,12,25
4193,47,14
4195,37,35
4196,17,27
4197,22,38
4198,47,14
4199,42,36
4200,47,14
4201,12,9
4202,7,49
4203,42,36
4204,7,7
4205,42,36
4206,27,40
4207,37,1
4208,27,47
4209,17,41
4210,47,24
4211,2,3
4212,32,46
4213,7,49
4214,7,29
4215,22,5
4216,27,23
4217,12,25
4218,17,42
4219,12,9
4220,37,1
4221,7,49
4222,32,44
4223,27,40
4224,32,8
4225,17,41
4226,2,3
4227,2,31
4228,42,26
4229,37,32
4230,42,36
4231,32,8
4232,12,9
4233,12,25
4234,22,39
4235,7,29
4236,42,36
4237,22,5
4238,32,22
4239,17,42
4240,17,4
4242,47,24
4243,32,44
4244,2,11
4245,47,24
4246,47,14
4247,7,43
4248,37,35
4249,2,31
4250,7,29
4251,2,45
4252,7,34
4253,37,30
4254,7,34
4255,42,48
4256,32,8
4257,27,19
4258,12,9
4259,42,48
4260,42,20
4261,22,37
4262,47,21
4263,42,18
4264,22,39
4265,17,41
4266,37,35
4267,22,38
4268,32,8
4269,47,24
4270,32,44
4271,2,31
4272,32,22
4273,47,24
4274,42,26
4275,27,13
4276,7,49
4277,2,11
4278,27,40
4279,32,50
4280,17,4
4281,42,26
4282,17,27
4283,37,1
4284,27,47
4285,42,48
4286,27,40
4287,27,13
4288,7,7
4289,32,22
4290,27,40
4291,17,42
4292,12,9
4293,42,18
4294,22,39
4295,47,28
4296,17,27
4297,7,29
4298,7,43
4299,32,50
4300,12,6
4301,27,13
4302,27,47
4303,37,35
4304,22,5
4305,7,34
4306,22,38
4307,7,34
4308,42,20
4309,27,19
4310,37,32
4311,32,8
4312,2,11
4313,27,19
4314,22,37
4315,47,24
4316,7,49
4317,7,49
4318,12,15
4319,32,22
4320,37,1
4321,12,9
4322,12,25
4323,2,11
4324,22,37
4325,12,15
4326,42,48
4327,42,48
4328,27,13
4329,47,17
4330,12,6
4331,47,17
4332,42,20
4333,42,36
4334,22,39
4335,42,20
4336,17,41
4337,27,40
4338,17,42
4339,22,12
4340,17,16
4341,22,38
4342,32,50
4343,32,44
4344,47,28
4345,47,21
4346,12,15
4347,32,46
4348,17,41
4349,22,39
4350,37,1
4351,12,6
4352,47,21
4353,27,47
4354,42,26
4355,47,17
4356,12,25
4357,22,5
4358,17,27
4359,7,29
4360,12,25
4361,32,44
4362,27,23
4363,47,21
4364,17,4
4366,37,1
4367,7,34
4368,7,34
4369,32,44
4370,32,22
4371,27,19
4372,42,18
4373,42,26
4374,12,2
4375,17,4
4376,27,23
4377,32,50
4378,2,31
4379,27,13
4380,47,24
4381,7,43
4382,22,5
4383,2,45
4384,7,43
4385,47,24
4386,2,3
4387,17,27
4388,2,3
4389,27,47
4390,27,19
4391,42,20
4392,12,2
4393,7,34
4394,7,43
4395,37,35
4396,42,48
4397,37,10
4398,12,9
4399,7,7
4400,7,49
4402,27,19
4403,37,30
4404,42,48
4405,12,2
4406,22,12
4407,2,33
4408,12,15
4409,22,5
4410,17,41
4411,32,44
4412,22,12
4414,7,29
4415,7,34
4416,7,49
4417,27,13
4418,37,10
4420,37,30
4421,22,37
4422,2,31
4423,27,23
4424,2,33
4425,37,35
4426,17,41
4427,32,46
4428,37,32
4429,22,39
4430,27,40
4431,42,48
4432,22,38
4433,47,21
4434,22,12
4435,42,18
4436,27,23
4437,37,10
4438,12,2
4439,47,28
4440,27,23
4441,47,24
4442,2,33
4443,27,40
4444,7,7
4445,47,14
4446,22,37
4447,22,38
4448,47,28
4449,2,33
4451,17,42
4452,47,24
4453,42,26
4454,22,37
4455,32,50
4456,2,31
4457,47,24
4458,32,46
4459,2,33
4460,42,36
4461,37,32
4462,17,27
4463,42,18
4464,47,28
4465,27,47
4466,7,29
4467,27,47
4468,17,16
4469,17,4
4470,27,13
4471,17,16
4472,12,15
4473,42,48
4474,37,1
4475,37,30
4476,22,12
4477,27,13
4478,22,38
4479,2,45
4480,17,27
4481,47,21
4482,37,35
4483,32,8
4484,42,48
4485,12,2
4486,42,48
4488,22,37
4489,37,10
4490,37,30
4491,27,23
4492,2,45
4493,7,29
4494,2,33
4495,42,36
4496,32,8
4497,12,2
4498,32,44
4499,32,8
4500,37,1
4501,47,28
4502,2,33
4503,27,40
4504,27,13
4505,12,9
4506,2,11
4507,7,7
4508,2,45
4509,37,30
4510,12,25
4511,27,40
4512,27,19
4513,32,44
4514,37,32
4515,47,14
4516,47,28
4517,32,46
4518,47,24
4519,37,32
4520,32,46
4521,32,22
4522,2,33
4523,32,8
4524,32,8
4526,17,27
4528,37,1
4529,47,21
4530,2,45
4531,7,7
4532,47,28
4533,37,1
4534,12,15
4535,22,12
4536,42,26
4537,12,2
4538,7,34
4539,27,19
4540,12,6
4541,32,50
4542,22,5
4543,37,30
4544,22,5
4545,7,7
4546,2,3
4547,22,37
4548,22,39
4549,2,45
4550,47,17
4551,47,14
4552,12,9
4553,47,21
4554,47,14
4555,7,43
4556,42,26
4557,22,12
4558,42,36
4559,32,44
4560,47,28
4561,47,21
4562,17,4
4563,7,7
4564,32,8
4565,2,31
4566,32,22
4567,37,1
4568,17,27
4569,17,42
4570,2,31
4571,32,46
4572,27,19
4573,22,38
4574,22,5
4575,2,11
4576,7,43
4577,17,27
4578,7,7
4579,22,5
4580,47,21
4581,42,26
4582,32,8
4583,37,32
4584,47,17
4585,7,34
4586,47,28
4587,2,3
4588,42,48
4589,7,49
4590,27,13
4591,22,39
4592,17,41
4593,27,47
4594,32,22
4595,17,42
4596,12,15
4597,17,42
4598,2,45
4599,17,16
4600,27,13
4601,12,2
4602,7,49
4603,7,43
4604,47,14
4605,12,25
4606,22,12
4607,42,18
4608,22,38
4609,47,17
4610,2,11
4611,27,13
4612,12,9
4613,17,16
4614,32,46
4615,2,45
4616,12,25
4617,32,8
4618,12,2
4619,27,40
4620,7,7
4621,32,44
4622,47,14
4623,7,29
4625,32,22
4626,17,41
4627,2,33
4628,37,1
4629,7,7
4630,37,32
4631,42,48
4632,12,25
4633,37,35
4634,47,14
4635,32,50
4636,37,10
4637,22,5
4638,37,30
4639,32,46
4640,37,32
4641,7,34
4642,27,23
4643,42,26
4644,7,49
4645,47,24
4646,12,2
4647,47,17
4648,42,48
4649,27,19
4650,2,33
4651,32,22
4652,2,31
4653,27,13
4654,12,6
4655,47,21
4656,12,25
4657,47,17
4658,17,4
4659,17,41
4660,47,21
4661,17,41
4662,2,3
4663,12,9
4664,12,9
4665,7,29
4666,12,25
4667,22,39
4668,22,38
4669,2,11
4670,17,42
4671,37,35
4672,47,28
4673,27,13
4674,42,20
4675,2,45
4676,2,11
4678,2,33
4679,37,1
4680,22,12
4681,22,12
4682,12,2
4683,12,2
4684,7,49
4685,2,45
4686,37,30
4687,37,30
4688,27,40
4689,2,33
4690,17,16
4691,42,18
4692,7,49
4694,37,35
4695,17,41
4698,32,22
4699,47,17
4700,37,32
4701,37,10
4702,27,47
4703,42,18
4704,12,9
4705,12,25
4706,37,32
4707,27,40
4708,32,46
4709,7,43
4710,47,21
4711,7,29
4712,42,36
4713,27,19
4714,47,17
4715,27,47
4716,7,49
4717,37,1
4718,7,49
4719,7,7
4720,22,37
4721,27,40
4722,47,21
4723,17,16
4724,32,44
4725,27,47
4726,32,8
4727,27,13
4728,37,35
4729,22,5
4730,47,14
4731,32,50
4732,22,39
4733,7,34
4734,2,31
4735,32,8
4736,42,36
4737,22,12
4738,47,14
4739,42,26
4740,17,4
4741,7,29
4742,2,33
4743,17,16
4744,7,43
4745,12,6
4746,47,28
4747,27,19
4748,22,38
4749,12,25
4750,12,2
4751,12,15
4752,12,2
4753,22,39
4754,22,5
4755,7,7
4756,42,20
4757,7,49
4758,7,29
4759,37,30
4760,32,44
4762,37,1
4763,7,29
4764,7,29
4765,12,2
4766,37,32
4767,37,35
4768,22,39
4769,17,42
4770,32,44
4771,37,32
4772,42,18
4773,12,9
4774,42,18
4775,12,25
4776,22,5
4777,27,47
4778,12,9
4779,22,12
4780,27,23
4781,2,31
4782,7,34
4783,27,47
4784,12,9
4785,32,46
4786,22,37
4787,2,11
4788,32,22
4789,47,28
4790,42,18
4791,37,35
4792,12,2
4793,12,9
4794,12,9
4795,7,29
4796,17,16
4797,42,20
4798,12,6
4799,47,21
4800,22,5
4801,7,43
4802,2,31
4803,7,49
4804,32,50
4805,27,13
4806,22,5
4807,47,14
4808,32,50
4809,12,2
4810,32,50
4811,17,27
4812,42,26
4813,37,1
4814,7,43
4815,27,13
4816,2,45
4817,12,15
4818,47,28
4819,27,47
4820,37,1
4821,37,32
4822,7,43
4823,27,40
4824,22,5
4825,42,48
4826,22,5
4827,27,19
4828,2,11
4829,32,44
4830,42,26
4831,32,8
4832,17,42
4833,17,27
4834,47,21
4835,22,38
4836,2,11
4837,47,14
4838,42,48
4839,37,30
4840,7,29
4841,22,39
4842,17,41
4843,17,16
4844,12,9
4845,22,5
4846,42,36
4847,22,38
4848,2,31
4849,37,32
4850,7,34
4851,7,34
4852,47,21
4853,37,32
4854,7,34
4855,37,1
4856,2,11
4857,27,13
4858,32,22
4859,42,48
4860,2,3
4861,47,21
4862,47,17
4863,2,33
4864,17,4
4865,2,3
4866,2,11
4867,27,13
4868,42,36
4869,37,30
4870,27,13
4871,7,34
4872,22,37
4873,7,29
4874,17,42
4875,17,42
4876,17,4
4877,37,10
4878,12,15
4879,2,11
4880,47,28
4881,2,33
4882,22,5
4883,17,42
4884,22,5
4885,37,10
4886,37,30
4887,27,23
4888,12,2
4889,7,49
4890,22,12
4891,22,39
4892,17,27
4893,2,11
4894,37,32
4895,12,15
4896,27,13
4897,12,15
4898,2,3
4900,22,39
4901,17,4
4902,27,40
4903,17,4
4904,7,29
4905,2,11
4906,32,50
4907,37,32
4908,22,12
4909,37,1
4910,22,12
4911,12,25
4912,12,9
4913,32,22
4914,47,21
4915,47,24
4916,22,38
4917,32,8
4918,27,40
4920,12,15
4921,22,38
4922,17,42
4923,37,35
4924,17,42
4925,2,45
4926,37,35
4927,22,37
4928,22,5
4929,2,11
4930,37,1
4931,2,31
4932,37,32
4933,2,33
4934,27,40
4935,27,19
4936,27,47
4937,7,49
4938,7,49
4939,22,39
4940,2,31
4941,2,11
4942,7,7
4943,22,38
4944,37,32
4945,7,43
4946,12,6
4947,37,32
4948,2,31
4949,37,32
4950,42,26
4951,42,26
4953,22,38
4954,47,17
4955,2,3
4956,2,33
4957,37,35
4958,2,33
4959,7,34
4960,12,9
4961,12,2
4962,12,6
4963,22,12
4964,2,11
4965,17,27
4966,27,40
4967,7,29
4968,2,45
4969,17,41
4970,22,39
4971,17,42
4972,27,13
4973,2,31
4974,27,13
4975,12,25
4976,12,9
4977,42,36
4978,2,33
4979,7,7
4980,42,20
4981,2,45
4982,17,41
4983,37,1
4984,7,43
4985,47,21
4986,17,41
4987,12,15
4988,7,34
4989,27,47
4990,27,13
4991,37,30
4992,2,45
4993,2,11
4994,12,2
4995,42,20
4996,37,1
4998,22,12
4999,17,16
5000,32,44
5001,2,11
5002,32,22
5003,37,10
5004,12,9
5005,27,19
5006,17,41
5007,32,8
5008,42,36
5009,32,50
5010,37,1
5011,7,43
5012,37,30
5013,42,36
5014,12,9
5015,7,29
5016,42,26
5017,22,38
5018,12,9
5019,2,31
5020,47,14
5021,12,9
5022,2,31
5023,27,40
5024,42,18
5025,37,10
5026,12,2
5027,27,47
5028,42,26
5029,32,50
5030,22,5
5031,22,39
5032,22,39
5033,32,8
5034,27,40
5035,42,48
5036,22,38
5037,32,44
5038,27,40
5039,27,23
5040,27,40
5041,32,46
5042,17,16
5043,22,37
5045,17,4
5046,2,11
5047,7,29
5048,37,10
5049,2,3
5050,47,14
5051,17,4
5052,27,13
5053,17,27
5054,22,38
5055,17,41
5056,47,28
5057,2,45
5058,47,28
5059,22,5
5060,17,27
5061,42,48
5062,37,1
5063,12,2
5064,7,29
5065,17,42
5066,32,46
5067,2,31
5068,17,27
5069,22,38
5070,37,35
5071,12,25
5072,42,36
5073,32,50
5074,27,40
5075,12,25
5076,42,20
5077,32,22
5078,42,48
5079,22,37
5080,37,10
5082,37,35
5083,42,48
5084,32,46
5085,7,34
5086,47,17
5087,7,43
5088,12,2
5089,12,6
5090,47,21
5091,17,41
5092,32,50
5093,2,33
5094,12,9
5095,37,32
5096,47,21
5097,7,7
5098,12,25
5099,22,12
5100,32,50
5101,47,21
5102,42,26
5103,17,27
5105,37,32
5106,22,39
5107,42,20
5108,37,1
5109,7,43
5110,27,47
5111,17,42
5112,12,9
5113,22,39
5114,37,10
5115,12,15
5116,2,45
5117,47,14
5118,27,13
5119,2,45
5120,17,4
5121,27,13
5122,42,20
5123,7,34
5124,27,13
5125,22,12
5126,32,44
5127,42,20
5128,22,38
5129,42,48
5130,17,4
5131,32,50
5132,17,4
5133,22,12
5134,37,35
5135,42,48
5136,7,7
5137,22,37
5138,27,19
5139,47,24
5140,32,22
5141,2,31
5142,17,4
5143,2,45
5144,37,32
5145,32,44
5146,2,31
5147,7,29
5148,12,15
5149,47,17
5150,32,8
5151,47,17
5152,32,8
5153,12,6
5154,2,33
5155,7,49
5156,2,33
5157,37,10
5158,42,18
5159,42,20
5161,32,22
5163,47,17
5164,37,1
5165,42,48
5166,47,28
5167,42,20
5168,32,46
5169,47,28
5170,7,34
5171,32,22
5172,22,12
5173,27,13
5174,22,38
5175,12,25
5176,7,7
5177,37,1
5178,22,12
5179,47,21
5180,17,27
5181,22,12
5182,27,40
5183,22,39
5184,7,7
5186,2,3
5187,7,7
5188,17,41
5189,32,8
5190,37,35
5191,22,38
5192,32,22
5193,37,32
5194,42,36
5195,2,11
5196,32,50
5197,22,12
5198,12,15
5199,42,26
5200,32,50
5202,27,47
5203,17,41
5204,42,20
5205,2,11
5206,27,40
5208,37,35
5209,37,1
5210,47,14
5211,12,25
5212,17,27
5213,42,36
5214,27,13
5215,37,32
5216,2,45
5217,47,14
5218,37,1
5219,17,41
5220,42,18
5221,37,35
5222,22,5
5223,2,33
5224,7,7
5225,32,50
5226,47,24
5227,32,46
5228,32,22
5229,22,38
5230,27,23
5231,37,35
5232,22,5
5234,12,9
5236,42,36
5237,12,6
5238,32,44
5239,7,43
5240,42,36
5241,42,36
5242,17,16
5243,27,19
5244,32,50
5246,7,34
5247,37,10
5248,7,7
5249,7,29
5250,47,28
5251,37,32
5252,32,22
5253,47,28
5254,2,45
5255,42,36
5256,37,10
5257,22,37
5258,7,7
5259,7,7
5260,2,11
5261,42,20
5262,22,5
5263,17,41
5264,7,29
5265,12,6
5266,37,35
5267,37,1
5268,32,22
5269,22,37
5270,42,18
5271,42,26
5272,17,41
5273,32,22
5274,22,39
5275,47,21
5276,17,16
5277,47,28
5278,17,4
5279,32,46
5280,27,19
5281,12,9
5282,27,47
5283,22,38
5284,22,5
5285,42,36
5286,7,49
5287,27,19
5288,22,37
5289,17,4
5290,17,27
5291,22,37
5292,2,3
5293,22,37
5294,7,49
5295,2,3
5296,22,12
5297,2,3
5298,17,4
5299,22,39
5301,17,42
5302,7,34
5303,37,32
5304,17,16
5305,2,45
5306,17,41
5307,2,11
5308,22,37
5310,27,47
5311,42,18
5312,2,45
5313,22,5
5314,27,23
5315,37,35
5316,17,27
5317,2,33
5318,42,26
5319,17,42
5320,2,45
5321,12,6
5322,17,27
5323,12,25
5324,7,49
5325,17,41
5326,42,48
5327,42,36
5328,22,5
5329,22,37
5331,17,41
5332,27,19
5333,42,36
5334,47,14
5335,12,9
5336,7,43
5337,37,1
5338,2,33
5339,22,12
5340,27,13
5341,7,49
5342,7,34
5343,12,15
5344,42,20
5345,27,47
5346,17,4
5347,27,40
5348,42,20
5349,17,4
5350,32,46
5352,7,7
5353,2,33
5354,22,12
5355,27,47
5356,47,24
5357,42,48
5358,27,23
5359,2,3
5360,12,9
5361,22,39
5362,27,13
5363,2,11
5364,32,50
5365,7,43
5366,12,9
5367,7,29
5368,27,13
5369,17,27
5370,32,22
5371,27,13
5372,2,11
5373,22,37
5374,37,35
5375,47,17
5376,2,31
5377,2,33
5378,22,12
5379,32,22
5380,47,24
5381,12,25
5382,2,3
5383,7,34
5384,37,10
5385,7,43
5386,7,29
5387,27,47
5388,22,5
5389,22,37
5390,12,25
5391,17,42
5392,12,6
5393,2,11
5394,7,7
5396,27,23
5397,7,34
5398,32,44
5399,32,46
5400,12,9
5401,7,29
5402,2,3
5403,27,13
5405,7,43
5406,17,27
5407,37,30
5408,12,15
5410,22,12
5411,47,28
5412,22,12
5413,47,17
5414,2,33
5415,47,14
5416,22,38
5417,22,12
5418,12,9
5419,27,47
5420,47,14
5421,37,30
5422,32,46
5424,2,45
5425,17,42
5426,17,27
5427,47,24
5428,12,25
5429,37,32
5430,17,41
5431,47,24
5432,22,38
5433,37,32
5434,17,16
5435,37,1
5436,12,9
5437,27,47
5438,17,4
5439,27,23
5440,42,48
5441,22,37
5442,12,2
5443,2,3
5444,2,33
5445,17,27
5446,42,36
5447,12,25
5448,47,17
5449,12,6
5450,32,8
5451,7,29
5452,42,20
5453,7,34
5454,37,30
5456,22,5
5457,47,17
5458,22,37
5459,22,38
5460,42,48
5461,17,27
5462,22,37
5463,27,23
5464,7,34
5466,27,47
5467,32,46
5469,12,9
5470,37,32
5471,47,21
5472,2,33
5473,32,50
5474,32,46
5475,27,47
5476,27,47
5477,32,8
5478,2,3
5479,37,30
5481,2,33
5482,2,3
5483,2,45
5484,2,33
5485,7,7
5486,7,43
5487,17,42
5489,42,26
5490,17,42
5491,12,15
5492,2,33
5493,47,28
5494,37,10
5495,22,5
5496,2,11
5497,32,8
5498,47,28
5499,32,22
5500,42,48
5501,7,29
5502,37,32
5503,37,32
5505,37,30
5506,7,49
5507,7,29
5509,12,6
5510,2,11
5511,42,48
5512,47,28
5513,37,30
5514,47,24
5515,37,1
5516,12,15
5517,17,4
5518,27,13
5519,47,28
5520,12,25
5521,7,29
5522,37,32
5523,32,46
5524,47,17
5525,22,12
5526,42,20
5527,7,34
5528,47,21
5529,12,6
5531,42,26
5532,37,30
5533,17,16
5535,12,9
5536,17,41
5537,17,27
5538,27,23
5539,17,27
5540,2,3
5541,47,14
5542,42,36
5543,37,1
5544,42,26
5545,22,39
5547,17,27
5548,47,28
5549,47,14
5550,7,29
5551,32,8
5552,7,34
5553,47,24
5554,17,4
5555,32,22
5556,22,5
5557,2,3
5558,37,10
5559,2,45
5560,42,26
5561,2,3
5562,12,15
5563,12,2
5564,37,32
5566,7,34
5567,27,40
5568,42,20
5569,37,10
5570,22,38
5571,47,14
5572,37,1
5573,12,6
5574,47,21
5575,12,15
5576,17,42
5577,47,21
5578,42,18
5579,22,5
5581,27,13
5582,7,7
5583,47,28
5584,2,11
5585,42,20
5587,37,30
5588,2,3
5589,12,9
5590,37,10
5591,17,27
5592,27,19
5593,27,47
5595,2,11
5596,32,46
5597,32,50
5598,2,45
5599,37,30
5600,17,41
5601,42,18
5602,22,5
5603,7,29
5604,27,40
5606,42,26
5608,2,31
5609,2,45
5610,17,27
5611,27,19
5612,12,6
5613,12,25
5614,2,11
5615,17,41
5616,42,20
5617,17,41
5618,12,6
5619,42,26
5620,17,16
5621,17,16
5622,27,47
5623,27,23
5624,47,24
5625,7,34
5627,12,25
5628,37,35
5629,47,21
5630,32,44
5631,32,8
5632,42,20
5633,2,45
5634,7,49
5635,12,9
5636,2,33
5637,47,24
5638,17,4
5639,37,1
5640,47,14
5641,42,48
5642,32,8
5643,47,14
5644,47,28
5645,7,29
5646,7,34
5647,12,15
5648,22,5
5649,2,31
5650,7,43
5651,17,27
5652,22,37
5653,12,6
5655,47,14
5656,17,42
5657,47,21
5658,7,29
5659,22,37
5660,42,48
5661,27,23
5662,7,43
5663,7,29
5664,22,39
5665,32,46
5666,37,30
5667,7,49
5669,37,35
5672,47,24
5674,42,36
5675,27,19
5676,37,30
5677,27,40
5678,32,8
5679,42,18
5680,47,24
5681,2,31
5682,37,1
5683,32,50
5684,37,10
5685,12,25
5686,7,29
5687,32,22
5688,37,30
5690,47,28
5691,7,43
5692,42,18
5693,47,28
5695,17,4
5696,32,50
5697,22,39
5698,22,5
5699,12,9
5700,22,37
5701,47,24
5702,7,43
5703,37,32
5704,37,1
5705,12,15
5706,17,41
5707,2,3
5708,17,42
5709,37,35
5710,12,2
5711,37,35
5712,12,9
5714,22,37
5715,37,30
5716,42,18
5718,22,38
5719,7,29
5720,22,5
5721,2,31
5722,17,16
5723,47,24
5724,42,48
5725,7,43
5726,2,45
5727,2,33
5728,22,37
5729,27,47
5730,42,36
5731,12,25
5732,2,33
5733,22,12
5734,17,41
5735,47,24
5736,47,28
5737,2,45
5738,42,26
5739,22,37
5740,47,28
5741,7,43
5742,17,27
5743,47,17
5744,47,21
5745,7,7
5746,42,36
5747,22,38
5748,22,5
5749,12,2
5750,27,19
5752,2,3
5753,17,42
5754,37,35
5755,17,4
5756,32,44
5757,7,7
5758,42,26
5760,12,2
5761,17,42
5762,27,23
5763,37,1
5764,42,36
5766,37,32
5767,42,20
5768,2,11
5769,22,39
5771,37,30
5772,32,44
5773,47,14
5774,12,25
5775,17,27
5776,37,35
5778,2,45
5779,32,50
5780,12,9
5781,32,22
5783,12,6
5784,47,17
5785,32,46
5786,12,2
5787,37,30
5788,32,22
5789,47,24
5790,17,16
5791,37,35
5792,12,6
5793,12,2
5794,12,2
5795,32,22
5796,27,19
5797,27,13
5798,2,45
5799,47,17
5800,22,37
5801,2,33
5802,22,12
5803,2,3
5804,22,38
5805,42,20
5806,27,23
5807,2,33
5809,22,37
5810,27,23
5811,7,7
5812,7,34
5813,12,6
5814,17,16
5815,27,23
5816,37,30
5817,17,4
5818,42,20
5819,12,6
5820,37,30
5821,47,14
5822,12,6
5823,2,3
5824,2,45
5825,2,3
5826,27,13
5827,17,16
5828,37,10
5829,32,8
5830,37,10
5831,12,2
5833,7,34
5834,12,6
5836,12,6
5837,27,40
5838,37,1
5839,7,34
5840,7,34
5841,7,29
5842,32,46
5843,7,29
5844,17,16
5845,12,2
5846,32,50
5848,42,48
5849,32,22
5850,42,36
5851,7,29
5852,32,46
5853,42,20
5854,12,6
5855,22,5
5856,42,48
5857,17,16
5858,47,17
5859,17,16
5860,17,42
5861,7,29
5863,17,16
5864,32,46
5865,17,4
5866,37,1
5867,47,24
5868,2,11
5869,7,29
5870,17,16
5871,7,29
5872,27,23
5873,37,30
5874,7,34
5875,27,40
5876,12,25
5877,2,3
5878,32,22
5879,42,48
5880,17,4
5881,27,13
5882,27,19
5883,7,49
5884,37,10
5885,27,40
5886,27,13
5887,27,13
5888,47,21
5889,37,30
5890,17,4
5891,42,48
5892,27,23
5894,37,1
5895,47,21
5896,42,36
5897,17,42
5898,27,47
5899,2,3
5900,22,38
5901,32,46
5902,47,24
5903,32,22
5904,12,9
5905,37,32
5906,32,44
5908,37,10
5909,32,50
5910,12,6
5911,42,18
5912,37,35
5913,7,34
5914,2,3
5916,32,22
5917,7,7
5918,32,8
5919,7,49
5920,42,48
5921,12,25
5922,2,45
5924,42,48
5925,27,19
5926,27,23
5927,7,29
5928,47,28
5929,7,29
5930,32,8
5931,47,14
5932,27,47
5933,32,44
5934,22,12
5935,32,50
5936,27,40
5937,47,17
5938,42,36
5939,2,33
5940,47,28
5942,37,35
5943,12,2
5944,27,47
5945,27,40
5946,2,33
5947,22,39
5948,17,4
5949,2,3
5950,12,15
5952,32,8
5953,17,4
5954,7,29
5955,7,7
5956,32,44
5957,32,46
5958,37,1
5959,32,50
5960,7,34
5961,22,38
5963,27,19
5964,2,11
5965,12,2
5966,17,42
5968,37,32
5969,17,41
5970,12,6
5971,32,50
5972,12,15
5973,27,23
5974,7,29
5975,12,25
5976,27,47
5977,42,48
5978,37,35
5979,12,25
5980,27,47
5981,7,49
5982,42,18
5984,42,36
5985,47,17
5986,17,42
5987,7,49
5988,22,12
5989,12,2
5990,2,45
5991,42,20
5992,7,43
5993,12,6
5994,47,17
5995,27,47
5997,7,29
5998,12,2
5999,12,15
6000,12,9
6001,42,36
6002,37,35
6003,2,11
6005,32,44
6006,22,38
6007,2,33
6008,7,29
6009,47,28
6011,37,35
6012,47,28
6013,27,47
6014,7,7
6015,47,24
6016,32,22
6017,7,34
6018,32,46
6019,2,45
6020,47,21
6022,37,10
6024,12,15
6025,17,4
6026,27,13
6027,2,31
6028,32,8
6029,32,46
6030,37,30
6031,17,42
6032,32,44
6034,2,3
6035,32,44
6036,17,4
6037,37,1
6039,12,25
6040,27,13
6041,12,25
6042,47,17
6043,22,5
6044,27,19
6045,12,15
6046,47,28
6047,32,22
6048,2,3
6050,42,26
6051,22,38
6052,27,47
6053,7,43
6054,17,4
6055,2,31
6056,7,43
6058,37,30
6059,22,37
6061,17,27
6062,22,12
6063,22,5
6065,17,41
6066,7,7
6067,22,37
6069,27,19
6070,32,22
6071,42,48
6072,47,24
6074,27,40
6075,32,8
6076,12,6
6077,12,25
6078,42,36
6079,2,11
6080,22,38
6081,47,21
6082,2,45
6083,32,46
6085,12,15
6086,37,1
6087,22,37
6088,7,34
6089,47,28
6090,22,39
6091,2,45
6092,2,45
6093,32,50
6095,7,29
6096,42,20
6097,22,37
6098,12,15
6099,12,2
6100,7,34
6101,22,39
6102,7,49
6103,22,39
6104,17,27
6105,2,33
6106,22,38
6108,32,44
6109,37,30
6110,42,26
6111,42,36
6112,17,16
6113,37,32
6114,2,11
6115,7,29
6116,12,25
6117,37,32
6119,47,21
6120,27,19
6121,37,32
6122,17,41
6123,27,40
6125,27,40
6126,37,10
6127,17,27
6128,12,9
6129,17,41
6131,37,35
6132,47,24
6133,32,50
6135,47,14
6136,37,35
6137,27,23
6138,17,4
6139,37,10
6140,42,20
6141,32,46
6142,42,48
6143,17,4
6144,2,45
6145,27,23
6146,32,46
6147,17,4
6148,32,50
6149,47,24
6150,47,21
6151,7,43
6152,37,10
6153,17,4
6154,32,8
6155,17,16
6156,7,34
6157,27,19
6158,17,4
6159,37,1
6160,17,42
6161,7,34
6162,42,20
6163,12,9
6164,47,28
6165,7,34
6167,37,32
6168,42,48
6169,2,3
6170,22,38
6171,32,50
6172,17,41
6173,47,28
6175,42,26
6177,47,14
6178,22,5
6179,27,47
6182,32,8
6184,22,38
6185,32,22
6187,32,44
6188,2,11
6189,22,5
6190,42,26
6191,7,29
6192,12,2
6193,27,19
6194,22,37
6195,37,10
6196,42,20
6197,27,23
6198,22,37
6199,47,17
6200,32,46
6201,47,14
6202,27,40
6203,32,22
6204,27,19
6205,12,9
6206,42,18
6207,42,48
6208,17,42
6209,37,1
6210,27,47
6211,7,49
6212,2,31
6213,42,20
6214,47,28
6216,22,37
6217,32,44
6218,42,18
6219,12,15
6220,7,34
6221,12,25
6222,32,46
6223,17,27
6224,7,7
6225,12,2
6226,22,37
6227,37,35
6228,22,5
6229,17,27
6230,2,3
6231,12,15
6232,27,13
6233,27,40
6234,42,48
6235,42,36
6236,42,20
6237,2,11
6238,32,46
6239,7,29
6240,42,48
6241,7,29
6242,17,42
6243,12,2
6244,47,14
6247,17,4
6248,32,8
6249,27,13
6250,12,15
6251,12,2
6252,37,35
6253,7,43
6254,42,20
6255,22,12
6257,12,6
6258,22,39
6259,17,27
6260,37,1
6261,2,33
6262,17,27
6263,47,14
6265,12,2
6266,32,44
6267,27,13
6268,2,11
6269,2,33
6270,2,45
6271,22,38
6272,47,21
6273,32,44
6274,22,39
6275,47,28
6276,47,17
6277,22,39
6278,17,41
6279,22,38
6280,7,49
6281,2,45
6282,7,49
6283,47,17
6284,2,3
6285,37,1
6287,17,4
6288,37,32
6289,22,38
6290,27,23
6291,32,22
6292,27,40
6293,17,4
6294,17,16
6295,37,35
6296,42,20
6297,17,27
6299,37,10
6300,7,49
6301,27,19
6303,27,23
6304,22,37
6305,42,20
6306,17,27
6307,7,43
6308,32,46
6309,47,21
6311,42,48
6312,42,20
6313,2,3
6315,37,30
6316,47,28
6317,17,16
6318,47,17
6319,47,14
6320,32,46
6321,12,2
6322,42,48
6323,27,23
6324,22,37
6325,22,38
6326,42,36
6327,27,40
6328,12,2
6329,37,32
6330,2,45
6331,32,22
6332,47,24
6333,32,44
6334,17,42
6335,27,19
6336,37,32
6337,27,13
6338,22,5
6339,7,29
6340,22,39
6341,17,4
6342,32,46
6343,37,1
6344,47,14
6347,27,47
6348,7,29
6349,32,50
6350,42,20
6351,22,39
6352,17,16
6354,2,33
6355,47,21
6357,37,35
6358,7,43
6360,47,17
6361,37,35
6362,47,28
6364,42,20
6365,42,48
6366,42,48
6368,37,30
6369,32,22
6370,2,3
6371,17,16
6372,42,36
6376,27,13
6377,2,33
6378,32,22
6379,32,46
6380,32,8
6381,17,4
6382,17,4
6383,27,40
6384,42,20
6385,32,44
6386,12,2
6387,22,5
6389,22,12
6390,42,18
6391,47,17
6392,17,16
6393,22,39
6394,12,2
6395,32,46
6396,22,37
6397,37,32
6399,7,49
6400,47,28
6402,37,1
6403,27,40
6405,22,37
6407,32,8
6408,47,24
6409,37,30
6410,17,16
6411,37,32
6412,7,49
6413,22,37
6414,17,4
6415,27,19
6416,22,12
6417,17,4
6418,7,49
6419,12,2
6420,32,44
6421,17,27
6422,32,46
6423,17,42
6424,42,18
6425,2,45
6426,2,11
6427,22,12
6428,27,13
6429,42,48
6430,42,36
6431,42,18
6432,7,34
6433,22,5
6434,37,10
6435,2,31
6436,27,23
6437,42,18
6438,47,21
6439,22,12
6440,2,3
6441,27,23
6442,27,47
6444,2,11
6445,7,34
6446,42,18
6447,47,28
6448,2,31
6449,32,8
6451,2,45
6452,27,23
6453,37,32
6454,27,13
6457,22,39
6458,37,10
6459,27,19
6460,22,38
6461,7,7
6462,7,49
6463,7,7
6465,27,23
6467,32,8
6468,32,46
6469,12,25
6470,47,24
6472,22,37
6473,37,30
6474,7,29
6476,42,48
6477,42,20
6478,17,42
6479,32,46
6480,12,9
6482,17,42
6483,42,26
6484,27,40
6485,42,18
6486,12,6
6487,17,16
6488,47,17
6490,12,2
6491,7,34
6492,2,45
6494,47,14
6495,42,26
6496,22,37
6497,17,41
6498,2,11
6499,22,38
6500,27,47
6501,7,7
6502,12,9
6504,32,50
6505,32,50
6507,42,26
6509,27,47
6510,37,35
6511,2,3
6512,7,7
6513,2,45
6515,17,4
6516,42,20
6517,12,9
6518,32,44
6519,2,11
6520,17,4
6521,12,6
6522,32,46
6523,27,13
6524,2,33
6525,42,26
6526,27,40
6527,7,34
6528,37,10
6529,17,27
6530,27,19
6532,42,48
6533,42,26
6534,7,7
6535,2,31
6536,42,48
6537,22,5
6538,7,29
6539,42,36
6540,7,29
6542,42,26
6543,22,37
6544,17,16
6545,12,6
6546,47,17
6547,47,24
6549,27,23
6550,2,11
6551,7,29
6552,37,30
6553,47,24
6555,17,42
6556,22,5
6557,37,32
6558,37,35
6560,7,49
6561,27,47
6563,7,7
6564,47,17
6565,12,25
6566,7,29
6567,12,15
6569,12,2
6570,27,13
6572,2,45
6574,42,18
6575,2,33
6576,17,27
6577,12,9
6579,42,20
6580,47,28
6581,27,40
6582,2,45
6583,7,43
6585,17,4
6587,42,48
6588,42,48
6589,42,26
6591,7,34
6592,37,30
6593,17,16
6594,37,10
6595,32,46
6596,12,6
6597,37,32
6598,27,47
6599,7,49
6600,2,11
6602,7,34
6603,42,18
6604,2,45
6605,32,8
6606,7,49
6607,47,24
6608,7,29
6610,47,14
6611,12,9
6612,27,23
6613,47,28
6614,42,26
6615,27,19
6616,22,37
6617,47,17
6619,27,19
6620,27,47
6621,17,41
6622,22,39
6623,2,3
6624,32,22
6628,47,14
6629,7,49
6632,37,30
6633,2,11
6634,42,48
6635,12,25
6636,22,38
6637,12,9
6638,2,31
6639,32,50
6640,12,2
6643,42,18
6644,42,36
6646,27,13
6647,42,18
6648,27,47
6649,7,29
6650,12,2
6651,12,9
6652,42,20
6653,47,28
6654,32,44
6656,7,29
6657,2,45
6658,7,29
6659,32,22
6662,2,11
6663,2,33
6664,7,29
6666,27,47
6667,27,19
6668,2,31
6669,32,44
6671,12,6
6673,7,29
6674,17,41
6678,7,43
6679,12,15
6681,42,18
6682,7,43
6683,37,1
6685,27,19
6686,37,35
6687,42,18
6688,22,12
6689,7,29
6691,17,4
6692,2,45
6693,22,37
6694,32,22
6695,37,35
6696,37,35
6697,27,23
6699,27,40
6700,42,48
6701,47,17
6702,37,30
6703,42,36
6705,2,11
6707,32,50
6708,27,23
6709,42,26
6711,27,40
6712,47,28
6713,42,36
6715,12,2
6716,17,42
6717,12,6
6718,7,43
6719,32,44
6721,32,46
6722,7,7
6723,47,21
6724,27,40
6725,37,35
6726,7,43
6727,22,12
6728,27,40
6730,47,14
6731,7,34
6732,2,11
6734,22,37
6735,47,17
6736,2,31
6738,37,10
6740,7,7
6741,7,34
6742,12,2
6743,27,13
6744,12,2
6745,27,13
6747,7,7
6748,37,32
6749,22,12
6751,27,40
6753,2,11
6754,47,14
6755,7,43
6757,42,48
6758,17,41
6759,12,25
6760,42,26
6763,2,11
6764,42,36
6765,42,20
6766,27,13
6767,17,27
6768,22,37
6769,37,1
6772,22,37
6774,22,37
6777,32,22
6778,32,50
6779,2,11
6780,17,27
6781,47,14
6782,32,46
6783,7,49
6784,7,34
6785,22,12
6786,32,8
6789,17,42
6792,47,21
6793,22,5
6794,2,11
6795,7,7
6796,47,24
6797,12,2
6799,17,16
6800,47,24
6801,7,34
6802,37,32
6803,47,28
6804,12,25
6805,22,38
6806,2,31
6807,7,29
6808,27,19
6809,27,47
6811,7,49
6812,7,43
6813,17,27
6814,47,28
6815,47,21
6816,17,42
6820,7,29
6821,27,40
6822,32,46
6824,32,22
6825,42,26
6828,12,9
6829,12,25
6830,22,39
6831,12,9
6832,2,11
6833,12,25
6834,2,3
6835,12,2
6836,12,9
6837,37,35
6839,32,46
6840,17,42
6841,22,39
6842,22,12
6846,7,34
6847,27,19
6848,27,19
6849,7,34
6850,42,26
6851,47,24
6852,17,42
6853,7,43
6854,12,6
6858,12,15
6859,22,12
6861,7,49
6862,47,28
6863,17,42
6864,2,33
6866,7,49
6867,42,26
6868,17,42
6869,37,32
6871,27,40
6872,7,49
6877,27,23
6879,27,23
6880,37,10
6881,27,19
6884,22,12
6885,22,39
6886,47,28
6887,42,20
6888,2,45
6892,22,39
6893,22,37
6894,22,12
6895,7,29
6896,27,40
6898,2,45
6900,42,36
6901,12,2
6902,12,25
6903,42,26
6904,22,39
6906,42,26
6908,47,24
6909,27,47
6910,17,27
6911,42,48
6912,2,3
6914,32,8
6919,27,19
6921,12,15
6923,37,30
6926,2,31
6928,42,18
6930,7,7
6931,2,11
6932,27,47
6933,17,27
6934,32,46
6935,27,13
6936,17,42
6937,27,40
6938,32,46
6939,2,31
6941,42,48
6942,42,20
6943,27,19
6944,12,9
6946,32,50
6948,42,18
6949,32,46
6951,37,10
6954,32,46
6955,32,44
6957,27,13
6958,47,14
6959,27,47
6960,12,2
6961,12,6
6962,12,25
6963,2,11
6964,17,27
6965,17,27
6966,17,27
6967,32,46
6968,2,11
6971,7,7
6972,7,34
6973,42,18
6974,47,14
6977,12,9
6978,22,5
6980,12,25
6982,42,20
6983,7,49
6984,22,5
6985,22,12
6986,37,1
6987,2,11
6988,32,8
6989,2,31
6991,37,1
6992,27,23
6994,42,20
6995,17,16
6997,42,20
6999,47,28
7001,47,14
7002,37,10
7004,17,42
7005,17,42
7006,32,8
7007,17,16
7008,27,13
7012,2,33
7015,47,28
7016,17,4
7017,7,43
7019,47,28
7021,17,42
7025,32,44
7026,27,23
7027,47,17
7029,27,23
7030,7,49
7033,27,19
7034,12,15
7035,17,42
7036,27,40
7038,42,48
7039,7,29
7041,17,16
7043,32,8
7044,42,36
7045,47,17
7046,37,10
7048,47,28
7050,2,3
7051,17,16
7052,17,27
7053,17,42
7055,17,27
7058,32,46
7059,32,46
7060,37,30
7061,37,32
7062,22,38
7063,47,28
7066,7,49
7067,22,5
7070,17,4
7071,12,6
7073,17,27
7075,7,43
7076,42,48
7077,17,16
7081,2,3
7084,27,19
7085,37,30
7087,37,30
7088,7,7
7089,47,14
7090,17,4
7091,37,30
7092,22,39
7094,22,39
7095,2,45
7096,47,14
7097,27,40
7099,12,15
7100,42,18
7101,12,9
7102,42,18
7103,47,24
7104,27,40
7106,2,45
7107,2,11
7109,12,9
7110,27,47
7111,27,40
7112,42,18
7114,42,18
7115,32,46
7117,17,4
7118,17,4
7119,7,49
7120,17,41
7121,22,12
7122,17,42
7124,27,19
7125,32,8
7127,7,29
7128,42,20
7130,7,7
7131,12,25
7133,37,30
7134,12,2
7135,32,44
7136,12,2
7138,22,5
7139,37,10
7140,32,50
7141,12,9
7144,22,37
7146,47,21
7147,42,20
7148,17,42
7149,37,1
7154,47,17
7155,22,12
7156,47,17
7157,2,11
7158,22,38
7159,47,21
7160,2,31
7162,7,43
7163,2,45
7164,2,45
7165,12,2
7167,2,45
7169,12,6
7170,22,37
7174,22,39
7176,42,48
7177,17,16
7180,37,30
7182,42,36
7188,37,35
7190,32,50
7193,27,23
7196,2,31
7197,27,47
7199,12,2
7200,42,20
7201,42,48
7204,17,41
7205,37,32
7208,7,29
7210,27,23
7211,27,40
7212,32,46
7213,32,50
7215,12,6
7216,47,24
7218,17,4
7220,7,43
7221,2,11
7223,27,19
7224,27,40
7225,12,2
7226,2,45
7227,12,15
7228,47,14
7229,32,50
7230,2,11
7231,17,42
7232,27,40
7233,7,34
7234,47,21
7235,47,21
7236,22,37
7237,37,35
7238,37,30
7240,42,26
7241,27,13
7242,37,35
7243,47,28
7244,12,9
7245,7,34
7246,27,13
7247,47,28
7249,22,37
7250,42,18
7251,2,11
7253,17,41
7255,42,20
7256,27,13
7258,27,19
7261,22,38
7262,27,23
7263,27,47
7269,12,25
7270,37,35
7272,17,4
7276,12,9
7277,17,4
7278,17,27
7279,22,38
7281,7,49
7284,42,26
7285,47,24
7287,7,29
7289,2,45
7291,27,19
7292,12,6
7294,17,41
7295,22,37
7296,47,28
7298,2,45
7299,47,24
7303,7,43
7305,27,23
7306,32,22
7307,37,35
7311,7,43
7312,27,40
7315,27,47
7316,27,40
7317,2,45
7322,27,40
7323,32,46
7325,12,6
7327,37,10
7328,2,3
7329,7,43
7330,32,46
7332,17,42
7336,47,17
7337,37,30
7339,12,15
7340,17,4
7341,22,12
7342,22,37
7343,27,19
7345,12,6
7346,2,11
7348,7,29
7350,47,21
7351,42,26
7352,32,22
7353,12,6
7355,17,42
7357,22,5
7358,12,2
7361,42,36
7367,12,6
7368,42,18
7370,27,19
7371,42,18
7373,17,27
7375,32,46
7376,17,41
7377,47,24
7378,12,2
7384,12,9
7386,17,27
7388,22,37
7391,22,39
7392,27,47
7393,17,4
7395,22,39
7396,32,50
7397,42,26
7398,42,18
7399,42,48
7400,17,4
7401,37,1
7402,12,25
7403,27,47
7405,2,31
7406,32,8
7407,17,42
7408,37,30
7409,12,6
7410,47,14
7411,22,12
7415,32,8
7418,17,27
7419,47,17
7421,37,10
7422,37,35
7426,17,42
7428,32,44
7430,2,3
7432,7,7
7433,22,12
7434,17,27
7435,17,16
7438,47,28
7439,7,43
7441,2,3
7442,17,4
7443,12,9
7444,2,33
7445,47,17
7446,12,6
7448,7,34
7450,7,43
7452,27,13
7453,42,20
7456,2,3
7457,22,39
7458,12,6
7459,7,7
7461,42,18
7462,32,46
7463,37,32
7465,27,47
7467,42,20
7469,42,26
7470,47,24
7472,32,44
7478,37,10
7480,42,36
7482,37,30
7485,47,21
7487,17,42
7489,37,30
7493,37,35
7495,17,41
7496,17,27
7498,2,45
7499,27,40
7500,37,30
7502,37,10
7505,42,36
7506,27,47
7507,17,41
7509,12,25
7510,12,2
7511,27,47
7513,42,20
7518,42,20
7519,12,9
7520,27,19
7521,47,21
7524,27,47
7528,42,48
7530,47,28
7535,27,13
7538,22,37
7542,12,2
7547,47,14
7549,47,28
7550,12,25
7554,47,14
7557,12,25
7558,37,30
7564,17,41
7567,27,13
7569,37,10
7570,42,20
7571,27,19
7572,37,32
7573,42,26
7579,32,8
7583,47,21
7585,37,10
7587,32,44
7588,12,2
7590,7,49
7595,37,30
7597,27,19
7603,37,30
7606,22,37
7615,47,24
7617,32,22
7620,32,22
7622,12,15
7624,32,44
7626,37,1
7627,27,23
7629,7,49
7631,7,34
7633,47,24
7635,17,4
7642,32,8
7646,2,11
7648,7,43
7654,17,41
7656,32,8
7660,42,36
7662,32,22
7664,2,11
7665,2,3
7666,42,20
7667,12,15
7670,12,25
7671,32,46
7673,2,33
7679,22,39
7681,2,31
7689,27,19
7691,17,4
7694,27,40
7696,17,42
7697,42,18
7698,12,9
7699,32,50
7700,12,15
7701,37,30
7708,17,27
7709,32,8
7710,27,47
7714,2,3
7720,47,24
7722,32,8
7723,32,44
7726,7,7
7727,27,13
7730,17,16
7732,37,35
7738,27,47
7741,2,3
7744,2,45
7748,12,9
7749,37,10
7756,2,45
7757,47,21
7759,17,4
7760,27,19
7762,27,47
7763,22,38
7766,42,26
7768,22,39
7773,12,6
7774,27,23
7777,32,50
7781,17,27
7783,37,10
7785,47,28
7790,37,30
7791,32,8
7792,7,29
7794,17,4
7796,27,47
7797,37,10
7802,17,16
7807,22,37
7808,7,29
7809,32,46
7812,17,4
7821,42,26
7823,12,25
7824,27,47
7825,32,44
7838,12,25
7839,27,13
7840,42,48
7844,17,4
7847,17,42
7849,7,49
7856,47,21
7861,47,21
7863,22,12
7866,22,37
7867,17,41
7877,27,40
7878,42,36
7881,2,45
7886,7,43
7887,27,13
7888,32,50
7889,12,6
7890,7,43
7894,27,47
7896,12,9
7902,2,11
7907,12,9
7918,27,23
7919,27,13
7923,7,34
7925,27,47
7926,42,20
7935,17,16
7940,22,12
7943,32,8
7944,47,21
7964,47,28
7965,32,8
7967,12,15
7970,42,36
7972,47,24
7973,7,43
7978,7,29
7984,12,25
7986,42,18
7988,12,15
7991,7,43
7996,7,43
8004,32,8
8008,37,1
8012,37,32
8016,47,24
8027,17,4
8029,47,21
8030,12,6
8035,32,50
8041,7,49
8043,2,11
8046,22,37
8060,42,48
8064,2,45
8094,12,2
8105,37,32
8127,12,6
8128,37,35
8130,2,3
8141,27,47
8163,12,25
